,date,hospital_beds_total,hospital_beds_occupied,hospital_beds_vacant,covid_care_center_beds_total,covid_care_center_beds_occupied,covid_care_center_beds_vacant,covid_health_center_beds_total,covid_health_center_beds_occupied,covid_health_center_beds_vacant,home_isolation_count,cases_positive,positivity_rate,cases_recovered,deaths,rise_in_case,day,month
0,30-06-2020,13661,5912,7749,7869,1686,6183,544,233,311,16240,2199,,2113,62,86,Tuesday,Jun-20
1,29-06-2020,13411,5977,7434,7869,1615,6254,544,241,303,16329,2084,,3628,57,-1544,Monday,Jun-20
2,28-06-2020,13411,6014,7397,5909,1558,4351,344,238,106,17148,2889,,3306,65,-417,Sunday,Jun-20
3,27-06-2020,13411,6068,7343,5909,1700,4209,344,232,112,17381,2948,,2210,66,738,Saturday,Jun-20
4,26-06-2020,13411,6221,7190,5909,1504,4405,344,223,121,16249,3460,,2326,63,1134,Friday,Jun-20
5,25-06-2020,13411,6241,7170,5909,1585,4324,344,211,133,15159,3390,,3328,64,62,Thursday,Jun-20
6,24-06-2020,13411,6203,7208,5909,1547,4362,344,206,138,14844,3788,,2124,64,1664,Wednesday,Jun-20
7,23-06-2020,13389,6264,7125,5909,1607,4302,344,207,137,12963,3947,,2711,68,1236,Tuesday,Jun-20
8,22-06-2020,13183,6213,6970,5909,1579,4330,344,197,147,12922,2909,,3589,58,-680,Monday,Jun-20
9,21-06-2020,12651,6054,6597,5909,1426,4883,344,205,139,12106,3000,,1719,63,1281,Sunday,Jun-20
10,20-06-2020,12208,5923,6285,5909,1139,4770,344,149,195,12611,3630,,7725,77,-4095,Saturday,Jun-20
11,18-06-2020,10919,5448,5471,344,140,204,5974,1155,4819,,,,,,,Thursday,Jun-20
12,01-07-2020,15242,5892,9350,7869,1745,6124,544,225,319,16703,,,,,,Wednesday,Jul-20
13,02-07-2020,15243,5747,9496,7869,1885,5984,544,170,374,16129,,,,,,Thursday,Jul-20
14,03-07-2020,15243,5635,9608,7869,1948,5921,544,167,377,15878,,,,,,Friday,Jul-20
15,04-07-2020,15283,5522,9761,7869,1756,6113,544,153,391,16004,,,,,,Saturday,Jul-20
16,05-07-2020,15301,5356,9945,7869,1726,6143,544,148,396,15564,,,,,,Sunday,Jul-20
17,06-07-2020,15301,5250,10051,7869,1714,6155,544,136,408,17141,,,,,,Monday,Jul-20
18,07-07-2020,15301,5003,10298,7869,1688,6181,544,142,402,16608,,,,,,Tuesday,Jul-20
19,08-07-2020,15096,4859,10237,7869,1758,6111,544,141,403,14661,,,,,,Wednesday,Jul-20
20,09-07-2020,15096,4784,10312,7869,1918,5951,544,135,409,12543,,,,,,Thursday,Jul-20
21,11-07-2020,15253,4502,10751,9217,1857,7360,544,157,387,11598,,,,,,Saturday,Jul-20
22,12-07-2020,15253,4315,,9217,2055,7162,544,153,391,11059,,,,,,Sunday,Jul-20
23,13-07-2020,15253,4309,10944,9217,2148,7069,544,144,300,11170,,,,,,Monday,Jul-20
24,14-07-2020,15300,4194,,9294,2041,7253,544,128,416,10695,,,,,,Tuesday,Jul-20
25,15-07-2020,15363,4021,11342,9284,2029,7255,554,167,387,9943,,,,,,Wednesday,Jul-20
26,16-07-2020,15364,3819,11545,9284,2113,7171,554,171,383,9652,,,,,,Thursday,Jul-20
27,17-07-2020,15474,3696,11778,9284,2304,6980,554,178,376,9595,,,,,,Friday,Jul-20
28,18-07-2020,15475,3635,11840,9284,2291,6993,554,174,380,9136,,,,,,Saturday,Jul-20
29,19-07-2020,15475,3592,11883,9454,2250,7204,554,159,395,8819,,,,,,Sunday,Jul-20
30,20-07-2020,15475,3517,11958,9454,2165,7289,554,151,403,8379,,,,,,Monday,Jul-20
31,21-07-2020,15475,3517,11958,9454,2136,7318,554,160,394,8126,,,,,,Tuesday,Jul-20
32,22-07-2020,15475,3342,12133,9454,2262,7292,554,157,397,7966,,,,,,Wednesday,Jul-20
33,23-07-2020,15475,3271,12204,9554,2092,7462,554,150,404,8000,,,,,,Thursday,Jul-20
34,24-07-2020,15475,3210,12265,9554,1522,8032,554,146,408,7778,,,,,,Friday,Jul-20
35,25-07-2020,15475,3135,12340,9244,904,,554,137,417,7339,,,,,,Saturday,Jul-20
36,26-07-2020,15475,2856,12619,9444,853,,554,144,410,6976,,,,,,Sunday,Jul-20
37,27-07-2020,15271,2835,12436,9412,761,,554,147,407,6638,,,,,,Monday,Jul-20
38,28-07-2020,15408,2775,12633,9412,678,,554,159,395,6219,,,,,,Tuesday,Jul-20
39,29-07-2020,16008,3028,12980,10018,647,,554,166,388,5894,,,,,,Wednesday,Jul-20
40,31-07-2020,14303,2932,11371,10244,652,,554,163,391,5763,,,,,,Friday,Jul-20
41,01-08-2020,13578,2979,10599,10244,673,,554,166,388,5660,,,,,,Saturday,Aug-20
42,02-08-2020,13578,2886,10692,10244,685,,554,161,393,5663,,,,,,Sunday,Aug-20
43,03-08-2020,13578,2973,10605,10244,694,,554,158,396,,,,,,,Monday,Aug-20
44,04-08-2020,13578,2954,10624,10146,654,,554,154,400,5461,,,,,,Tuesday,Aug-20
45,05-08-2020,13578,2995,10583,10146,616,,554,158,396,5227,,,,,,Wednesday,Aug-20
46,06-08-2020,13571,3024,10547,10146,622,,554,159,395,5244,,,,,,Thursday,Aug-20
47,07-08-2020,13571,3069,10502,10146,624,,554,157,397,5367,,,,,,Friday,Aug-20
48,08-08-2020,13527,3058,10469,10146,659,,554,174,380,5372,,,,,,Saturday,Aug-20
49,09-08-2020,13527,3084,10443,10146,711,,554,172,382,5462,,,,,,Sunday,Aug-20
50,10-08-2020,13527,3115,10412,10146,711,,554,176,378,5637,,,,,,Monday,Aug-20
51,11-08-2020,13722,3212,10510,10146,697,,554,179,375,5523,,,,,,Tuesday,Aug-20
52,12-08-2020,13963,3351,10612,10146,707,,554,177,377,5598,,,,,,Wednesday,Aug-20
53,13-08-2020,14016,3322,10694,10143,743,,594,192,402,5762,,,,,,Thursday,Aug-20
54,14-08-2020,14125,3372,10753,10143,726,,594,194,400,5882,,,,,,Friday,Aug-20
55,15-08-2020,14125,3495,10630,10143,724,,594,185,409,5809,,,,,,Saturday,Aug-20
56,16-08-2020,14117,3483,10634,10143,739,,594,187,407,5762,,,,,,Sunday,Aug-20
57,17-08-2020,14117,3566,10551,10143,765,,594,182,412,5552,,,,,,Monday,Aug-20
58,18-08-2020,14121,3539,10582,10143,637,,594,167,427,5351,,,,,,Tuesday,Aug-20
59,19-08-2020,14122,3595,10527,10143,600,,594,167,427,5377,,,,,,Wednesday,Aug-20
60,20-08-2020,14122,3582,10540,10143,593,,594,174,420,5707,,,,,,Thursday,Aug-20
61,21-08-2020,14125,3585,10540,10143,598,,594,175,419,5818,,,,,,Friday,Aug-20
62,22-08-2020,14124,3600,10524,10143,589,,594,202,392,5791,,,,,,Saturday,Aug-20
63,23-08-2020,14126,3617,10509,10143,612,,594,203,391,5896,,,,,,Sunday,Aug-20
64,24-08-2020,14127,3590,10537,10143,625,,594,207,387,6143,,,,,,Monday,Aug-20
65,25-08-2020,14129,3617,10512,10143,661,,594,227,367,5949,,,,,,Tuesday,Aug-20
66,26-08-2020,14130,3682,10448,10143,694,,594,243,351,6208,,,,,,Wednesday,Aug-20
67,27-08-2020,14135,3814,10321,10143,715,,594,243,351,6596,,,,,,Thursday,Aug-20
68,28-08-2020,14138,3904,10234,10143,728,,594,260,334,6850,,,,,,Friday,Aug-20
69,29-08-2020,14143,3966,10177,10143,821,,594,275,319,7024,,,,,,Saturday,Aug-20
70,31-08-2020,14145,4146,9999,10143,901,,599,345,254,7876,,,,,,Monday,Aug-20
71,01-09-2020,14148,4186,9962,10143,902,,601,351,250,8119,,,,,,Tuesday,Sep-20
72,02-09-2020,14146,4278,9868,10143,941,,601,367,234,8407,,,,,,Wednesday,Sep-20
73,03-09-2020,14140,4477,9663,10143,963,,601,380,221,9135,,,,,,Thursday,Sep-20
74,04-09-2020,14159,4730,9429,10143,984,,601,392,209,9822,,,,,,Friday,Sep-20
75,05-09-2020,14163,4934,9229,8580,1049,,601,400,201,10514,,,,,,Saturday,Sep-20
76,07-09-2020,14165,5218,8947,8580,1187,,601,448,153,11613,,,,,,Monday,Sep-20
77,12-09-2020,14390,6294,8096,8580,1614,,601,459,142,15371,,,,,,Saturday,Sep-20
78,13-09-2020,14377,6503,7874,8580,1692,,601,436,165,15946,,,,,,Sunday,Sep-20
79,14-09-2020,14409,6592,7817,8580,1807,,601,445,156,16568,,,,,,Monday,Sep-20
80,15-09-2020,14482,6658,7824,8137,1859,,594,431,163,16576,,,,,,Tuesday,Sep-20
81,16-09-2020,14521,6783,7738,8137,1908,,601,426,175,17324,,,,,,Wednesday,Sep-20
82,17-09-2020,14652,6893,7759,8137,1915,,601,443,158,18038,,,,,,Thursday,Sep-20
83,18-09-2020,14974,6956,8018,8137,2014,,601,452,149,18701,,,,,,Friday,Sep-20
84,19-09-2020,14996,7043,7953,8137,1890,,601,412,189,18648,,,,,,Saturday,Sep-20
85,20-09-2020,15621,7040,8581,8137,1937,,601,398,203,18910,,,,,,Sunday,Sep-20
86,21-09-2020,15681,6990,8691,8137,1805,,601,385,216,19213,,,,,,Monday,Sep-20
87,22-09-2020,15804,7051,8753,8137,1906,,601,386,215,18464,,,,,,Tuesday,Sep-20
88,23-09-2020,15810,6998,8812,8137,1913,4841,601,377,224,17834,,,,,,Wednesday,Sep-20
89,24-09-2020,15810,7026,8784,,,,601,344,257,17995,,,,,,Thursday,Sep-20
90,25-09-2020,15812,6990,8822,,,,527,358,169,18096,,,,,,Friday,Sep-20
91,26-09-2020,,,,,,,,,,17600,,,,,,Saturday,Sep-20
92,27-09-2020,,,,,,,,,,17291,,,,,,Sunday,Sep-20
93,28-09-2020,15833,6659,9174,,,,527,337,190,16679,,,,,,Monday,Sep-20
94,29-09-2020,15839,6515,9324,,,,527,321,206,16049,,,,,,Tuesday,Sep-20
95,30-09-2020,15834,6283,9551,8137,1266,5705,527,312,215,15657,,,,,,Wednesday,Sep-20
96,01-10-2020,15843,6146,9697,8137,1327,5898,527,329,198,15899,,,,,,Thursday,Oct-20
97,02-10-2020,15844,6071,9773,8137,1291,5937,527,316,211,15852,,,,,,Friday,Oct-20
98,03-10-2020,15840,5989,9851,8137,1226,6128,527,312,215,15449,,,,,,Saturday,Oct-20
99,04-10-2020,15833,5896,9937,8137,1176,6084,527,298,229,14700,,,,,,Sunday,Oct-20
100,05-10-2020,15832,5802,10030,8137,1126,6237,527,300,227,13905,,,,,,Monday,Oct-20
101,07-10-2020,15830,5387,10443,8137,974,6221,527,263,264,12691,,,,,,Wednesday,Oct-20
102,08-10-2020,15833,5270,10563,8137,1073,6085,527,273,254,12890,,,,,,Thursday,Oct-20
103,09-10-2020,15833,5235,10598,8137,986,6129,527,265,262,12609,,,,,,Friday,Oct-20
104,10-10-2020,16114,5303,10811,8137,958,6158,527,266,261,12614,,,,,,Saturday,Oct-20
105,11-10-2020,16118,5229,10889,8137,935,6239,527,287,240,12470,,,,,,Sunday,Oct-20
106,12-10-2020,16118,5151,10967,8137,877,6297,527,273,254,12385,,,,,,Monday,Oct-20
107,13-10-2020,16117,5109,11008,8137,891,6290,527,278,249,12176,,,,,,Tuesday,Oct-20
108,14-10-2020,,,,,,,,,,12360,,,,,,Wednesday,Oct-20
109,15-10-2020,16109,5109,11000,8137,913,6499,527,290,237,12810,,,,,,Thursday,Oct-20
110,16-10-2020,,,,,,,,,,13152,,,,,,Friday,Oct-20
111,17-10-2020,,,,,,,,,,13436,,,,,,Saturday,Oct-20
112,18-10-2020,,,,,,,,,,13742,,,,,,Sunday,Oct-20
113,19-10-2020,15704,5064,10640,8137,891,6342,527,297,230,14164,,,,,,Monday,Oct-20
114,20-10-2020,15717,5149,10568,8107,862,6286,527,286,241,14046,,,,,,Tuesday,Oct-20
115,21-10-2020,15713,5081,10632,8107,845,6301,527,278,249,14227,,,,,,Wednesday,Oct-20
116,22-10-2020,15742,5116,10626,8107,960,6219,527,300,227,14979,,,,,,Thursday,Oct-20
117,23-10-2020,15739,5182,10557,8107,935,6566,527,315,212,15483,,,,,,Friday,Oct-20
118,24-10-2020,,,,,,,,,,15808,,,,,,Saturday,Oct-20
119,25-10-2020,,,,,,,,,,16115,,,,,,Sunday,Oct-20
120,26-10-2020,15757,5404,10353,7887,858,6513,527,296,231,16396,,,,,,Monday,Oct-20
121,27-10-2020,15765,5453,10312,,,,527,305,222,16415,,,,,,Tuesday,Oct-20
122,28-10-2020,15765,5665,10100,7887,894,6496,527,324,203,16822,,,,,,Wednesday,Oct-20
123,29-10-2020,15749,5854,9895,,,,527,337,190,18069,,,,,,Thursday,Oct-20
124,30-10-2020,15759,6114,9645,7887,968,6482,527,326,201,19064,,,,,,Friday,Oct-20
125,31-10-2020,15764,6259,9505,7887,970,6455,527,335,192,20093,,,,,,Saturday,Oct-20
126,01-11-2020,,,,,,,,,,20732,,,,,,Sunday,Nov-20
127,02-11-2020,15789,6676,9113,7887,949,6385,527,318,209,21364,,,,,,Monday,Nov-20
128,03-11-2020,15823,6798,9025,7887,973,6349,527,358,169,21521,,,,,,Tuesday,Nov-20
129,04-11-2020,15782,6945,8837,7887,983,6334,527,351,176,22248,,,,,,Wednesday,Nov-20
130,05-11-2020,15803,7231,8572,7887,1028,6263,527,344,183,23411,,,,,,Thursday,Nov-20
131,07-11-2020,15904,7858,8046,8107,1020,6571,527,327,200,24100,,,,,,Saturday,Nov-20
132,08-11-2020,16027,8072,7955,8107,1002,6688,527,315,212,24723,,,,,,Sunday,Nov-20
133,09-11-2020,16195,8180,8015,8217,971,6950,527,300,227,25321,,,,,,Monday,Nov-20
134,10-11-2020,16324,8262,8062,8217,836,7112,527,279,248,24178,,,,,,Tuesday,Nov-20
135,11-11-2020,16511,8497,8014,8217,825,7198,527,279,248,24435,,,,,,Wednesday,Nov-20
136,12-11-2020,16590,8588,8002,8217,929,7135,527,294,233,26252,,,,,,Thursday,Nov-20
137,13-11-2020,,,,,,,,,,26741,,,,,,Friday,Nov-20
138,14-11-2020,,,,,,,,,,27428,,,,,,Saturday,Nov-20
139,16-11-2020,,,,,,,,,,26533,,,,,,Monday,Nov-20
140,17-11-2020,16814,9215,7599,,,,562,217,345,25585,,,,,,Tuesday,Nov-20
141,18-11-2020,16884,9343,7541,8217,568,7146,562,219,343,24842,,,,,,Wednesday,Nov-20
142,19-11-2020,16965,9494,7471,8217,593,7082,562,221,341,25367,,,,,,Thursday,Nov-20
143,20-11-2020,,,,,,,,,,24042,,,,,,Friday,Nov-20
144,21-11-2020,,,,,,,,,,23587,,,,,,Saturday,Nov-20
145,22-11-2020,17365,9418,7947,8217,550,7356,562,197,365,23301,,,,,,Sunday,Nov-20
146,23-11-2020,17553,9464,8089,8217,527,7509,562,184,378,22700,,,,,,Monday,Nov-20
147,24-11-2020,17958,9367,8591,8217,476,7610,562,188,374,22246,,,,,,Tuesday,Nov-20
148,25-11-2020,18196,9268,8928,8217,489,7637,562,182,380,23102,,,,,,Wednesday,Nov-20
149,26-11-2020,18252,9109,9143,8217,497,7682,562,174,388,23479,,,,,,Thursday,Nov-20
150,27-11-2020,18287,8915,9372,8217,488,7707,562,162,400,23134,,,,,,Friday,Nov-20
151,28-11-2020,18389,8596,9793,7942,484,7337,562,151,411,22349,,,,,,Saturday,Nov-20
152,30-11-2020,18694,8098,10596,7942,465,7306,562,140,422,20456,,,,,,Monday,Nov-20
153,01-12-2020,18688,7777,10911,7942,457,6999,562,129,433,19400,,,,,,Tuesday,Dec-20
154,02-12-2020,18693,7366,11327,7942,442,7009,562,127,435,18423,,,,,,Wednesday,Dec-20
155,03-12-2020,18719,6985,11734,7942,484,6962,562,127,435,17790,,,,,,Thursday,Dec-20
156,05-12-2020,18843,6458,12385,7942,429,6874,562,141,421,16231,,,,,,Saturday,Dec-20
157,06-12-2020,18814,6145,12669,7942,429,6939,562,137,425,15276,,,,,,Sunday,Dec-20
158,07-12-2020,18813,6023,12790,7942,388,6974,562,122,440,14279,,,,,,Monday,Dec-20
159,08-12-2020,18852,5193,13659,7942,338,7344,562,106,456,11541,,,,,,Tuesday,Dec-20
160,09-12-2020,18806,5417,13389,7942,364,7315,562,116,446,12186,,,,,,Wednesday,Dec-20
161,10-12-2020,18852,5193,13659,7942,338,7344,562,106,456,11541,,,,,,Thursday,Dec-20
162,11-12-2020,18853,4954,13899,,,,562,113,449,10886,,,,,,Friday,Dec-20
163,12-12-2020,18814,4631,14183,7792,330,7368,562,95,467,10382,,,,,,Saturday,Dec-20
164,13-12-2020,18807,4446,14361,7792,302,7426,562,89,473,9964,,,,,,Sunday,Dec-20
165,14-12-2020,18807,4246,14561,7792,277,7454,562,74,488,9274,,,,,,Monday,Dec-20
166,16-12-2020,18804,3716,15088,7792,204,7548,562,49,513,7745,,,,,,Wednesday,Dec-20
167,17-12-2020,18815,3464,15351,7792,161,7601,562,42,520,7168,,,,,,Thursday,Dec-20
168,18-12-2020,18817,3239,15578,7792,121,7460,562,36,526,6605,,,,,,Friday,Dec-20
169,19-12-2020,18770,3115,15655,7792,126,7399,562,35,527,5943,,,,,,Saturday,Dec-20
170,20-12-2020,18770,2997,15773,7792,118,7398,562,35,527,5907,,,,,,Sunday,Dec-20
171,21-12-2020,18786,2909,15877,7792,112,7399,562,26,536,5405,,,,,,Monday,Dec-20
172,22-12-2020,18786,2884,15902,7792,100,7409,562,22,540,4790,,,,,,Tuesday,Dec-20
173,23-12-2020,18779,2866,15913,7792,92,7415,562,19,543,4155,,,,,,Wednesday,Dec-20
174,24-12-2020,18779,2813,15966,7792,76,7448,562,19,543,3938,,,,,,Thursday,Dec-20
175,25-12-2020,,,,,,,,,,3762,,,,,,Friday,Dec-20
176,26-12-2020,,,,,,,,,,3544,,,,,,Saturday,Dec-20
177,27-12-2020,,,,,,,,,,3335,,,,,,Sunday,Dec-20
178,28-12-2020,18774,2499,16275,7942,62,7808,562,19,543,3153,,,,,,Monday,Dec-20
179,29-12-2020,18727,2360,16367,7922,65,7788,562,18,544,2976,,,,,,Tuesday,Dec-20
180,30-12-2020,18718,2285,16433,7922,70,7777,562,18,544,2788,,,,,,Wednesday,Dec-20
181,31-12-2020,18718,2096,16622,7922,58,7756,562,22,540,2761,,,,,,Thursday,Dec-20
182,01-01-2021,17943,2072,15871,7992,61,7737,562,24,538,2616,,,,,,Friday,Jan-21
183,02-01-2021,,,,,,,,,,2752,,,,,,Saturday,Jan-21
184,03-01-2021,,,,,,,,,,2600,,,,,,Sunday,Jan-21
185,04-01-2021,14013,1805,12208,7922,47,7749,562,27,535,2426,,,,,,Monday,Jan-21
186,05-01-2021,13954,1770,12184,7422,38,7230,562,27,535,2285,,,,,,Tuesday,Jan-21
187,06-01-2021,14076,1705,12371,7422,31,7247,562,24,538,2067,,,,,,Wednesday,Jan-21
188,07-01-2021,13838,1610,12228,7422,33,7274,562,24,538,2015,,,,,,Thursday,Jan-21
189,08-01-2021,12380,1471,10909,7422,33,7298,407,24,383,1807,,,,,,Friday,Jan-21
190,09-01-2021,,,,,,,,,,1652,,,,,,Saturday,Jan-21
191,10-01-2021,,,,,,,,,,1585,,,,,,Sunday,Jan-21
192,11-01-2021,12110,1508,10602,7422,34,7314,307,15,292,1491,,,,,,Monday,Jan-21
193,13-01-2021,11984,1235,10749,7392,38,7156,307,16,291,1345,,,,,,Wednesday,Jan-21
194,14-01-2021,11976,1233,10743,7392,41,7158,307,12,295,1311,,,,,,Thursday,Jan-21
195,15-01-2021,11950,1171,10779,7392,43,7147,307,11,296,1275,,,,,,Friday,Jan-21
196,16-01-2021,,,,,,,,,,1234,,,,,,Saturday,Jan-21
197,17-01-2021,,,,,,,,,,1154,,,,,,Sunday,Jan-21
198,18-01-2021,10128,1055,9073,7392,34,7123,307,6,301,1079,,,,,,Monday,Jan-21
199,19-01-2021,9244,1041,8253,7392,29,7090,307,6,301,1027,,,,,,Tuesday,Jan-21
200,20-01-2021,9200,968,8232,7392,29,7228,307,6,301,916,,,,,,Wednesday,Jan-21
201,21-01-2021,9103,1004,8099,7392,20,7223,307,5,302,864,,,,,,Thursday,Jan-21
202,22-01-2021,9068,943,8125,7392,21,7246,307,5,302,825,,,,,,Friday,Jan-21
203,23-01-2021,9053,854,8199,7392,20,7237,307,3,304,806,,,,,,Saturday,Jan-21
204,24-01-2021,9054,787,8267,7392,18,7246,307,3,304,748,,,,,,Sunday,Jan-21
205,25-01-2021,9054,797,8257,7392,17,7242,307,3,304,729,,,,,,Monday,Jan-21
206,26-01-2021,8949,746,8203,7392,17,7273,307,3,304,703,,,,,,Tuesday,Jan-21
207,27-01-2021,8744,721,8023,7392,12,7281,307,2,305,670,,,,,,Wednesday,Jan-21
208,28-01-2021,8729,711,8018,7392,20,7291,307,0,307,645,,,,,,Thursday,Jan-21
209,29-01-2021,8701,702,7999,7392,17,7296,307,0,307,583,,,,,,Friday,Jan-21
210,30-01-2021,8621,693,7928,7392,16,7313,307,1,306,543,,,,,,Saturday,Jan-21
211,31-01-2021,7892,657,7235,7392,15,7307,307,1,306,548,,,,,,Sunday,Jan-21
212,01-02-2021,6306,624,5682,7392,15,7312,307,1,306,504,,,,,,Monday,Feb-21
213,02-02-2021,6305,621,5684,7392,15,7314,307,1,306,466,,,,,,Tuesday,Feb-21
214,03-02-2021,6302,599,5703,7392,18,7304,307,1,306,440,,,,,,Wednesday,Feb-21
215,04-02-2021,6265,621,5644,7392,16,7314,307,2,305,397,,,,,,Thursday,Feb-21
216,05-02-2021,6265,581,5684,7392,17,7318,307,2,305,452,,,,,,Friday,Feb-21
217,06-02-2021,6149,562,5587,7392,15,7318,307,3,304,471,,,,,,Saturday,Feb-21
218,09-02-2021,6050,496,5554,7392,13,7244,307,2,305,441,,,,,,Tuesday,Feb-21
219,10-02-2021,5835,481,5354,7392,11,7072,307,1,306,426,,,,,,Wednesday,Feb-21
220,11-02-2021,5777,484,5293,7392,9,7067,307,1,306,415,,,,,,Thursday,Feb-21
221,12-02-2021,5770,481,5289,7392,10,7070,307,1,306,420,,,,,,Friday,Feb-21
222,13-02-2021,5777,468,5309,7392,35,7113,307,1,306,411,,,,,,Saturday,Feb-21
223,14-02-2021,5775,452,5323,7392,35,7112,307,0,307,394,,,,,,Sunday,Feb-21
224,15-02-2021,5765,465,5300,7392,39,7112,307,0,307,391,,,,,,Monday,Feb-21
225,16-02-2021,5765,470,5295,7392,39,7189,307,0,307,416,,,,,,Tuesday,Feb-21
226,17-02-2021,5765,468,5297,7392,36,7168,307,0,307,440,,,,,,Wednesday,Feb-21
227,18-02-2021,5747,454,5293,7392,35,7173,307,0,307,434,,,,,,Thursday,Feb-21
228,19-02-2021,5751,431,5320,7392,34,7177,307,0,307,430,,,,,,Friday,Feb-21
229,20-02-2021,5751,407,5344,7392,36,7190,307,0,307,430,,,,,,Saturday,Feb-21
230,21-02-2021,5751,422,5329,7392,37,7182,307,0,307,467,,,,,,Sunday,Feb-21
231,22-02-2021,5751,405,5346,7392,37,7175,307,0,307,471,,,,,,Monday,Feb-21
232,23-02-2021,5751,405,5346,7392,32,7176,307,0,307,472,,,,,,Tuesday,Feb-21
233,24-02-2021,5751,437,5314,7392,1,7314,307,0,307,499,,,,,,Wednesday,Feb-21
234,25-02-2021,5752,412,5340,5525,1,5460,97,0,97,536,,,,,,Thursday,Feb-21
235,26-02-2021,5752,400,5352,5525,1,5459,97,0,97,574,,,,,,Friday,Feb-21
236,27-02-2021,5751,436,5315,5525,1,5467,97,0,97,627,,,,,,Saturday,Feb-21
237,01-03-2021,5721,489,5232,5525,1,5493,97,0,97,739,,,,,,Monday,Mar-21
238,02-03-2021,5721,544,5177,5525,5,5511,97,0,97,777,,,,,,Tuesday,Mar-21
239,03-03-2021,5711,513,5198,5525,5,5511,97,0,97,826,,,,,,Wednesday,Mar-21
240,04-03-2021,5709,565,5144,5525,5,5506,97,0,97,870,,,,,,Thursday,Mar-21
241,05-03-2021,5709,599,5110,5525,5,5506,97,0,97,863,,,,,,Friday,Mar-21
242,06-03-2021,5709,573,5136,5525,6,5505,97,0,97,879,,,,,,Saturday,Mar-21
243,08-03-2021,5709,539,5170,5525,5,5509,97,0,97,947,,,,,,Monday,Mar-21
244,09-03-2021,5709,536,5173,5525,4,5511,97,0,97,952,,,,,,Tuesday,Mar-21
245,10-03-2021,5709,544,5165,5525,4,5512,97,0,97,982,,,,,,Wednesday,Mar-21
246,11-03-2021,5711,579,5132,5525,4,5517,97,0,97,1028,,,,,,Thursday,Mar-21
247,12-03-2021,5711,564,5147,5525,1,5520,97,0,97,1097,,,,,,Friday,Mar-21
248,13-03-2021,5711,582,5129,5525,2,5519,97,0,97,1204,,,,,,Saturday,Mar-21
249,14-03-2021,5711,582,5129,5525,3,5519,97,0,97,1270,,,,,,Sunday,Mar-21
250,15-03-2021,5711,607,5104,5525,4,5518,97,0,97,1342,,,,,,Monday,Mar-21
251,16-03-2021,5711,659,5052,5525,3,5520,97,0,97,1401,,,,,,Tuesday,Mar-21
252,17-03-2021,5711,725,4986,5525,3,5516,97,0,97,1438,,,,,,Wednesday,Mar-21
253,18-03-2021,5711,794,4917,5525,4,5517,97,0,97,1519,,,,,,Thursday,Mar-21
254,19-03-2021,5711,794,4917,5525,4,5517,97,0,97,1519,,,,,,Friday,Mar-21
255,20-03-2021,5703,868,4835,5525,6,5515,97,0,97,1722,,,,,,Saturday,Mar-21
256,21-03-2021,5710,892,4818,5525,10,5511,67,0,67,1893,,,,,,Sunday,Mar-21
257,22-03-2021,5728,967,4761,5525,12,5510,97,0,97,2067,,,,,,Monday,Mar-21
258,23-03-2021,5740,980,4760,5525,14,5507,97,0,97,2316,,,,,,Tuesday,Mar-21
259,24-03-2021,5740,1063,4677,5525,13,5512,97,0,97,2560,,,,,,Wednesday,Mar-21
260,25-03-2021,5740,1094,4646,5525,17,5508,97,0,97,2871,,,,,,Thursday,Mar-21
261,26-03-2021,5742,1187,4555,5525,18,5505,97,0,97,3312,,,,,,Friday,Mar-21
262,27-03-2021,5748,1338,4410,5525,21,5501,97,0,97,3708,,,,,,Saturday,Mar-21
263,28-03-2021,5759,1398,4361,5525,29,5484,97,0,97,4237,,,,,,Sunday,Mar-21
264,29-03-2021,5765,1468,4297,5525,21,5492,97,0,97,4639,,,,,,Monday,Mar-21
265,30-03-2021,5784,1584,4200,5525,21,5492,97,0,97,4832,,,,,,Tuesday,Mar-21
266,31-03-2021,5815,1799,4016,5525,24,5489,97,0,97,5196,,,,,,Wednesday,Mar-21
267,01-04-2021,6032,1971,4061,5525,23,5488,97,16,81,5698,,,,,,Thursday,Apr-21
268,02-04-2021,5938,2255,3683,5525,24,5487,82,15,67,6106,,,,,,Friday,Apr-21
269,03-04-2021,5947,2441,3506,5525,29,5482,82,41,41,6569,,,,,,Saturday,Apr-21
270,04-04-2021,6131,2727,3404,5525,32,5488,82,46,36,7144,,,,,,Sunday,Apr-21
271,05-04-2021,6203,2975,3228,5525,34,5486,82,49,33,7983,,,,,,Monday,Apr-21
272,06-04-2021,7067,3266,3801,5525,44,5473,82,51,31,8871,,,,,,Tuesday,Apr-21
273,07-04-2021,8219,3763,4456,5525,84,5433,82,54,28,10048,,,,,,Wednesday,Apr-21
274,08-04-2021,8813,4212,4601,5525,100,5417,82,65,17,11367,,,,,,Thursday,Apr-21
275,09-04-2021,9342,4732,4610,5525,122,5398,82,68,14,13188,,,,,,Friday,Apr-21
276,10-04-2021,11106,5398,5708,5525,150,5370,82,62,20,15266,,,,,,Saturday,Apr-21
277,11-04-2021,11675,6216,5459,5525,190,5330,82,68,14,17093,,,,,,Sunday,Apr-21
278,12-04-2021,12008,6940,5068,5525,241,5279,82,69,13,19354,,,,,,Monday,Apr-21
279,13-04-2021,12667,7731,4936,5525,286,5239,82,71,11,21954,,,,,,Tuesday,Apr-21
280,15-04-2021,14918,10134,4784,5525,429,5096,82,73,9,26974,,,,,,Thursday,Apr-21
281,18-04-2021,17514,13887,3627,5525,558,4967,132,96,36,34938,,,,,,Sunday,Apr-21
282,21-04-2021,19753,17327,2426,5525,509,5016,196,126,70,42768,,,,,,Wednesday,Apr-21
283,22-04-2021,20191,18154,2037,5525,588,4937,196,122,74,46585,,,,,,Thursday,Apr-21
284,23-04-2021,20642,18546,2096,5525,519,5006,196,131,65,48502,,,,,,Friday,Apr-21
285,24-04-2021,19622,18063,1559,5525,483,5042,196,146,50,50285,,,,,,Saturday,Apr-21
286,25-04-2021,20333,18754,1579,5525,469,5056,196,140,56,52296,,,,,,Sunday,Apr-21
287,26-04-2021,20487,18831,1656,5525,444,5081,196,149,47,52733,,,,,,Monday,Apr-21
288,27-04-2021,20653,18841,1812,5525,528,4997,196,168,28,54578,,,,,,Tuesday,Apr-21
289,28-04-2021,20926,19243,1683,5525,544,4981,204,160,44,53819,,,,,,Wednesday,Apr-21
290,30-04-2021,20938,19739,1199,5525,832,4693,206,127,79,51616,,,,,,Friday,Apr-21
291,01-05-2021,21227,19932,1295,5525,925,4600,206,117,89,50554,,,,,,Saturday,May-21
292,02-05-2021,21483,20136,1347,5525,896,4629,206,122,84,50742,,,,,,Sunday,May-21
293,04-05-2021,21317,19855,1462,5525,657,4868,206,125,81,49829,,,,,,Tuesday,May-21
294,05-05-2021,21528,20010,1518,5525,691,4834,206,121,85,50077,,,,,,Wednesday,May-21
295,06-05-2021,21839,20117,1722,5525,701,4824,206,116,90,50562,,,,,,Thursday,May-21
296,07-05-2021,22097,19922,2175,5525,745,4780,206,111,95,50425,,,,,,Friday,May-21
297,08-05-2021,22289,19838,2451,5525,733,4792,206,107,99,49865,,,,,,Saturday,May-21
298,09-05-2021,22545,19912,2633,5525,626,4899,206,95,111,52263,,,,,,Sunday,May-21
299,10-05-2021,22667,19438,3229,5525,623,4902,206,95,111,52451,,,,,,Monday,May-21
300,11-05-2021,22953,19063,3890,5525,705,4820,206,80,126,51480,,,,,,Tuesday,May-21
301,12-05-2021,23202,18733,4469,5525,648,4877,206,83,123,49974,,,,,,Wednesday,May-21
302,14-05-2021,23609,17511,6098,5525,618,4907,206,60,146,45099,,,,,,Friday,May-21
303,15-05-2021,24018,16795,7223,6113,527,5586,606,59,547,42484,,,,,,Saturday,May-21
304,16-05-2021,24144,16249,7895,6257,736,,606,131,475,39211,,,,,,Sunday,May-21
305,17-05-2021,24104,15542,8562,6257,708,5549,606,134,472,35141,,,,,,Monday,May-21
306,18-05-2021,24305,14399,9906,6257,657,5600,606,128,478,31197,,,,,,Tuesday,May-21
307,19-05-2021,24289,13368,10921,6257,618,5639,606,103,503,27112,,,,,,Wednesday,May-21
308,20-05-2021,24424,12462,11962,6282,579,5685,606,91,515,23851,,,,,,Thursday,May-21
309,21-05-2021,25068,11388,13680,6282,522,5744,606,91,515,20673,,,,,,Friday,May-21
310,22-05-2021,24964,10501,14463,6282,393,5831,606,94,512,18060,,,,,,Saturday,May-21
311,23-05-2021,25048,9660,15388,6407,368,6000,606,89,517,15844,,,,,,Sunday,May-21
312,24-05-2021,24944,8791,16153,6407,347,5999,606,84,522,13806,,,,,,Monday,May-21
313,25-05-2021,25035,7872,17163,6407,304,6071,606,80,526,11915,,,,,,Tuesday,May-21
314,27-05-2021,25084,6743,18341,6332,245,6070,606,71,535,8247,,,,,,Thursday,May-21
315,28-05-2021,25032,6037,18995,6332,228,6086,606,64,542,7111,,,,,,Friday,May-21
316,29-05-2021,24997,5501,19496,6332,216,6099,606,59,547,6303,,,,,,Saturday,May-21
317,31-05-2021,24852,4784,20068,6332,186,6130,606,48,558,5374,,,,,,Monday,May-21
318,01-06-2021,24752,4405,20347,6332,176,6148,606,86,520,4888,,,,,,Tuesday,Jun-21
319,02-06-2021,24584,4012,20572,6332,167,6154,606,78,528,4531,,,,,,Wednesday,Jun-21
320,03-06-2021,24573,3795,20778,6332,160,6165,606,73,533,4233,,,,,,Thursday,Jun-21
321,04-06-2021,24412,3469,20943,6332,150,6174,606,105,501,3813,,,,,,Friday,Jun-21
322,05-06-2021,24378,3214,21164,6332,148,6156,606,100,506,2855,,,,,,Saturday,Jun-21
323,06-06-2021,24303,2936,21367,6332,148,6158,606,97,509,2327,,,,,,Sunday,Jun-21
324,07-06-2021,24301,2803,21498,6332,147,6181,606,95,511,1932,,,,,,Monday,Jun-21
325,08-06-2021,24208,2613,21595,6332,138,6182,606,100,506,1795,,,,,,Tuesday,Jun-21
326,10-06-2021,24126,2320,21806,6332,122,6197,627,96,531,1369,,,,,,Thursday,Jun-21
327,11-06-2021,24132,2235,21897,6332,116,6211,627,95,532,1238,,,,,,Friday,Jun-21
328,12-06-2021,24072,2071,22001,6010,108,5890,627,95,532,1123,,,,,,Saturday,Jun-21
329,13-06-2021,24080,1972,22108,6288,108,6166,627,94,533,1037,,,,,,Sunday,Jun-21
330,14-06-2021,24078,1936,22142,6288,106,6180,627,93,534,960,,,,,,Monday,Jun-21
331,15-06-2021,23960,1819,22141,6288,97,6191,627,93,534,841,,,,,,Tuesday,Jun-21
332,16-06-2021,23953,1637,22316,6288,93,6195,627,26,601,781,,,,,,Wednesday,Jun-21
333,17-06-2021,23781,1561,22220,6288,89,6199,627,13,614,733,,,,,,Thursday,Jun-21
334,18-06-2021,23638,1486,22152,6288,85,6203,627,11,616,698,,,,,,Friday,Jun-21
335,19-06-2021,23638,1479,22159,6288,80,6208,627,10,617,668,,,,,,Saturday,Jun-21
336,20-06-2021,23638,1281,22357,6288,77,6211,627,9,618,600,,,,,,Sunday,Jun-21
337,25-06-2021,23692,1044,22648,6288,12,6276,627,6,621,503,,,,,,Friday,Jun-21
338,26-06-2021,23692,1008,22684,6288,11,6277,627,0,627,494,,,,,,Saturday,Jun-21
339,27-06-2021,23692,989,22703,6288,12,6276,627,0,627,478,,,,,,Sunday,Jun-21
340,28-06-2021,23698,1015,22683,6288,11,6277,627,1,626,467,,,,,,Monday,Jun-21
341,29-06-2021,21886,961,20925,6288,12,6276,627,1,626,456,,,,,,Tuesday,Jun-21
342,30-06-2021,18733,943,17790,6288,12,6276,627,1,626,329,,,,,,Wednesday,Jun-21
343,01-07-2021,17670,937,16733,6288,12,6276,627,1,626,314,,,,,,Thursday,Jul-21
344,02-07-2021,15208,623,14585,6288,11,6277,627,1,626,313,,,,,,Friday,Jul-21
345,03-07-2021,15067,613,14454,6288,11,6277,627,1,626,305,,,,,,Saturday,Jul-21
346,05-07-2021,14662,566,14096,6288,10,6278,627,1,626,281,,,,,,Monday,Jul-21
347,06-07-2021,14548,476,14072,6288,8,6280,627,1,626,269,,,,,,Tuesday,Jul-21
348,07-07-2021,14478,489,13989,3871,10,3861,172,1,171,265,,,,,,Wednesday,Jul-21
349,08-07-2021,14292,484,13808,3871,9,3862,172,1,171,260,,,,,,Thursday,Jul-21
350,09-07-2021,14060,450,13610,3871,10,3861,177,0,177,257,,,,,,Friday,Jul-21
351,10-07-2021,13931,451,13480,3871,9,3862,177,0,177,256,,,,,,Saturday,Jul-21
352,11-07-2021,13840,431,13409,3871,7,3864,177,0,177,252,,,,,,Sunday,Jul-21
353,12-07-2021,13815,397,13418,3871,7,3864,177,0,177,244,,,,,,Monday,Jul-21
354,13-07-2021,13815,386,13429,3871,7,3864,177,0,177,214,,,,,,Tuesday,Jul-21
355,14-07-2021,13715,389,13326,3871,7,3864,177,0,177,215,,,,,,Wednesday,Jul-21
356,15-07-2021,13450,362,13088,3871,7,3864,177,0,177,230,,,,,,Thursday,Jul-21
357,16-07-2021,13141,355,12786,3871,8,3863,177,0,177,228,,,,,,Friday,Jul-21
358,17-07-2021,12804,342,12462,3871,8,3863,177,0,177,212,,,,,,Saturday,Jul-21
359,18-07-2021,12780,330,12450,3871,8,3863,177,0,177,203,,,,,,Sunday,Jul-21
360,19-07-2021,12754,339,12415,3871,9,3862,177,0,177,183,,,,,,Monday,Jul-21
361,20-07-2021,12729,333,12396,3871,9,3862,177,0,177,183,,,,,,Tuesday,Jul-21
362,21-07-2021,12586,322,12264,3871,11,3860,177,0,177,171,,,,,,Wednesday,Jul-21
363,22-07-2021,12615,351,12264,3871,9,3862,177,0,177,176,,,,,,Thursday,Jul-21
364,23-07-2021,12587,339,12248,3871,9,3862,177,0,177,167,,,,,,Friday,Jul-21
365,24-07-2021,12569,354,12215,3871,8,3863,177,0,177,159,,,,,,Saturday,Jul-21
366,25-07-2021,12571,337,12234,3871,9,3862,177,0,177,167,,,,,,Sunday,Jul-21
367,26-07-2021,12571,327,12244,3871,9,3862,177,0,177,162,,,,,,Monday,Jul-21
368,27-07-2021,12571,332,12239,3871,7,3864,177,0,177,154,,,,,,Tuesday,Jul-21
369,28-07-2021,12573,334,12239,3871,7,3864,177,0,177,165,,,,,,Wednesday,Jul-21
370,29-07-2021,12553,327,12226,3871,7,3864,177,0,177,169,,,,,,Thursday,Jul-21
371,30-07-2021,12283,333,11950,3871,7,3864,177,0,177,177,,,,,,Friday,Jul-21
372,31-07-2021,12261,339,11922,3911,7,3904,177,0,177,177,,,,,,Saturday,Jul-21
373,01-08-2021,12379,321,12058,3871,4,3867,177,0,177,172,,,,,,Sunday,Aug-21
374,02-08-2021,12379,310,12069,3871,4,3867,177,0,177,173,,,,,,Monday,Aug-21
375,03-08-2021,12379,291,12088,3871,4,3867,177,0,177,174,,,,,,Tuesday,Aug-21
376,04-08-2021,12379,286,12093,3871,3,3868,177,0,177,157,,,,,,Wednesday,Aug-21
377,05-08-2021,12367,289,12078,3871,2,3869,177,0,177,166,,,,,,Thursday,Aug-21
378,06-08-2021,12374,300,12074,3871,2,3856,177,0,177,170,,,,,,Friday,Aug-21
379,07-08-2021,12328,316,12012,3871,2,3856,177,0,177,175,,,,,,Saturday,Aug-21
380,08-08-2021,12326,298,12028,3871,2,3856,177,0,177,170,,,,,,Sunday,Aug-21
381,09-08-2021,12366,277,12089,3871,3,3855,177,1,176,178,,,,,,Monday,Aug-21
382,10-08-2021,12360,268,12092,3871,3,3855,177,1,176,180,,,,,,Tuesday,Aug-21
383,11-08-2021,12260,274,11986,3871,3,3855,177,1,176,179,,,,,,Wednesday,Aug-21
384,13-08-2021,12117,249,11868,3871,4,3867,151,1,150,164,,,,,,Friday,Aug-21
385,14-08-2021,12066,259,11807,3871,4,3867,151,1,150,164,,,,,,Saturday,Aug-21
386,15-08-2021,12061,287,11774,3871,4,3867,151,0,151,169,,,,,,Sunday,Aug-21
387,16-08-2021,12061,267,11794,3871,8,3863,151,0,151,165,,,,,,Monday,Aug-21
388,17-08-2021,12063,274,11789,3871,3,3868,151,0,151,156,,,,,,Tuesday,Aug-21
389,18-08-2021,12057,247,11810,3871,3,3868,151,0,151,141,,,,,,Wednesday,Aug-21
390,19-08-2021,12057,280,11777,3871,3,3868,151,0,151,140,,,,,,Thursday,Aug-21
391,20-08-2021,12057,264,11793,3871,3,3868,151,0,151,135,,,,,,Friday,Aug-21
392,21-08-2021,12057,277,11780,3871,2,3869,151,0,151,132,,,,,,Saturday,Aug-21
393,22-08-2021,12057,242,11815,3871,3,3868,151,0,151,129,,,,,,Sunday,Aug-21
394,23-08-2021,12057,247,11810,3871,3,3868,151,0,151,107,,,,,,Monday,Aug-21
395,24-08-2021,12057,264,11793,3871,2,3869,151,0,151,106,,,,,,Tuesday,Aug-21
396,25-08-2021,12036,249,11787,3871,2,3869,151,0,151,103,,,,,,Wednesday,Aug-21
397,26-08-2021,12034,259,11775,3871,2,3869,151,0,151,107,,,,,,Thursday,Aug-21
398,27-08-2021,12019,261,11758,3871,2,3869,151,0,151,103,,,,,,Friday,Aug-21
399,28-08-2021,12019,261,11758,3871,2,3869,151,0,151,101,,,,,,Saturday,Aug-21
400,29-08-2021,12015,259,11756,3871,1,3870,151,0,151,101,,,,,,Sunday,Aug-21
401,30-08-2021,12015,266,11749,3871,1,3870,151,0,151,88,,,,,,Monday,Aug-21
402,31-08-2021,12015,235,11780,3871,1,3870,151,0,151,85,,,,,,Tuesday,Aug-21
403,01-09-2021,12015,219,11796,3871,2,3869,151,0,151,86,,,,,,Wednesday,Sep-21
404,02-09-2021,12004,223,11781,3871,2,3869,151,0,151,80,,,,,,Thursday,Sep-21
405,03-09-2021,12012,242,11770,3871,2,3869,151,0,151,83,,,,,,Friday,Sep-21
406,04-09-2021,12015,217,11798,3871,2,3869,151,0,151,80,,,,,,Saturday,Sep-21
407,05-09-2021,12015,228,11787,3871,2,3869,151,0,151,91,,,,,,Sunday,Sep-21
408,06-09-2021,12015,244,11771,3871,3,3868,151,0,151,88,,,,,,Monday,Sep-21
409,07-09-2021,12015,237,11778,3871,4,3867,151,0,151,95,,,,,,Tuesday,Sep-21
410,08-09-2021,12015,259,11756,3871,7,3864,151,0,151,107,,,,,,Wednesday,Sep-21
411,09-09-2021,12015,258,11757,3871,7,3864,151,0,151,114,,,,,,Thursday,Sep-21
412,10-09-2021,11784,251,11533,3871,7,3864,151,0,151,105,,,,,,Friday,Sep-21
413,11-09-2021,11784,258,11526,3871,9,3862,151,0,151,110,,,,,,Saturday,Sep-21
414,12-09-2021,11784,258,11526,3871,9,3862,151,0,151,101,,,,,,Sunday,Sep-21
415,14-09-2021,11777,254,11523,3871,10,3861,151,0,151,98,,,,,,Tuesday,Sep-21
416,15-09-2021,11777,241,11536,3871,11,3860,151,0,151,95,,,,,,Wednesday,Sep-21
417,16-09-2021,11777,260,11517,3871,11,3860,151,0,151,110,,,,,,Thursday,Sep-21
418,17-09-2021,11887,256,11631,3871,9,3862,151,0,151,109,,,,,,Friday,Sep-21
419,18-09-2021,11881,237,11644,3871,7,3864,151,0,151,119,,,,,,Saturday,Sep-21
420,19-09-2021,11876,222,11654,3871,7,3864,151,0,151,130,,,,,,Sunday,Sep-21
421,20-09-2021,11876,236,11640,3871,7,3864,151,0,151,116,,,,,,Monday,Sep-21
422,21-09-2021,11876,227,11649,3871,7,3864,151,0,151,127,,,,,,Tuesday,Sep-21
423,22-09-2021,11860,242,11618,3871,8,3863,151,0,151,131,,,,,,Wednesday,Sep-21
424,23-09-2021,11804,248,11556,3871,9,3862,151,0,151,128,,,,,,Thursday,Sep-21
425,24-09-2021,11804,234,11570,3871,9,3862,151,0,151,124,,,,,,Friday,Sep-21
426,25-09-2021,11804,219,11585,3871,7,3864,151,0,151,126,,,,,,Saturday,Sep-21
427,26-09-2021,11794,217,11577,3871,7,3864,151,0,151,118,,,,,,Sunday,Sep-21
428,27-09-2021,11794,220,11574,3871,7,3864,151,0,151,107,,,,,,Monday,Sep-21
429,28-09-2021,11794,229,11565,3871,5,3866,151,0,151,105,,,,,,Tuesday,Sep-21
430,29-09-2021,11794,239,11555,3871,5,3866,151,0,151,107,,,,,,Wednesday,Sep-21
431,30-09-2021,11784,240,11544,3871,4,3867,151,0,151,109,,,,,,Thursday,Sep-21
432,01-10-2021,11784,248,11536,3871,4,3867,151,0,151,125,,,,,,Friday,Oct-21
433,02-10-2021,11768,237,11531,3871,3,3868,151,0,151,110,,,,,,Saturday,Oct-21
434,03-10-2021,11750,235,11515,3871,3,3868,151,0,151,115,,,,,,Sunday,Oct-21
435,04-10-2021,11750,245,11505,3871,1,3870,151,0,151,118,,,,,,Monday,Oct-21
436,05-10-2021,11750,213,11537,3871,0,3871,151,0,151,109,,,,,,Tuesday,Oct-21
437,06-10-2021,11720,217,11503,3871,0,3871,151,0,151,111,,,,,,Wednesday,Oct-21
438,07-10-2021,11720,226,11494,3871,1,3870,151,0,151,112,,,,,,Thursday,Oct-21
439,08-10-2021,11720,246,11474,3871,3,3868,151,0,151,111,,,,,,Friday,Oct-21
440,09-10-2021,12610,237,12373,3871,3,3868,151,0,151,107,,,,,,Saturday,Oct-21
441,10-10-2021,12600,218,12382,3871,3,3868,151,0,151,97,,,,,,Sunday,Oct-21
442,11-10-2021,12600,241,12359,3871,3,3868,151,0,151,102,,,,,,Monday,Oct-21
443,12-10-2021,12600,230,12370,3871,3,3868,151,0,151,98,,,,,,Tuesday,Oct-21
444,13-10-2021,12600,205,12395,3871,3,3868,151,0,151,99,,,,,,Wednesday,Oct-21
445,14-10-2021,12600,207,12393,3871,3,3868,151,0,151,99,,,,,,Thursday,Oct-21
446,15-10-2021,12600,194,12406,3871,3,3868,151,0,151,104,,,,,,Friday,Oct-21
447,16-10-2021,12580,206,12374,3871,3,3868,151,0,151,96,,,,,,Saturday,Oct-21
448,17-10-2021,12681,198,12483,3871,2,3869,151,0,151,88,,,,,,Sunday,Oct-21
449,18-10-2021,12673,189,12484,3871,2,3869,151,0,151,92,,,,,,Monday,Oct-21
450,19-10-2021,12256,181,12075,3871,2,3869,151,0,151,103,,,,,,Tuesday,Oct-21
451,20-10-2021,11805,187,11618,3871,2,3869,151,0,151,96,,,,,,Wednesday,Oct-21
452,21-10-2021,11668,188,11480,3871,2,3869,151,0,151,99,,,,,,Thursday,Oct-21
453,22-10-2021,11305,198,11107,3871,2,3869,151,0,151,102,,,,,,Friday,Oct-21
454,23-10-2021,11163,194,10969,3871,2,3869,151,0,151,98,,,,,,Saturday,Oct-21
455,24-10-2021,11160,189,10971,3871,0,3871,151,0,151,94,,,,,,Sunday,Oct-21
456,25-10-2021,11140,189,10951,3871,0,3871,151,0,151,91,,,,,,Monday,Oct-21
457,26-10-2021,11156,183,10973,3871,1,3870,151,0,151,98,,,,,,Tuesday,Oct-21
458,27-10-2021,11194,204,10990,3871,0,3871,151,0,151,106,,,,,,Wednesday,Oct-21
459,28-10-2021,10937,188,10749,3871,0,3871,151,0,151,115,,,,,,Thursday,Oct-21
460,29-10-2021,10594,164,10430,3871,0,3871,151,0,151,133,,,,,,Friday,Oct-21
461,30-10-2021,9973,184,9789,3871,0,3871,151,0,151,128,,,,,,Saturday,Oct-21
462,31-10-2021,9890,161,9729,3871,0,3871,151,0,151,142,,,,,,Sunday,Oct-21
463,01-11-2021,9857,149,9708,3871,0,3871,151,0,151,150,,,,,,Monday,Nov-21
464,02-11-2021,9397,134,9263,3871,0,3871,151,0,151,141,,,,,,Tuesday,Nov-21
465,03-11-2021,9326,127,9199,3871,3,3868,151,0,151,149,,,,,,Wednesday,Nov-21
466,04-11-2021,9326,117,9209,3871,0,3871,151,0,151,146,,,,,,Thursday,Nov-21
467,05-11-2021,9281,138,9143,3871,0,3871,151,0,151,158,,,,,,Friday,Nov-21
468,06-11-2021,9281,152,9129,3871,0,3871,151,0,151,163,,,,,,Saturday,Nov-21
469,07-11-2021,9286,157,9129,3871,0,3871,151,0,151,161,,,,,,Sunday,Nov-21
470,08-11-2021,9246,152,9094,3871,0,3871,151,0,151,165,,,,,,Monday,Nov-21
471,09-11-2021,9245,152,9093,3871,0,3871,140,0,140,164,,,,,,Tuesday,Nov-21
472,10-11-2021,9135,170,8965,3871,0,3871,140,0,140,164,,,,,,Wednesday,Nov-21
473,11-11-2021,9070,162,8908,3871,0,3871,140,0,140,165,,,,,,Thursday,Nov-21
474,12-11-2021,9070,152,8918,3871,1,3870,140,0,140,156,,,,,,Friday,Nov-21
475,13-11-2021,9070,147,8923,3871,3,3868,140,0,140,155,,,,,,Saturday,Nov-21
476,14-11-2021,9051,151,8900,3871,4,3867,140,0,140,158,,,,,,Sunday,Nov-21
477,15-11-2021,9041,153,8888,3871,4,3867,140,0,140,164,,,,,,Monday,Nov-21
478,16-11-2021,9041,153,8888,3871,4,3867,140,0,140,156,,,,,,Tuesday,Nov-21
479,17-11-2021,9041,154,8887,3871,4,3867,140,0,140,144,,,,,,Wednesday,Nov-21
480,18-11-2021,9041,156,8885,3871,4,3867,140,0,140,155,,,,,,Thursday,Nov-21
481,19-11-2021,9041,146,8895,3871,4,3867,140,0,140,145,,,,,,Friday,Nov-21
482,20-11-2021,9041,139,8902,3871,4,3867,140,0,140,150,,,,,,Saturday,Nov-21
483,21-11-2021,9041,143,8898,3871,4,3867,140,0,140,133,,,,,,Sunday,Nov-21
484,22-11-2021,9041,141,8900,3871,4,3867,140,0,140,126,,,,,,Monday,Nov-21
485,23-11-2021,9041,142,8899,3871,4,3867,140,0,140,123,,,,,,Tuesday,Nov-21
486,24-11-2021,9041,147,8894,3871,4,3867,140,0,140,125,,,,,,Wednesday,Nov-21
487,25-11-2021,9041,144,8897,3871,4,3867,140,0,140,131,,,,,,Thursday,Nov-21
488,26-11-2021,8968,143,8825,3871,4,3867,140,0,140,131,,,,,,Friday,Nov-21
489,27-11-2021,8980,138,8842,3871,3,3868,140,0,140,115,,,,,,Saturday,Nov-21
490,28-11-2021,8980,138,8842,3871,3,3868,140,0,140,115,,,,,,Sunday,Nov-21
491,29-11-2021,8968,111,8857,3871,0,3871,140,0,140,136,,,,,,Monday,Nov-21
492,30-11-2021,8968,130,8838,3871,0,3871,140,0,140,136,,,,,,Tuesday,Nov-21
493,01-12-2021,8968,111,8857,3871,0,3871,140,0,140,136,,,,,,Wednesday,Dec-21
494,02-12-2021,8968,130,8838,3871,0,3871,140,0,140,136,,,,,,Thursday,Dec-21
495,03-12-2021,8969,158,8811,3871,0,3871,140,0,140,120,,,,,,Friday,Dec-21
496,04-12-2021,8969,150,8819,3871,0,3871,140,0,140,121,,,,,,Saturday,Dec-21
497,05-12-2021,8969,163,8806,3871,0,3871,140,0,140,144,,,,,,Sunday,Dec-21
498,06-12-2021,9004,151,8853,3871,0,3871,140,0,140,153,,,,,,Monday,Dec-21
499,07-12-2021,8994,173,8821,3871,0,3871,140,0,140,152,,,,,,Tuesday,Dec-21
500,08-12-2021,8989,179,8810,3871,0,3871,140,0,140,160,,,,,,Wednesday,Dec-21
501,09-12-2021,9009,166,8843,3871,0,3871,140,0,140,165,,,,,,Thursday,Dec-21
502,10-12-2021,9009,160,8849,3871,0,3871,140,0,140,169,,,,,,Friday,Dec-21
503,11-12-2021,9019,152,8867,3871,0,3871,140,0,140,181,,,,,,Saturday,Dec-21
504,12-12-2021,9019,153,8866,3871,0,3871,140,0,140,188,,,,,,Sunday,Dec-21
505,13-12-2021,8994,164,8830,3871,0,3871,140,0,140,199,,,,,,Monday,Dec-21
506,14-12-2021,8994,169,8825,3871,0,3871,140,0,140,193,,,,,,Tuesday,Dec-21
507,15-12-2021,8975,179,8796,3871,0,3871,140,0,140,192,,,,,,Wednesday,Dec-21
508,16-12-2021,8987,188,8799,3871,0,3871,140,0,140,202,,,,,,Thursday,Dec-21
509,17-12-2021,8995,187,8808,3871,0,3871,140,0,140,210,,,,,,Friday,Dec-21
510,18-12-2021,8995,195,8800,3871,0,3871,140,0,140,203,,,,,,Saturday,Dec-21
511,19-12-2021,8978,208,8770,3871,0,3871,140,0,140,225,,,,,,Sunday,Dec-21
512,20-12-2021,8975,197,8778,3871,0,3871,140,0,140,243,,,,,,Monday,Dec-21
513,21-12-2021,9035,193,8842,3871,0,3871,140,0,140,262,,,,,,Tuesday,Dec-21
514,22-12-2021,9035,210,8825,3871,0,3871,140,0,140,289,,,,,,Wednesday,Dec-21
515,23-12-2021,9034,230,8804,3871,0,3871,140,0,140,336,,,,,,Thursday,Dec-21
516,24-12-2021,8961,227,8734,3871,0,3871,140,0,140,375,,,,,,Friday,Dec-21
517,25-12-2021,8961,221,8740,3871,0,3871,140,0,140,464,,,,,,Saturday,Dec-21
518,26-12-2021,8960,230,8730,3871,0,3871,140,0,140,583,,,,,,Sunday,Dec-21
519,27-12-2021,8905,266,8639,3871,0,3871,140,0,140,692,,,,,,Monday,Dec-21
520,28-12-2021,8839,280,8559,3871,0,3871,140,0,140,836,,,,,,Tuesday,Dec-21
521,29-12-2021,8965,262,8703,3871,0,3871,140,0,140,1068,,,,,,Wednesday,Dec-21
522,30-12-2021,8835,189,8646,4271,111,4160,140,0,140,1560,,,,,,Thursday,Dec-21
523,31-12-2021,8943,226,8717,4221,146,4075,140,0,140,2284,,,,,,Friday,Dec-21
524,01-01-2022,8883,247,8636,4191,172,247,140,1,139,3248,,,,,,Saturday,Jan-22
525,02-01-2022,9024,307,8717,4191,195,3996,140,0,140,4759,,,,,,Sunday,Jan-22
526,03-01-2022,9029,420,8609,4196,244,3952,140,1,139,6288,,,,,,Monday,Jan-22
527,04-01-2022,9042,531,8511,4547,324,4223,140,1,139,8593,,,,,,Tuesday,Jan-22
