date,cases_new,tests_today,tests_total,cases_total,discharged_total,deaths_total,active_cases,vax_today
2020-05-01,,185,6674,,,,,
2020-05-02,,188,6961,,,,,
2020-05-03,,137,7169,,,,,
2020-05-04,,161,7397,,,,,
2020-05-05,,121,7625,,,,,
2020-05-06,,136,7905,,,,,
2020-05-07,,192,8306,,,,,
2020-05-08,,105,8529,,,,,
2020-05-09,,190,8799,,,,,
2020-05-10,,93,8987,,,,,
2020-05-11,,149,9229,,,,,
2020-05-12,,320,9740,,,,,
2020-05-13,,251,10011,,,,,
2020-05-14,,263,10443,,,,,
2020-05-15,,495,11194,,,,,
2020-05-16,,504,11701,,,,,
2020-05-17,,513,12254,,,,,
2020-05-18,,572,12898,,,,,
2020-05-19,,735,13662,,,,,
2020-05-20,,706,14426,,,,,
2020-05-21,,829,15392,,,,,
2020-05-22,,1280,16833,,,,,
2020-05-23,,1268,18016,,,,,
2020-05-24,,1062,19679,,,,,
2020-05-25,,1044,20804,332,58,4,267,
2020-05-26,,737,21751,400,64,4,329,
2020-05-27,,924,22557,438,79,4,352,
2020-05-28,,1004,23898,493,79,4,407,
2020-05-29,,1352,25380,602,89,5,505,
2020-05-30,,1152,26755,727,102,5,617,
2020-05-31,,1485,28657,802,102,5,692,
2020-06-01,,953,29843,929,200,6,720,
2020-06-02,,1218,31101,999,243,7,746,
2020-06-03,,1044,32339,1066,259,8,795,
2020-06-04,,550,33022,1145,286,10,845,
2020-06-05,,498,33804,1199,309,11,874,
2020-06-06,,446,34334,1245,422,11,807,
2020-06-07,,501,34771,1341,498,13,824,
2020-06-08,,545,36700,1380,663,13,697,
2020-06-09,,723,37784,1488,749,13,719,
2020-06-17,43,1493,49462,1985,1230,25,717,
2020-06-18,57,1038,50796,2079,1262,26,777,
2020-06-19,25,1315,53155,2127,1423,26,663,
2020-06-20,101,1279,54512,2278,1433,27,803,
2020-06-21,23,1124,55819,2324,1486,27,796,
2020-06-22,57,769,56724,2401,1511,27,848,
2020-06-23,103,1607,58338,2505,1541,29,920,
2020-06-24,33,1115,59616,2568,1653,35,863,
2020-06-25,20,1249,61165,2642,1745,35,845,
2020-06-26,34,1293,62500,2725,1822,37,848,
2020-06-27,66,1257,63960,2791,1912,37,824,
2020-06-28,32,959,64984,2823,2018,38,749,
2020-06-29,8,1412,66396,2831,2111,39,659,
2020-06-30,51,2193,69024,2881,2231,41,582,
2020-07-01,66,951,70032,2947,2317,41,562,
2020-07-02,37,1143,72104,2984,2405,42,510,
2020-07-03,64,1224,73738,3048,2481,42,498,
2020-07-04,45,1021,76878,3093,2502,42,522,
2020-07-05,31,838,78306,3124,2524,42,530,
2020-07-06,37,1175,79605,3161,2586,42,505,
2020-07-07,69,1632,81447,3230,2621,43,538,
2020-07-08,28,1968,83900,3258,2650,46,534,
2020-07-09,47,2097,86458,3305,2672,46,558,
2020-07-10,68,2114,89179,3373,2706,46,592,
2020-07-11,45,2009,92198,3417,2718,46,623,
2020-07-12,120,1739,94121,3537,2786,47,674,
2020-07-13,71,1867,96123,3608,2856,49,671,
2020-07-14,78,2595,98878,3686,2867,50,736,
2020-07-15,104,2985,102529,3785,2948,50,754,
2020-07-17,120,3617,113846,4102,3021,51,996,
2020-07-18,174,2653,116694,4276,3081,52,1108,
2020-07-19,239,2573,119345,4515,3116,52,1311,
2020-07-20,127,3625,123000,4642,3212,55,1338,
2020-07-21,210,3875,127098,4849,3297,55,1459,
2020-07-22,451,2966,129783,5300,3349,57,1856,
2020-07-24,272,3070,135447,5717,3441,62,2176,
2020-07-25,244,3465,139229,5961,3495,63,2365,
2020-07-26,143,2379,141431,6104,3566,63,2437,
2020-07-27,224,3349,145627,6328,3675,66,2549,
2020-07-28,259,3647,150065,6587,3720,70,2759,
2020-07-29,279,3780,154984,6866,3811,72,2945,
2020-07-30,199,5285,163683,7065,3996,76,2955,
2020-07-31,118,3964,168113,7183,4168,80,2897,
2020-08-01,264,4134,172477,7447,4330,83,2996,
2020-08-02,146,3083,175881,7593,4437,86,3032,
2020-08-03,207,2668,178595,7800,4538,90,3134,
2020-08-04,208,3964,182335,8008,4847,95,3028,
2020-08-05,246,4779,186966,8254,5233,98,2885,
2020-08-06,298,3932,190898,8552,5427,98,2989,
2020-08-07,278,5279,199081,8901,5731,112,3020,
2020-08-08,501,4743,205565,9402,5963,117,3283,
2020-08-09,230,4062,209627,9632,6134,125,3334,
2020-08-10,389,5140,218838,10021,6301,134,3547,
2020-08-11,411,5114,225618,10432,6470,136,3787,
2020-08-12,439,5121,232259,10886,6687,140,4020,
2020-08-13,416,6491,242150,11302,7014,143,4103,
2020-08-14,313,7186,251236,11615,7502,147,3924,
2020-08-15,325,4696,256008,11940,7748,151,3997,
2020-08-16,235,5038,260790,12175,8100,152,3879,
2020-08-17,319,5053,265748,12493,8485,158,3806,
2020-08-18,497,7609,273357,12961,8724,164,4024,
2020-08-19,264,6604,279961,13225,9132,178,3865,
2020-08-20,411,6369,286330,13636,9433,187,3966,
2020-08-21,447,7091,294279,14083,9676,192,4164,
2020-08-22,483,6952,301813,14566,10021,195,4296,
2020-08-24,412,6960,316265,15529,10912,207,4355,
2020-08-25,485,8809,325384,16014,11201,213,4545,
2020-08-26,535,8794,334979,16549,11524,219,4749,
2020-08-27,728,9530,348897,17277,11775,228,5215,
2020-08-28,588,10105,361389,17865,12124,239,5440,
2020-08-29,658,10796,376747,18571,12524,250,5735,
2020-08-30,664,8218,384796,19235,13004,257,5912,
2020-08-31,592,8447,394015,19827,13608,269,5887,
2020-09-01,571,9940,403955,20398,14012,280,6042,
2020-09-02,836,9286,413595,21234,14437,291,6442,
2020-09-03,946,9909,424156,22180,14945,300,6871,
2020-09-04,831,10821,435449,23011,15447,312,7187,
2020-09-05,950,9126,445277,23961,15982,330,7575,
2020-09-06,668,8273,454027,24629,16573,341,7640,
2020-09-07,807,7721,462803,25436,17046,348,7965,
2020-09-08,658,8655,472111,26094,17473,360,8184,
2020-09-09,1061,9879,482663,27211,18262,372,8500,
2020-09-10,1015,8116,491505,28226,18783,377,8955,
2020-09-11,995,8861,501880,29221,19428,388,9294,
2020-09-12,1115,8006,511129,30336,20031,402,9781,
2020-09-13,1637,7291,519869,31973,21040,414,10397,
2020-09-14,1043,7377,528897,33016,22077,429,10374,
2020-09-15,1391,9835,541910,34407,23085,438,10739,
2020-09-16,1540,9528,555071,35947,24277,447,11068,
2020-09-17,1192,9148,567169,37139,24810,460,11714,
2020-09-18,868,9805,579582,38007,26095,464,11293,
2020-09-19,2078,8778,594476,40085,26973,478,12465,
2020-09-20,878,7133,605236,40963,27828,491,12455,
2020-09-21,814,8546,616986,41777,29000,501,12075,
2020-09-22,874,10891,630448,42651,30107,512,11831,
2020-09-23,1069,7698,638707,43720,31123,529,11867,
2020-09-24,684,7575,648140,44404,32154,542,11507,
2020-09-25,928,8022,656974,45332,33642,555,10934,
2020-09-26,949,8082,668282,46281,34649,566,10856,
2020-09-27,764,6508,679596,47045,35462,574,10799,
2020-09-28,457,7402,690421,47502,36646,580,10066,
2020-09-29,493,9330,701139,47995,38059,591,9122,
2020-09-30,1005,9985,712124,49000,39035,611,9111,
2020-10-01,365,9919,721019,49248,39836,625,8544,
2020-10-02,311,8343,728436,49559,40176,636,8504,
2020-10-03,503,8630,736371,50062,41095,648,8076,
2020-10-04,1419,7373,743551,51481,41487,652,9089,
2020-10-05,510,9673,753224,51991,42368,669,8701,
2020-10-06,338,10660,763884,52329,42968,677,8414,
2020-10-07,630,11509,776868,52959,43631,688,8367,
2020-10-08,400,11703,789115,53359,44535,702,7849,
2020-10-09,704,10595,801966,54063,45774,716,7289,
2020-10-10,462,11272,814616,54525,46186,734,7321,
2020-10-11,526,7568,822184,55051,46642,747,7373,
2020-10-12,296,9579,831812,55347,47306,762,6976,
2020-10-13,294,11866,845333,55641,47971,782,6576,
2020-10-14,429,11937,858167,56070,48798,796,6145,
2020-10-15,423,11399,870458,56493,49631,814,5682,
2020-10-16,549,11692,883120,57042,50155,829,5692,
2020-10-24,359,10899,979025,60155,54169,984,4542,
2020-10-25,221,8244,987364,60376,54488,993,4425,
2020-10-26,368,9161,996525,60744,55188,1001,4080,
2020-10-27,213,12233,1008758,60957,55610,1007,3865,
2020-10-28,304,13207,1021965,61261,56073,1009,3696,
2020-10-29,305,12854,1034819,61566,56529,1009,3545,
2020-10-30,349,10844,1010617,61915,56771,1011,3634,
2020-10-31,413,10257,1022780,62328,56923,1023,3883,
2020-11-01,222,9413,1033417,62550,57101,1027,3914,
2020-11-02,331,11090,1042666,62881,57542,1029,3802,
2020-11-03,316,11119,1055463,63197,57951,1033,3705,
2020-11-04,388,9240,1067295,63585,58221,1038,3818,
2020-11-05,480,10598,1078499,64065,58823,1047,3680,
2020-11-06,473,11479,1090119,64538,59227,1056,3736,
2020-11-07,498,10895,1099557,65036,59564,1063,3890,
2020-11-08,243,6571,1110511,65279,59719,1065,3972,
2020-11-09,398,11683,1120019,65677,59924,1075,4149,
2020-11-10,328,12587,1132143,66005,60429,1080,3955,
2021-01-31,61,5312,2134552,96129,91966,1644,1175,2437
2021-01-30,82,8830,2127358,96068,91880,1643,1202,2973
2021-01-29,78,8976,2116001,95986,91713,1642,1289,6301
2021-01-28,82,8666,2104208,95908,91597,1642,1338,4827
2021-01-27,85,9570,2095086,95826,91419,1639,1439,144
2021-01-26,39,5544,2086012,95741,91323,1636,1455,
2021-01-25,62,12114,2078868,95702,91221,1635,1523,4032
2021-01-24,54,6508,2067575,95640,90967,1631,1725,
2021-01-23,122,12103,2057076,95586,90942,1629,1701,
2021-01-22,110,12985,2043087,95464,90730,1629,1795,2308
2021-01-21,162,12281,2030241,95354,90547,1626,1876,2087
2021-01-20,153,10852,2019442,95192,90264,1622,2005,
2021-01-19,116,13012,2005841,95039,90133,1619,1992,1882
2021-01-18,120,12016,1995328,94923,89882,1617,2136,1961
2021-01-17,112,5872,1983478,94803,89552,1611,2354,
2021-01-16,226,11424,1974851,94691,89454,1606,2349,
2021-01-15,141,11795,1958238,94465,89182,1602,2406,
2021-01-14,154,8825,1947524,94324,88948,1596,2510,
2021-01-13,209,10442,1939315,94170,88761,1593,2552,
2021-01-12,184,11963,1928509,93961,88472,1589,2643,
2021-01-11,156,11217,1915738,93777,88196,1578,2753,
2021-01-10,223,6623,1905558,93621,87673,1573,3130,
2021-01-09,287,11286,1894977,93398,87370,1568,3215,
2021-01-08,269,12913,1881487,93111,87127,1562,3179,
2021-01-07,249,11374,1867428,92842,86737,1555,3309,
2021-01-06,227,11159,1856630,92593,86298,1549,3515,
2021-01-05,254,11678,1842877,92366,85883,1544,3717,
2021-01-04,301,11476,1830267,92112,85400,1535,3966,
2021-01-03,267,6526,1817112,91811,84705,1527,4376,
2021-01-02,263,10917,1805057,91544,84461,1522,4364,
2021-01-01,361,11965,1791371,91281,83998,1515,4577,
2020-12-31,304,13422,1777371,90920,83506,1509,4719,
2020-12-30,449,13573,1764992,90616,82967,1504,4963,
2020-12-29,317,13541,1749909,90167,82243,1495,5256,
2020-12-28,205,11920,1734682,89850,81688,1489,5511,
2020-12-27,427,9210,1722827,89645,81383,1483,5625,
2020-12-26,374,12770,1711094,89218,81154,1476,5444,
2020-12-25,468,12716,1695770,88844,80738,1463,5510,
2020-12-24,436,12789,1681063,88376,80467,1458,5331,
2020-12-23,564,14742,1666855,87940,79888,1447,5507,
2020-12-22,611,15136,1650000,87376,79341,1439,5512,
2020-12-21,448,13612,1633039,86765,78686,1426,5584,
2020-12-20,464,9112,1616842,86317,77673,1413,6177,
2020-12-19,584,15238,1602656,85853,77326,1408,6074,
2020-12-18,580,15646,1586410,85269,76770,1399,6067,
2020-12-17,620,14427,1567251,84689,76223,1384,6062,
2020-12-16,567,14237,1553462,84069,75547,1375,6140,
2020-12-15,496,14902,1540117,83502,75049,1372,6089,
2020-12-14,577,14154,1527416,83006,74525,1361,6144,
2020-12-13,490,8320,1514002,82429,73818,1355,6293,
2020-12-12,728,12795,1503731,81939,73422,1351,6207,
2020-12-11,725,14975,1489651,81211,72987,1341,5934,
2020-12-10,830,12618,1475936,80486,72479,1332,5742,
2020-12-09,515,14714,1464857,79656,71966,1320,5456,
2020-12-08,632,12816,1453671,79141,71541,1307,5399,
2020-12-07,512,13660,1437538,78509,71105,1295,5234,
2020-12-06,424,7786,1424389,77997,70634,1285,5223,
2020-12-05,680,13727,1409056,77573,70288,1281,5176,
2020-12-04,618,14358,1396331,76893,69831,1273,4994,
2020-12-03,491,12904,1380312,76275,69271,1263,4967,
2020-12-02,516,13587,1367575,75784,68838,1251,4955,
2020-12-01,473,13956,1352453,75268,68365,1238,4947,
2020-11-11,783,10887,1144534,66788,60900,1086,4251,
2020-11-12,451,9743,1155651,67239,61432,1093,4156,
2020-11-13,467,7808,1167497,67706,61732,1097,4307,
2020-11-14,296,3198,1171730,68002,61896,1102,4417,
2020-11-15,213,3620,1175816,68215,61950,1107,4565,
2020-11-16,243,6475,1183449,68458,62555,1116,4184,
2020-11-17,429,11162,1192023,68887,62995,1119,4165,
2020-11-18,420,11959,1202152,69307,63420,1128,4147,
2020-11-19,386,13088,1212717,69693,63808,1133,4133,
2020-11-20,512,13048,1224223,70205,64393,1138,4051,
2020-11-21,585,12262,1236008,70790,64851,1146,4166,
2020-11-22,466,6884,1245090,71256,65102,1155,4368,
2020-11-23,376,13176,1256524,71632,65530,1162,4298,
2020-11-24,528,13151,1267525,72160,65703,1180,4631,
2020-11-25,482,12021,1277786,72642,66147,1185,4658,
2020-11-26,355,13470,1288946,72997,66464,1196,4682,
2020-11-27,530,14649,1301968,73527,66855,1201,4812,
2020-11-28,424,13645,1315525,73951,67197,1214,4876,
2020-11-29,389,8523,1327314,74340,67475,1222,4970,
2020-11-30,455,10666,1340279,74795,67827,1231,5059,
2021-03-31,293,15743,2739909,100411,95330,1717,1863,2426
2021-03-30,128,8092,2728555,100118,95212,1713,1696,1779
2021-03-29,109,3100,2719648,99990,95065,1711,1724,
2021-03-28,366,7627,2714881,99881,95025,1709,1660,389
2021-03-27,257,11477,2699095,99515,94983,1709,1339,2038
2021-03-26,186,12352,2692394,99258,94916,1708,1162,2520
2021-03-25,192,11329,2678962,99072,94755,1707,1150,2700
2021-03-24,200,10608,2669701,98880,94634,1706,1112,2545
2021-03-23,94,11778,2657619,98646,94585,1706,930,4871
2021-03-22,104,11610,2643518,98552,94533,1704,894,7405
2021-03-21,137,10024,2631682,98448,94462,1704,861,298
2021-03-20,83,14603,2621706,98311,94430,1704,756,2992
2021-03-19,99,12578,2610397,98228,94380,1704,728,6606
2021-03-18,88,10965,2599595,98129,94311,1704,698,8948
2021-03-17,110,9730,2590074,98041,94250,1704,672,1442
2021-03-16,65,9021,2577879,97931,94215,1704,599,8539
2021-03-15,60,9957,2569444,97866,94168,1704,581,6960
2021-03-14,52,9382,2560427,97806,94082,1703,609,749
2021-03-13,54,16768,2551295,97754,94058,1702,583,5608
2021-03-12,66,29743,2536247,97700,93952,1700,638,8400
2021-03-11,69,18034,2520835,97634,93884,1698,642,851
2021-03-10,36,10548,2500644,97565,93858,1697,600,4680
2021-03-09,49,9886,2487980,97529,93813,1695,611,8120
2021-03-08,58,10257,2479995,97480,93715,1695,662,8792
2021-03-07,59,6916,2471096,97422,93689,1695,632,
2021-03-06,78,8624,2463762,97363,93667,1694,596,12082
2021-03-05,51,8391,2454398,97285,93629,1694,556,12470
2021-03-04,100,7923,2445312,97234,93594,1692,542,12769
2021-03-03,45,8922,2436780,97134,93575,1692,463,7210
2021-03-02,70,8574,2426085,97089,93544,1692,451,6350
2021-03-01,27,10017,2417419,97019,93479,1692,447,332
2021-02-28,43,19194,2406703,96992,93453,1692,451,
2021-02-27,81,18581,2384737,96949,93442,1692,421,
2021-02-26,53,9716,2369727,96890,93438,1691,364,6792
2021-02-25,17,8172,2359483,96837,93400,1690,351,3992
2021-02-24,47,8317,2341175,96820,93348,1690,388,3503
2021-02-22,32,7026,2325000,96719,93230,1689,411,4793
2021-02-21,30,3156,2319133,96687,93158,1687,457,496
2021-02-20,13,7248,2312851,96657,93142,1686,454,2602
2021-02-19,26,9403,2303686,97031,93407,1686,495,5487
2021-02-18,41,8992,2294135,97005,93339,1684,549,3981
2021-02-17,44,18574,2286792,96964,93309,1683,548,5036
2021-02-16,53,11595,2266583,96920,93256,1682,564,5024
2021-02-15,47,7782,2255193,96867,93160,1680,615,6376
2021-02-14,54,4733,2247287,96820,93061,1680,687,1470
2021-02-13,44,13093,2240181,96766,93060,1680,637,4922
2021-02-12,49,15233,2230515,96722,93013,1678,648,6434
2021-02-11,48,8772,2220621,96673,92950,1676,669,7135
2021-02-10,35,7783,2210318,96625,92873,1674,707,5124
2021-02-09,54,7874,2203190,96590,92763,1673,790,6076
2021-02-08,43,7158,2195969,96536,92696,1671,808,4676
2021-02-07,15,3867,2190489,96493,92554,1668,912,845
2021-02-06,47,6455,2184998,96478,92519,1664,937,3470
2021-02-05,47,6657,2175808,96431,92469,1662,945,7434
2021-02-04,103,6605,2167413,96384,92372,1659,1002,8705
2021-02-03,54,7771,2159724,96281,92280,1655,997,10723
2021-02-02,47,6775,2150398,96227,92185,1651,1043,5925
2021-02-01,51,7897,2142303,96180,92105,1648,1081,6077
2021-05-31,1156,29223,4794885,329494,288928,6452,28371,15203
2021-05-30,1226,22766,4764419,328338,285889,6401,30357,12364
2021-05-29,1687,32682,4734270,327112,283962,6360,31110,15460
2021-05-28,1942,34860,4697243,325425,279516,6261,33994,17629
2021-05-27,2146,34601,4659648,323483,272488,6201,39177,17524
2021-05-26,2991,29751,4622698,321337,266182,6113,43520,12520
2021-05-25,2756,36541,4585942,318346,261328,6020,45568,19648
2021-05-24,2071,32214,4548874,315590,254654,5927,49579,23829
2021-05-23,3050,28142,4516781,313519,247603,5805,54735,9769
2021-05-22,2903,34191,4475669,310469,241430,5734,57929,12957
2021-05-21,3626,31491,4443937,307566,233266,5600,63373,14860
2021-05-20,3658,26414,4401501,303940,224535,5484,68643,15959
2021-05-19,4492,35177,4366657,300282,216529,5325,73172,12621
2021-05-18,4785,35004,4329896,295790,209196,5132,76232,23750
2021-05-17,3719,28676,4291896,291005,202177,5034,78608,28214
2021-05-16,4496,21224,4262233,287286,198530,4811,78802,18421
2021-05-15,5654,27881,4228389,283239,193496,4623,80000,33090
2021-05-14,5775,25291,4204379,277585,188690,4426,79379,32881
2021-05-13,7127,26089,4175285,271810,184207,4245,78304,30843
2021-05-12,7749,27796,4146577,264683,178459,4123,77082,38931
2021-05-11,7120,29650,4111684,256934,171454,4014,76500,53036
2021-05-10,5541,25497,4083756,249814,166521,3896,74480,63779
2021-05-09,5890,17579,4057194,244273,161634,3728,74114,22855
2021-05-08,8390,34937,4030481,238383,158903,3548,71174,48553
2021-05-07,9642,30531,3991171,229993,154132,3430,67691,35771
2021-05-06,8517,33097,3954321,220351,149489,3293,62911,55885
2021-05-05,7783,43489,3918586,211834,144941,3142,59526,42268
2021-05-04,7028,45213,3912724,204051,140184,3015,56627,25413
2021-05-03,5403,38174,3874678,197023,134488,2930,55436,8941
2021-05-02,5606,23285,3841463,191620,131144,2802,53612,
2021-05-01,5493,35058,3815200,186014,128209,2731,51127,70175
2021-04-30,5654,34642,3782632,180521,124565,2624,49492,44691
2021-04-29,6251,39852,3752603,174867,120350,2502,48318,42136
2021-04-28,6054,44774,3718006,168616,117221,2417,45383,35898
2021-04-27,5703,14277,3675568,162562,113736,2309,43032,39180
2021-04-26,5058,33059,3637694,156859,112265,2213,39031,42614
2021-04-25,4368,33808,3574574,151801,110664,2146,35864,20990
2021-04-24,5084,40479,3536994,147433,108916,2102,33330,41222
2021-04-23,4339,31152,3500685,142349,107450,2021,29949,62872
2021-04-22,3998,29709,3464616,138010,106271,1972,26980,34020
2021-04-21,4807,36897,3428170,134012,104527,1953,24893,43216
2021-04-20,3012,26872,3391513,129205,103633,1919,21014,66726
2021-04-19,2160,36023,3363489,126193,102899,1892,18864,43947
2021-04-18,2630,33332,3333159,124033,102367,1868,17293,
2021-04-17,2757,39923,3300338,121403,101659,1856,15386,40309
2021-04-16,2402,40585,3248037,118646,100857,1819,13546,48448
2021-04-15,2220,43241,3215093,116244,99777,1802,12484,34552
2021-04-14,1953,47619,3176482,114024,99380,1793,10770,30600
2021-04-13,1925,36773,3131226,112071,98897,1780,9353,34299
2021-04-12,1334,42432,3085100,110146,98492,1767,7846,49242
2021-04-11,1333,36128,3048668,108812,97887,1760,7323,29719
2021-04-10,1233,28990,3016050,107479,97644,1752,6241,45684
2021-04-09,748,35363,2982382,106246,97327,1749,5384,60841
2021-04-08,787,36325,2950213,105498,97000,1744,5042,107658
2021-04-07,1109,33050,2920139,104711,96735,1741,4526,63470
2021-04-06,791,34968,2888890,103602,96647,1736,3607,60214
2021-04-05,547,31932,2840027,102811,96296,1729,3201,54386
2021-07-31,38,24860,6298254,342139,328108,7362,632,81375
2021-07-30,41,28300,6272832,342023,327979,7362,645,86869
2021-07-29,48,27507,6246383,341982,327915,7361,669,91097
2021-07-28,60,24966,6220716,341934,327864,7361,672,33882
2021-07-27,43,27893,6192906,341874,327818,7361,659,40946
2021-07-26,54,28123,6164559,341778,327766,7359,638,31930
2021-07-25,51,22021,6138887,341724,327716,7359,637,19721
2021-07-23,11,26889,6086477,341640,327664,7359,606,47795
2021-07-22,56,24129,6060032,341629,327606,7359,649,41968
2021-07-21,37,18090,6035217,341573,327558,7357,643,42022
2021-07-20,50,22041,6014967,341536,327544,7357,620,87964
2021-07-19,34,20019,5993581,341486,327511,7357,604,45342
2021-07-18,19,17149,5973244,341452,327464,7356,623,33030
2021-07-17,32,23795,5954389,341433,327412,7356,656,50417
2021-06-13,263,14292,5133927,336879,319559,6935,4633,29450
2021-06-12,463,19896,5102496,336616,318930,6928,5021,38338
2021-06-11,287,23234,5073364,336153,318235,6909,5277,43824
2021-06-10,388,25538,5046601,335866,316621,6878,6641,48290
2021-06-09,513,23676,5028341,335478,313379,6849,9258,38872
2021-06-08,546,25474,5004569,334965,310291,6797,11885,38993
2021-06-07,395,23271,4979584,334419,307574,6731,14122,24432
2021-06-06,446,17568,4957645,334024,305239,6699,16125,31185
2021-06-05,619,24058,4936696,333578,303659,6664,17305,34497
2021-06-04,892,24172,4913184,332959,301128,6631,19283,24941
2021-06-03,589,27400,4886352,332067,297122,6573,22530,14506
2021-06-02,1003,29486,4858215,331478,293768,6535,25366,12224
2021-06-01,981,30624,4825524,330475,290990,6497,27216,15648
2021-10-31,5,6747,7781148,343896,330195,7400,151,17807
2021-10-30,15,10438,7771624,343891,330186,7400,155,45400
2021-10-29,7,12280,7759881,343876,330180,7400,146,49133
2021-10-28,9,13178,7747261,343869,330173,7400,146,40172
2021-10-27,17,14420,7733194,343861,330163,7399,150,42798
2021-10-26,12,12860,7719760,343844,330145,7399,156,47761
2021-10-25,11,12593,7708051,343832,330137,7399,156,39476
2021-10-24,6,6955,7697771,343821,330121,7399,163,12797
2021-10-23,16,13480,7687894,343815,330112,7398,169,36170
2021-10-22,12,13191,7675527,343799,330099,7398,166,39957
2021-10-21,14,12739,7663757,343787,330085,7398,176,34172
2021-10-20,8,9413,7651916,343773,330071,7398,176,22032
2021-10-19,6,7968,7644446,343765,330065,7397,175,22038
2021-10-18,3,9378,7635444,343759,330058,7397,176,19786
2021-10-17,9,7887,7625367,343756,330054,7397,178,15701
2021-10-16,8,11736,7614498,343747,330047,7397,177,25941
2021-10-15,10,9273,7603099,343739,330041,7397,179,11541
2021-10-14,28,12526,7591380,343729,330036,7397,175,29604
2021-10-13,6,15533,7576643,343701,330032,7397,153,21840
2021-10-12,20,14771,7562158,343695,330022,7397,158,24918
2021-10-11,7,13623,7546861,343675,330007,7396,162,27397
2021-10-10,6,7868,7536187,343668,329991,7396,172,12751
2021-10-09,17,13596,7524461,343662,329984,7396,173,25319
2021-10-08,19,15625,7510831,343645,329976,7396,166,30219
2021-10-07,8,14924,7495348,343626,329967,7396,156,17759
2021-10-06,22,15308,7478809,343618,329953,7396,163,24345
2021-10-05,12,17209,7462839,343596,329946,7395,149,32583
2021-10-04,17,16306,7448199,343584,329936,7395,150,34535
2021-10-03,12,8191,7436267,343567,329920,7395,152,13324
2021-10-02,5,9931,7424435,343555,329910,7395,150,23902
2021-10-01,13,17190,7413081,343550,329893,7395,162,39370
2021-09-30,7,14188,7395962,343537,329876,7394,167,40553
2021-09-29,11,14516,7381005,343530,329828,7394,209,33823
2021-09-28,15,16859,7364891,343519,329813,7393,214,41586
2021-09-27,14,16092,7349844,343504,329794,7393,218,40450
2021-09-26,16,10415,7336734,343490,329774,7393,226,24078
2021-09-25,15,16748,7321147,343474,329758,7393,228,49525
2021-09-24,14,17513,7303934,343459,329738,7393,238,52502
2021-09-23,17,16565,7287881,343445,329715,7391,249,61169
2021-09-22,23,17103,7271590,343428,329695,7391,256,58241
2021-09-21,12,17315,7253969,343405,329679,7391,249,67131
2021-09-20,11,16075,7236680,343393,329651,7390,267,74572
2021-09-19,6,12158,7221453,343382,329634,7390,273,48798
2021-09-18,21,17637,7206586,343376,329619,7390,282,107616
2021-09-17,25,15374,7188681,343355,329605,7389,282,172641
2021-09-16,20,18369,7171727,343330,329582,7389,284,60548
2021-09-15,49,18246,7152326,343310,329554,7389,296,62056
2021-09-14,19,18272,7133139,343261,329521,7389,285,70408
2021-09-13,19,18833,7114102,343242,329495,7389,293,65379
2021-09-12,12,11816,7098368,343223,329458,7389,312,37421
2021-09-11,24,18690,7081010,343211,329438,7389,320,68661
2021-09-10,20,19442,7062188,343187,329415,7389,319,67748
2021-09-09,16,19021,7043105,343167,329387,7389,331,68636
2021-09-08,12,20872,7024202,343151,329361,7389,349,67453
2021-09-07,14,20214,7004656,343139,329327,7389,371,72661
2021-09-06,25,19132,6984996,343125,329306,7388,379,76060
2021-09-05,16,13396,6968497,343100,329271,7388,389,58656
2021-09-04,14,20191,6950594,343084,329251,7388,393,77518
2021-09-03,36,19299,6931457,343070,329221,7387,410,88544
2021-09-02,33,19208,6914911,343034,329212,7387,383,88077
2021-09-01,25,20426,6895451,343001,329197,7387,365,85530
2021-08-31,28,18618,6876339,342976,329183,7387,354,90947
2021-08-30,38,14657,6859272,342948,329159,7381,356,38795
2021-08-29,16,11210,6845842,342910,329143,7380,335,79938
2021-08-28,19,16202,6829733,342894,329136,7380,326,112084
2021-08-27,32,17612,6812404,342875,329122,7380,321,107527
2021-08-26,25,17294,6795653,342843,329090,7377,324,99543
2021-08-25,32,17697,6777503,342818,329069,7377,320,70423
2021-08-24,15,17081,6761182,342786,329047,7377,310,88582
2021-08-23,,,,,,,,
2021-08-22,12,5651,6732635,342749,329006,7377,317,6727
2021-08-21,21,15831,6722977,342737,328990,7377,321,76894
2021-08-20,15,13716,6708593,342716,328958,7376,333,57028
2021-08-19,33,17420,6692588,342701,328934,7376,342,87363
2021-08-18,16,18930,6676652,342668,328914,7374,331,71402
2021-08-17,31,19648,6657529,342637,328885,7373,330,119493
2021-08-16,18,19054,6637901,342606,328844,7371,342,85733
2021-08-15,16,10056,6619466,342588,328790,7370,380,11528
2021-08-14,19,19759,6607562,342572,328759,7370,396,107514
2021-08-13,27,21228,6587494,342553,328735,7370,401,101638
2021-08-12,24,19252,6566843,342526,328695,7369,418,119194
2021-08-11,40,20030,6547208,342502,328658,7369,435,99348
2021-08-10,39,20715,6526861,342462,328610,7368,444,119596
2021-08-09,31,22847,6505490,342423,328569,7368,446,45428
2021-08-08,18,14566,6483473,342392,328522,7367,463,32955
2021-08-07,38,23125,6466339,342374,328476,7367,492,175244
2021-08-06,29,25004,6443888,342336,328419,7367,513,47331
2021-08-05,24,24396,6417333,342307,328371,7366,533,100281
2021-08-04,37,25480,6392957,342283,328304,7366,576,103511
2021-08-03,48,25062,6367822,342246,328262,7366,581,77089
2021-08-02,37,24278,6342329,342198,328224,7363,574,86476
2021-08-01,22,16009,6319514,342161,328153,7362,609,95874
2021-11-07,3,6993,7834916,343942,330249,7401,141,13453
2021-11-06,12,7304,7828008,343939,330241,7401,146,10261
2021-11-05,3,4606,7820867,343927,330232,7401,143,7046
2021-11-04,6,4103,7816336,343924,330227,7401,146,1828
2021-11-03,7,7625,7810467,343918,330218,7401,149,13827
2021-11-02,7,9301,7801393,343911,330209,7401,151,40156
2021-11-01,8,11158,7790773,343904,330201,7401,152,49403
2021-11-08,3,11232,7844321,343945,330255,7402,137,44041
2021-11-11,13,13188,7877567,343987,330280,7403,146,51839
2021-11-10,8,10396,7866273,343974,330273,7402,142,43500
2021-11-09,21,12159,7853747,343966,330263,7402,150,58660
2021-11-13,16,13020,7902901,344014,330294,7403,158,56148
2021-11-12,11,13487,7890273,343998,330289,7403,147,57319
2021-11-14,29,6757,7913010,344043,330304,7403,177,24999
2021-11-19,10,9434,7964101,344084,330337,7404,184,38332
2021-11-18,12,11079,7953445,344074,330332,7404,179,60270
2021-11-17,4,12414,7943091,344062,330326,7404,173,54032
2021-11-16,8,11747,7931817,344058,330321,7404,174,57436
2021-11-15,7,10840,7921174,344050,330315,7403,173,44198
2021-11-21,11,4359,7981776,344106,330351,7404,192,22714
2021-11-20,11,9923,7974018,344095,330345,7404,187,42520
2021-11-22,9,9519,7988612,344115,330376,7405,175,50916
2021-11-24,25,7583,8006816,344148,330401,7407,180,57978
2021-11-23,8,9277,7997734,344123,330391,7407,165,62917
2021-11-25,8,7548,8013752,344156,330432,7407,157,61243
2021-11-26,13,8388,8020743,344169,330458,7407,144,52334
2021-11-28,36,3407,8035255,344219,330476,7407,176,28357
2021-11-27,14,7953,8029883,344183,330466,7407,150,60159
2021-11-29,8,8291,8040633,344227,330527,7408,132,61803
2021-11-30,28,12436,8052276,344255,330546,7408,141,71406
2021-12-01,53,16629,8066417,344308,330557,7408,183,60179
2021-12-02,17,16524,8080274,344325,330566,7408,182,61699
2021-12-03,10,16459,8094335,344335,330571,7408,187,62696
2021-12-04,10,14745,8107513,344345,330592,7411,173,69246
2021-12-06,11,14809,8131158,344364,330608,7411,172,77271
2021-12-05,8,9008,8120927,344353,330599,7411,174,42248
2021-12-07,21,14129,8145072,344385,330611,7411,189,70981
2021-12-08,17,10831,8160764,344402,330624,7411,192,57429
2021-12-09,9,15590,8175962,344411,330650,7411,174,50536
2021-12-10,10,15730,8189346,344421,330677,7412,156,47172
2021-12-11,21,15543,8202814,344442,330703,7412,151,43183
2021-12-12,17,9359,8214043,344459,330730,7412,141,18079
2021-12-13,12,16366,8226043,344471,330744,7412,139,37502
2021-12-15,26,19347,8259865,344513,330775,7413,142,37241
2021-12-14,16,18964,8240359,344487,330761,7412,138,42429
2021-12-16,20,17561,8277466,344533,330784,7413,153,44448
2021-12-20,11,17144,8343334,344602,330828,7414,170,43631
2021-12-19,13,10697,8327335,344591,330820,7413,168,26904
2021-12-18,25,16730,8312321,344578,330811,7413,164,40653
2021-12-17,20,18305,8294827,344553,330797,7413,155,42465
2021-12-26,13,11438,8438550,344779,330938,7416,231,24590
2021-12-25,42,16062,8426309,344766,330920,7416,237,38503
2021-12-24,27,13397,8410797,344724,330886,7415,233,50538
2021-12-23,39,16840,8396219,344697,330872,7415,220,44844
2021-12-22,27,19061,8378695,344658,330869,7415,184,46407
2021-12-21,29,20191,8360117,344631,330858,7415,168,49070
2021-12-27,20,16629,8455401,344799,330973,7416,213,51845
2021-12-28,44,18877,8469908,344843,331001,7416,227,53506
2021-12-29,38,18658,8490294,344881,331043,7417,222,52621
2021-12-31,88,16708,8520840,345087,331150,7418,302,45205
2021-12-30,59,19040,8507179,344940,331059,7417,255,49130
2022-01-02,259,8111,8549459,345464,331294,7419,506,18492
2022-01-01,118,11964,8535930,345205,331184,7419,367,27454
2022-01-03,189,17013,8564987,345653,331398,7419,523,128338
2022-01-04,310,18699,8580902,345963,331509,7420,654,130813
2022-01-05,505,18467,8599349,346468,331628,7420,1000,96321
