date,psychosocial_workers,calls_to_persons_in_surveillance,followup_calls,post_covid_calls,calls_special,calls_to_school_children,calls_to_health_care_workers,calls_received_helpline,calls_total
2020-08-31,1210,1037211,788246,,348860,244700,48939,,2503546
2020-09-01,1210,1042536,798358,,348860,246758,49259,,2521449
2020-09-03,1210,1063013,821852,,348860,252382,50078,35934,2572119
2020-09-04,1210,1071508,836662,,348860,255811,50456,36077,2599374
2020-09-05,1210,1079755,850971,,348860,258613,50948,36241,2625388
2020-09-06,1210,1088985,860306,,348860,261547,51235,36351,2647284
2020-09-07,1206,1095692,877450,,348860,264116,51686,36470,2674274
2020-09-08,1206,1106403,891980,,348860,266999,52033,36650,2702925
2020-09-09,1206,1117557,906291,,348860,270366,52409,36810,2732293
2020-09-10,1206,1127197,920971,,348860,273263,52878,36967,2760136
2020-09-12,1278,1141326,937506,,348860,280060,53793,37185,2798230
2020-09-13,1278,1160724,961009,,348860,282625,54198,37475,2844891
2020-09-15,1284,1180670,988477,,348860,288384,55265,37802,2899458
2020-09-16,1284,1180670,988477,,348860,288384,55265,37802,2899458
2020-09-17,1285,1201971,1021655,,348860,294412,55858,38111,2960867
2020-09-19,1333,1222440,1051943,,348860,300702,56589,38377,3018911
2020-09-20,1333,1233611,1066375,,348860,303563,56808,38533,3047750
2020-09-21,1333,1243827,1079676,,348860,305970,57121,38655,3074109
2020-09-23,1323,1266039,1106947,,348860,311920,57651,38970,3130387
2020-09-24,1323,1278236,1122532,,348860,315179,57832,39136,3161775
2020-09-25,1323,1289760,1138700,,348860,318587,58061,39306,3193274
2020-09-26,1327,1302013,1153974,,348860,321641,58288,39456,3224232
2020-09-27,1327,1314688,1167183,,348860,324386,58495,39613,3253225
2020-09-28,1327,1326086,1180053,,348860,326667,58603,39766,3280035
2020-09-30,1327,1353268,1211680,,348860,332514,59162,40136,3345620
2020-10-01,1327,1367617,1225988,,348860,335174,59333,40316,3377288
2020-10-02,1327,1383317,1242412,,348860,337788,59507,40521,3412405
2020-10-03,1327,1397932,1257385,,348860,340068,59762,40717,3444724
2020-10-04,1327,1413318,1270879,,348860,342711,59814,40885,3476467
2020-10-05,1327,1427171,1284546,,348860,344829,59927,41058,3506391
2020-10-06,1327,1444315,1299438,,348860,347145,60166,41270,3541194
2020-10-11,1346,1518626,1381175,,348860,361842,60711,42279,3713493
2020-10-13,1346,1550964,1413257,,348860,366064,61061,42651,3782857
2020-10-14,1346,1565104,1430314,,348860,370074,61120,42843,3818315
2020-10-15,1346,1577811,1448420,,348860,372714,61227,43039,3852071
2020-10-16,1346,1591413,1464402,,348860,375650,61300,43209,3884834
2020-10-17,1346,1605466,1479888,,348860,378464,61389,43399,3917466
2020-10-18,1346,1621127,1496209,,348860,381247,61436,43601,3952480
2020-10-19,1373,1634075,1512390,,348860,383290,61504,43775,3983894
2020-10-20,1373,1652425,1526461,,348860,385985,61531,43989,4019251
2020-10-21,1373,1668071,1542846,,348860,388377,61582,44201,4053937
2020-10-22,1373,1682767,1558169,,348860,390849,61793,44423,4086861
2020-10-24,1373,1715191,1589482,,348860,395642,61962,44912,4156049
2020-10-25,1373,1730873,1604707,,348860,397661,62002,45061,4189164
2020-10-26,1373,1745321,1619249,,348860,399498,62035,45210,4220173
2020-10-29,1373,1789825,1668554,,348860,406453,62341,45728,4321761
2020-10-30,1373,1806712,1683572,,348860,408498,62444,45878,4355964
2020-10-31,1373,1820842,1701512,,348860,410834,62506,46043,4390597
2020-11-01,1370,1835636,1717207,,348860,413026,62537,46189,4423455
2020-11-02,1370,1850477,1731989,,348860,414750,62554,46356,4454986
2020-11-04,1370,1880583,1764363,,348860,419174,62614,46690,4522284
2020-11-05,1370,1897390,1782717,,348860,421961,62637,46881,4560446
2020-11-06,1370,1913955,1801097,,348860,424495,62680,47089,4598176
2020-11-07,1370,1929158,1818990,,348860,426790,62706,47269,4633773
2020-11-08,1376,1944820,1835400,,348860,428958,62747,47422,4668207
2020-11-09,1376,1958187,1852693,,348860,430629,62770,47546,4700685
2020-11-10,1376,1974613,1869402,,348860,432833,62829,47714,4736251
2020-11-11,1376,1986490,1887441,,348860,434964,62861,47886,4768502
2020-11-12,1376,2002233,1906615,,348860,436877,62886,48052,4805523
2020-11-13,1376,2019091,1925541,,348860,439183,62959,48265,4843899
2020-11-14,1376,2032798,1943111,,348860,441589,62998,48405,4877761
2020-11-15,1376,2048903,1959035,,348860,443480,63036,48594,4911908
2020-11-17,1376,2078676,1993814,,348860,447334,63095,48908,4980687
2020-11-18,1376,2091959,2011232,,348860,449533,63137,49064,5013785
2020-11-19,1376,2107089,2029243,,348860,451542,63177,49244,5049155
2020-11-21,1376,2137311,2062689,,348860,456034,63272,49585,5117751
2020-11-23,1376,2165368,2091649,,348860,459926,63307,49840,5178950
2020-11-24,1376,2182769,2107137,,348860,462092,63324,49999,5214181
2020-11-25,1376,2196714,2122657,,348860,464206,63341,50144,5245922
2020-11-26,1376,2209924,2139689,,348860,466484,63359,50272,5278588
2020-11-27,1376,2225496,2154197,,348860,468944,63369,50408,5311274
2020-11-28,1376,2239650,2165599,,348860,471365,63381,50555,5339410
2020-11-29,1376,2252063,2176350,,348860,473243,63396,50685,5364597
2020-11-30,1376,2266442,2188206,11910,348860,474729,63396,50773,5404316
2020-12-01,1376,2282621,2199705,14974,348860,476969,63411,50895,5437435
2020-12-02,1376,2295496,2210635,18094,348860,479282,63428,51025,5466820
2020-12-04,1376,2323973,2223319,25319,348860,483883,63436,51257,5530047
2020-12-06,1376,2353333,2254468,32245,348860,488128,63452,51481,5591967
2020-12-07,1376,2364819,2264781,34681,348860,489818,63452,51587,5617998
2020-12-08,1371,2380694,2275752,37631,348860,491792,63470,51752,5649951
2020-12-09,1371,2393182,2286222,40858,348860,493708,63482,51858,5678170
2020-12-12,1371,2431088,2320354,52046,348860,499708,63508,52204,5767768
2020-12-13,1371,2442737,2331700,54986,348860,501533,63523,52280,5795619
2020-12-14,1371,2454165,2342914,57606,348860,502994,63523,52362,5822424
2020-12-15,1371,2466307,2352535,59962,348860,504740,63535,52461,5848400
2020-12-17,1340,2489931,2371932,66617,348860,508109,63570,52664,5901683
2020-12-18,1340,2503346,2382843,69393,348860,509723,63580,52786,5930531
2020-12-19,1340,2516886,2392465,73120,348860,511784,63594,52892,5959601
2020-12-20,1340,2530889,2402885,76207,348860,513414,63607,53000,5988862
2020-12-21,1334,2544352,2412121,78566,348860,514791,63607,53076,6015373
2020-12-22,1334,2557219,2422084,81644,348860,516743,63615,53184,6043349
2020-12-23,1334,2569033,2432743,85161,348860,518602,63627,53281,6071307
2020-12-24,1334,2581666,2443607,88943,348860,520555,63641,53375,6100647
2020-12-25,1334,2593154,2454234,92277,348860,522282,63654,53453,6127914
2020-12-26,1334,2599361,2460540,94440,348860,523277,63654,53495,6143627
2020-12-27,1334,2612820,2470697,97460,348860,524857,63663,53594,6171951
2020-12-29,1334,2634901,2489630,103455,348860,528084,63671,53773,6222374
2020-12-31,1334,2656096,2508115,108924,348860,531529,63687,53944,6271155
2021-01-01,1304,2667123,2516484,111458,348860,532839,63697,54028,6294489
2021-01-02,1303,2676907,2522860,114391,348860,534692,63703,54106,6315519
2021-01-05,1304,2703198,2532747,121404,348860,539018,63718,54320,6363265
2021-01-06,1304,2711210,2535779,124705,348860,540714,63729,54395,6379392
2021-01-07,1304,2720693,2539103,127234,348860,542493,63735,54474,6396592
2021-01-08,1304,2730331,2542634,130237,348860,544381,63742,54553,6414738
2021-01-10,1304,2747742,2548439,136182,348860,547623,63757,54689,6447292
2021-01-12,1304,2764304,2554530,140994,348860,550848,63766,54816,6478118
2021-01-13,1304,2772080,2557479,144192,348860,552516,63774,54880,6493781
2021-01-14,1304,2780806,2560827,147143,348860,554048,63785,54930,6510399
2021-01-15,1304,2790239,2564604,150291,348860,555750,63794,55003,6528541
2021-01-16,1304,2799684,2567467,153347,348860,557342,63801,55073,6545574
2021-01-17,1304,2806861,2571074,156244,348860,559095,63808,55135,6561077
2021-01-18,1304,2815234,2573863,158934,348860,560579,63808,55180,6576458
2021-01-20,1304,2832082,2580066,164802,348860,564183,63826,55313,6609132
2021-01-21,1304,2841360,2582881,167744,348860,566011,63835,55375,6626066
2021-01-22,1304,2850805,2585457,170894,348860,567863,63843,55441,6643163
2021-01-23,1304,2859716,2588591,174446,348860,569670,63843,55510,6660636
2021-01-24,1304,2867589,2590902,177722,348860,570949,63858,55565,6675445
2021-01-26,1304,2884459,2595431,182762,348860,573763,63864,55648,6704787
2021-01-28,1126,2899962,2601313,190237,348860,577095,63869,55748,6737084
2021-01-29,1126,2910012,2604284,193002,348860,578655,63875,55815,6754503
2021-01-31,1126,2926706,2609555,199180,348860,582160,63920,55923,6786304
2021-02-01,1126,2933212,2612094,202199,348860,583379,63920,55961,6799625
2021-02-02,1126,2942475,2614412,204648,348860,585093,63926,56025,6815439
2021-02-04,1126,2958868,2619193,210176,348860,588903,63980,56146,6846126
2021-02-05,1126,2968304,2621611,213294,348860,590172,64009,56203,6862453
2021-02-06,1126,2977556,2624051,216393,348860,592175,64038,56252,6879325
2021-02-07,1126,2984986,2626208,219293,348860,593429,64038,56300,6893114
2021-02-08,1126,2990602,2628298,221579,348860,594536,64038,56326,6904239
2021-02-09,1126,3000245,2630410,223910,348860,596087,64043,56393,6919948
2021-02-10,1126,3007960,2632947,226329,348860,597989,64043,56449,6934577
2021-02-11,1126,3016867,2635180,228846,348860,599706,64090,56498,6950047
2021-02-12,1126,3026003,2637475,231362,348860,601023,64096,56554,6965373
2021-02-13,1126,3054759,2639583,234128,348860,602669,64096,56607,7000702
2021-02-14,1126,3062690,2641621,236649,348860,603858,64107,56652,7014437
2021-02-15,1126,3048692,2643572,238752,348860,606174,64107,56680,7006837
2021-02-16,1126,3056634,2645757,241129,348860,607451,64113,56724,7020668
2021-02-17,1126,3063167,2647856,243446,348860,608647,64116,56770,7032862
2021-02-18,1126,3070657,2649715,245649,348860,610999,64121,56823,7046824
2021-02-19,1126,3079304,2651981,248419,348860,612577,64125,56872,7062138
2021-02-20,1126,3087570,2653841,251051,348860,613974,64130,56925,7076351
2021-02-21,1126,3096069,2655952,254343,348860,615384,64137,56964,7091709
2021-02-22,1126,3102038,2657334,256326,348860,616011,64137,56995,7101701
2021-02-24,1126,3118292,2660768,261520,348860,619354,64146,57101,7130041
2021-02-25,1126,3126503,2662785,264131,348860,621026,64149,57151,7144605
2021-02-26,1126,3133832,2664392,266806,348860,622267,64154,57199,7157510
2021-02-27,1126,3141003,2666062,269010,348860,623619,64159,57255,7169968
2021-02-28,1126,3141003,2666062,269010,348860,623619,64159,57255,7169968
2021-03-01,1126,3153424,2669437,273669,348860,626862,64159,57302,7193713
2021-03-02,1126,3153424,2669437,273669,348860,626862,64159,57302,7193713
2021-03-03,1107,3167362,2672389,278200,348860,630059,64176,57438,7218484
2021-03-05,1107,3181118,2674941,283235,348860,633636,64181,57533,7243504
2021-03-06,1107,3181118,2674941,283235,348860,633636,64181,57533,7243504
2021-03-07,1107,3181118,2674941,283235,348860,633636,64181,57533,7243504
2021-03-08,1107,3197215,2678779,289451,348860,637476,64181,57649,7273611
2021-03-09,1107,3203659,2680255,291286,348860,639032,64186,57681,7284959
2021-03-12,1107,3222190,2685038,298503,348860,643088,64190,57804,7319673
2021-03-13,1107,3229385,2686673,300701,348860,644563,64190,57849,7332221
2021-03-14,1107,3229385,2686673,300701,348860,644563,64190,57849,7332221
2021-03-16,1107,3229385,2686673,300701,348860,644563,64190,57849,7332221
2021-03-17,1107,3253041,2691969,307954,348860,650184,64190,57965,7374163
2021-03-20,1107,3266495,2695198,312111,348860,653007,64194,58028,7397893
2021-03-21,1107,3266495,2695198,312111,348860,653007,64194,58028,7397893
2021-03-22,1107,3272925,2696413,313974,348860,654597,64194,58068,7409031
2021-03-23,1107,3288061,2699762,318307,348860,658709,64194,58170,7436063
2021-03-25,1107,3298406,2702696,321507,348860,661263,64194,58248,7455174
2021-03-26,1107,3298406,2702696,321507,348860,661263,64194,58248,7455174
2021-03-27,1107,3304350,2704084,323100,348860,662752,64194,58277,7465617
2021-03-28,1107,3309556,2705520,324508,348860,664418,64194,58312,7475368
2021-03-29,1107,3318218,2707617,326888,348860,666999,64194,58362,7491138
2021-03-30,1107,3324799,2709189,328222,348860,668452,64194,58393,7502109
2021-03-31,1107,3330340,2710399,329475,348860,670022,64194,58432,7511722
2021-04-01,1107,3335782,2711698,330803,348860,671430,64194,58464,7521231
2021-04-02,1107,3335782,2711698,330803,348860,671430,64194,58464,7521231
2021-04-04,1107,3347357,2714008,332975,348860,673552,64194,58532,7539478
2021-04-05,1107,3357649,2715820,334771,348860,675323,64194,58595,7555212
2021-04-06,1107,3357649,2715820,334771,348860,675323,64194,58595,7555212
2021-04-10,1107,3385404,2721836,339555,348860,680144,64194,58722,7598715
2021-04-11,1091,3394223,2723288,340764,348860,681536,64194,58770,7611635
2021-04-12,1091,3394223,2723288,340764,348860,681536,64194,58770,7611635
2021-04-13,1091,3394223,2723288,340764,348860,681536,64194,58770,7611635
2021-04-14,1091,3410627,2725602,343241,348860,684395,64194,58862,7635781
2021-04-15,1091,3410627,2725602,343241,348860,684395,64194,58862,7635781
2021-04-16,1091,3410627,2725602,343241,348860,684395,64194,58862,7635781
2021-04-18,1091,3455203,2732947,348315,348860,689419,64194,59098,7698036
2021-04-20,1091,3491468,2737640,351209,348860,694206,64194,59290,7746867
2021-04-24,1091,3545695,2744634,353817,348860,698647,64194,59566,7815413
2021-04-25,1091,3545695,2744634,353817,348860,698647,64194,59566,7815413
2021-05-01,1091,3782026,2761908,359855,348860,711008,64194,60795,8088646
2021-05-02,1091,3812487,2763828,360560,348860,712204,64194,60949,8123082
2021-05-03,1091,3840485,2765758,361806,348860,713358,64194,61106,8155567
2021-05-05,1079,3892528,2771258,363969,348860,716258,64194,61440,8218507
2021-05-06,1079,3923074,2775736,364998,348860,717458,64194,61650,8255970
2021-05-11,1079,4100930,2791916,372431,348860,723817,64194,62606,8464754
2021-05-12,1079,4128873,2796773,376490,348860,725267,64194,63955,8504412
2021-05-13,1079,4163458,2800570,380328,348860,726796,64194,64278,8548484
2021-05-14,1079,4201281,2803634,382470,348860,728233,64194,64781,8595451
2021-05-15,1079,4237385,2806768,386255,348860,729824,64194,65167,8638453
2021-05-16,1079,4268367,2810952,389873,348860,730749,64194,65462,8678457
2021-05-17,1079,4295332,2814160,393168,348860,732063,64194,65708,8713485
2021-05-19,1079,4352542,2821748,403693,348860,735330,64194,66239,8792606
2021-05-20,1079,4352542,2821748,403693,348860,735330,64194,66239,8792606
2021-05-21,1079,4416660,2830526,418709,348860,738746,64194,66673,8884368
2021-05-22,1079,4447491,2834238,424859,348860,740404,64194,66846,8926892
2021-05-23,1079,4447491,2834238,424859,348860,740404,64194,66846,8926892
2021-05-24,1206,4504098,2842028,427939,348860,743838,64194,68564,8999521
2021-05-25,1206,4532531,2845219,433455,348860,745664,64194,68800,9038723
2021-05-26,1236,4554900,2849542,440222,348860,747261,64194,69057,9074036
2021-05-27,1236,4584345,2852642,447469,348860,748494,64194,69320,9115324
2021-05-28,1236,4612703,2856187,453698,348860,750201,64194,69557,9155400
2021-05-29,1236,4639372,2859971,460066,348860,751585,64194,69810,9193858
2021-05-30,1236,4639372,2859971,460066,348860,751585,64194,69810,9193858
2021-05-31,1236,4639372,2859971,460066,348860,751585,64194,69810,9193858
2021-06-01,1236,4711588,2870474,475862,348860,754869,64194,70434,9296281
2021-06-02,1236,4711588,2870474,475862,348860,754869,64194,70434,9296281
2021-06-03,1229,4753509,2877639,489295,348860,757506,64194,70884,9361887
2021-06-04,1229,4777006,2880702,495822,348860,759050,64194,71136,9396770
2021-06-05,1268,4798977,2884383,501268,348860,760609,64194,71390,9429681
2021-06-06,1268,4818860,2887635,506025,348860,762149,64194,71574,9459297
2021-06-07,1268,4836999,2889962,510953,348860,763971,64194,71750,9486689
2021-06-08,1268,4856290,2893885,516252,348860,765168,64194,71975,9516624
2021-06-09,1268,4872343,2898775,523480,348860,766885,64194,72137,9546674
2021-06-10,1268,4892719,2902769,530254,348860,768628,64194,72357,9579781
2021-06-11,1268,4892719,2902769,530254,348860,768628,64194,72357,9579781
2021-06-12,1268,4934901,2910417,543569,348860,771847,64194,72720,9646508
2021-06-13,1268,4934901,2910417,543569,348860,771847,64194,72720,9646508
2021-06-14,1268,4970193,2915216,552866,348860,774740,64194,73058,9699127
2021-06-15,1268,4986350,2918757,557280,348860,776390,64194,73244,9725075
2021-06-17,1268,5016247,2926492,574091,348860,780073,64194,73637,9783594
2021-06-18,1268,5016247,2926492,574091,348860,780073,64194,73637,9783594
2021-06-19,1268,5050099,2933347,587005,348860,783470,64194,73979,9840954
2021-06-20,1268,5065606,2937729,594316,348860,785238,64194,74157,9870100
2021-06-21,1268,5065606,2937729,594316,348860,785238,64194,74157,9870100
2021-06-22,1268,5095029,2944003,606508,348860,788017,64194,74476,9921087
2021-06-23,1268,5107334,2947884,613903,348860,789265,64194,74652,9946092
2021-06-24,1268,5123320,2950764,620302,348860,790820,64194,74825,9973085
2021-06-25,1268,5123320,2950764,620302,348860,790820,64194,74825,9973085
2021-06-26,1268,5154773,2957926,631989,348860,793227,64194,75148,10026117
2021-06-27,1268,5169155,2960328,637729,348860,795028,64194,75322,10050616
2021-06-28,1268,5169155,2960328,637729,348860,795028,64194,75322,10050616
2021-06-29,1268,5200118,2966145,648120,348860,797993,64194,75620,10101050
2021-06-30,1268,5200118,2966145,648120,348860,797993,64194,75620,10101050
2021-07-01,1268,5212757,2969148,654225,348860,799691,64194,75765,10124640
2021-07-03,1225,5258702,2977587,,348860,804413,64194,76279,10200343
2021-07-04,1225,5258702,2977587,670308,348860,804413,64194,76279,10200343
2021-07-05,1225,5287551,2983075,677948,348860,806557,64194,76535,10244720
2021-07-06,1225,5302853,2985868,681642,348860,808028,64194,76659,10268104
2021-07-07,1225,5316019,2988988,685815,348860,809703,64194,76766,10290345
2021-07-08,1225,5332892,2991906,690837,348860,811082,64194,76888,10316659
2021-07-09,1225,5349434,2994221,695110,348860,812539,64194,76997,10341355
2021-07-10,1225,5349434,2994221,695110,348860,812539,64194,76997,10341355
2021-07-11,1225,5366736,2996605,698900,348860,814297,64194,77113,10366705
2021-07-12,1225,5397118,2999716,705981,348860,817645,64194,77287,10410801
2021-07-13,1193,5415407,3001437,709460,348860,819087,64194,77386,10435831
2021-07-14,1220,5428205,3004472,713870,348860,820961,64194,77504,
2021-07-15,1210,5445845,3007227,718571,348860,822639,,,
2021-07-16,1211,5463681,3009520,723317,348860,824645,64194,77781,10511998
2021-07-18,1230,5480284,3011967,727610,348860,826502,64194,77979,10537396
2021-07-19,1230,5480284,3011967,727610,348860,826502,64194,77979,10537396
2021-07-20,1268,5529069,3018480,738883,348860,831064,64194,78263,10608813
2021-07-22,1108,5561935,3023410,747052,348860,834199,64194,78524,10658174
2021-07-23,1095,5581394,3026007,751536,348860,835773,64194,78640,10686404
2021-07-24,1078,5597457,3029012,755598,348860,837372,64194,78749,10711242
2021-07-25,1078,5597457,3029012,755598,348860,837372,64194,78749,10711242
2021-07-26,1079,5630579,3032858,762062,348860,839917,64194,78950,10757420
2021-07-27,1119,5649030,3034813,766244,348860,841186,64194,79083,10783410
2021-07-28,1168,5666725,3037599,770442,348860,842523,64194,79181,10809524
2021-07-29,1096,5686270,3040184,774164,348860,844379,64194,79297,10837348
2021-07-30,1096,5686270,3040184,774164,348860,844379,64194,79297,10837348
2021-07-31,1138,5728514,3043973,780161,348860,847696,64194,79483,10892881
2021-08-01,1138,5728514,3043973,780161,348860,847696,64194,79483,10892881
2021-08-02,1138,5766150,3047923,786524,348860,850708,64194,79889,10944248
2021-08-04,1019,5799307,3052696,793170,348860,853684,64194,80112,10992023
2021-08-06,999,5837596,3056521,797234,348860,855820,64194,80345,11040570
2021-08-08,999,5837596,3056521,797234,348860,855820,64194,80345,11040570
2021-08-09,1036,5896875,3062656,804130,348860,859003,64194,80681,11116399
2021-08-10,1036,5896875,3062656,804130,348860,859003,64194,80681,11116399
2021-08-12,1026,5930627,3067861,810585,348860,861099,64194,80960,11164186
2021-08-13,1075,5969996,3071303,818086,348860,863434,64194,81213,11217086
2021-08-14,1059,5988646,3073758,822087,348860,864811,64194,81320,11243676
2021-08-15,1059,5988646,3073758,822087,348860,864811,64194,81320,11243676
2021-08-16,1050,6023608,3077361,827259,348860,866722,64194,81519,11289523
2021-08-17,1091,6042325,3079154,830760,348860,868278,64194,81653,11315224
2021-08-18,1099,6059612,3081222,834278,348860,869570,64194,81756,11339492
2021-08-19,1122,6079770,3083077,837222,348860,870902,64194,81867,11365892
2021-08-20,1078,6099724,3085081,839453,348860,871757,64194,81956,11391025
2021-08-21,1030,6117903,3087255,841611,348860,872595,64194,82042,11414460
2021-08-22,1030,6117903,3087255,841611,348860,872595,64194,82042,11414460
2021-08-25,1067,6178855,3093767,852741,348860,876142,64194,83245,11497804
2021-08-26,1059,6199174,3095544,856023,348860,877278,64194,83341,11524414
2021-08-27,1052,6224088,3097204,858794,348860,878385,64194,83416,11554941
2021-08-28,1052,6224088,3097204,858794,348860,878385,64194,83416,11554941
2021-08-29,1052,6224088,3097204,858794,348860,878385,64194,83416,11554941
2021-08-30,996,6299242,3101454,867929,348860,881343,64194,82820,11645842
2021-08-31,1050,6323813,3103030,870348,348860,882243,64194,82930,11675418
2021-09-01,1029,6340828,3105565,874738,348860,883377,64194,83027,11700589
2021-09-03,1020,6393379,3109237,879815,348860,885547,64194,83275,11764307
2021-09-05,1067,6416518,3110595,882104,348860,886531,64194,83377,11792179
2021-09-07,1004,6486553,3115251,888571,348860,889918,64194,83676,11877023
2021-09-08,,,,,348860,890958,64194,84625,11905326
2021-09-10,1066,6557720,3122708,897427,348860,893095,64194,85179,11969183
2021-09-11,1038,6581327,3123948,900178,348860,894140,64194,85337,11997984
2021-09-12,1038,6581327,3123948,900178,348860,894140,64194,85337,11997984
2021-09-15,1059,6658540,3133084,914026,348860,900870,64194,85772,12105346
2021-09-17,1054,6688750,3138972,923976,348860,903877,64194,86016,12154645
2021-09-19,1054,6707320,3140335,928220,348860,904232,64194,86167,12179328
2021-09-20,1054,6707320,3140335,928220,348860,904232,64194,86167,12179328
2021-09-21,1046,6759540,3146565,943555,348860,906844,64194,86535,12256093
2021-09-22,1046,6759540,3146565,943555,348860,906844,64194,86535,12256093
2021-09-23,1039,6793367,3150930,955478,348860,910086,64194,86752,12309667
2021-09-24,1058,6811441,3153178,960660,348860,911291,64194,86875,12336499
2021-09-26,1058,6811441,3153178,960660,348860,911291,64194,86875,12336499
2021-09-27,946,6860422,3158356,975845,348860,914717,64194,87093,12409487
2021-09-28,946,6860422,3158356,975845,348860,914717,64194,87093,12409487
2021-09-29,946,6860422,3158356,975845,348860,914717,64194,87093,12409487
2021-09-30,946,6860422,3158356,975845,348860,914717,64194,87093,12409487
2021-10-01,1011,6914182,3165677,997426,348860,919128,64194,87438,12496905
2021-10-02,1011,6914182,3165677,997426,348860,919128,64194,87438,12496905
2021-10-03,1011,6928291,3167838,1003873,348860,920335,64194,87489,12520880
2021-10-04,1011,6928291,3167838,1003873,348860,920335,64194,87489,12520880
2021-10-06,965,6969460,3175327,1022433,348860,924534,64194,87820,12592628
2021-10-07,974,6979403,3177398,1026847,348860,925686,64194,87893,12610281
2021-10-09,974,7000186,3180695,1035370,348860,927840,64194,88049,12645194
2021-10-11,790,7017391,3183680,1044100,348860,929276,64194,88176,12675677
2021-10-13,859,7037918,3186797,1054034,348860,930861,64194,88308,12710972
2021-10-14,859,7037918,3186797,1054034,348860,930861,64194,88308,12710972
2021-10-15,876,7054124,3190227,1064969,348860,933189,64194,88442,12744005
2021-10-17,876,7054124,3190227,1064969,348860,933189,64194,88442,12744005
2021-10-19,792,7075164,3194721,1077389,348860,935581,64194,88628,12784537
2021-10-20,851,7082619,3195988,1082266,348860,936505,64194,88692,12799124
2021-10-21,834,7094382,3198308,1090872,348860,938022,64194,88807,12823445
2021-10-22,834,7094382,3198308,1090872,348860,938022,64194,88807,12823445
2021-10-23,913,7103050,3199978,1095666,348860,939302,64194,88860,12839910
2021-10-24,913,7103050,3199978,1095666,348860,939302,64194,88860,12839910
2021-10-25,913,7103050,3199978,1095666,348860,939302,64194,88860,12839910
2021-10-26,832,7124497,3202701,1105609,348860,942267,64194,89004,12877132
2021-10-27,908,7139860,3205995,1114552,348860,944259,64194,89225,12906945
2021-10-28,908,7139860,3205995,1114552,348860,944259,64194,89225,12906945
2021-10-29,927,7157525,3208709,1123357,348860,946102,64194,89327,12938074
2021-10-30,927,7164868,3210035,1127482,348860,947019,64194,89384,12951842
2021-10-31,927,7164868,3210035,1127482,348860,947019,64194,89384,12951842
2021-11-02,927,7179544,3212102,1133087,348860,948282,64194,89475,12975544
2021-11-03,927,7179544,3212102,1133087,348860,948282,64194,89475,12975544
2021-11-04,927,7179544,3212102,1133087,348860,948282,64194,89475,12975544
2021-11-05,851,7197765,3212102,1133087,348860,951759,64194,89695,12997462
2021-11-06,851,7203400,3212102,1133087,348860,952511,64194,89743,13003897
2021-11-07,851,7203400,3212102,1133087,348860,952511,64194,89743,13003897
2021-11-12,868,7232961,3212102,1133087,348860,957958,64194,90030,13039192
2021-11-13,868,7238378,3212102,1133087,348860,958631,64194,90083,13045335
2021-11-16,807,7246690,3212102,1133087,348860,959867,64194,90145,13054945
2021-11-17,807,7254099,3212102,1133087,348860,961482,64194,90220,13064044
2021-11-21,807,7266982,3212102,1133087,348860,964052,64194,90352,13079629
2021-11-23,807,7277975,3212102,1133087,348860,965712,64194,90440,13092370
2021-11-25,818,7287830,3212102,1133087,348860,967344,64194,90514,13103931
2021-11-26,818,7290956,3212102,1133087,348860,968240,64194,90555,13107994
2021-11-27,818,7290956,3212102,1133087,348860,968240,64194,90555,13107994
2021-11-29,818,7290956,3212102,1133087,348860,968240,64194,90555,13107994
2021-11-30,818,7290956,3212102,1133087,348860,968240,64194,90555,13107994
2021-12-01,818,7290956,3212102,1133087,348860,968240,64194,90555,13107994
2021-12-02,776,7309588,3212102,1133087,348860,971157,64194,90770,13129758
2021-12-03,776,7309588,3212102,1133087,348860,971157,64194,90770,13129758
2021-12-05,776,7309588,3212102,1133087,348860,971157,64194,90770,13129758
2021-12-07,776,7326583,3212102,1133087,348860,974258,64194,90970,13150054
2021-12-09,776,7331265,3212102,1133087,348860,975592,64194,91050,13156150
2021-12-08,776,7326583,3212102,1133087,348860,974258,64194,90970,13150054
2021-12-06,776,7322403,3212102,1133087,348860,973358,64194,90929,13144933
2021-12-04,776,7309588,3212102,1133087,348860,971157,64194,90770,13129758
2021-11-24,818,7282356,3212102,1133087,348860,966626,64194,90484,13097709
2021-11-22,807,7266982,3212102,1133087,348860,964052,64194,90352,13079629
2021-11-20,807,7262155,3212102,1133087,348860,963190,64194,90322,13073910
2021-11-19,807,7262155,3212102,1133087,348860,963190,64194,90322,13073910
2021-11-18,807,7258541,3212102,1133087,348860,962378,64194,90275,13069437
2021-11-15,807,7246690,3212102,1133087,348860,959867,64194,90145,13054945
2021-11-14,868,7238378,3212102,1133087,348860,958631,64194,90083,13045335
2021-11-10,792,7212776,3212102,1133087,348860,953809,64194,89822,13014650
2021-11-09,792,7212776,3212102,1133087,348860,953809,64194,89822,13014650
2021-11-08,792,7212776,3212102,1133087,348860,953809,64194,89822,13014650
2021-11-01,927,7164868,3210035,1127482,348860,947019,64194,89384,12951842
2021-10-18,792,7075164,3194721,1077389,348860,935581,64194,88628,12784537
2021-10-16,876,7054124,3190227,1064969,348860,933189,64194,88442,12744005
2021-10-12,790,7017391,3183680,1044100,348860,929276,64194,88176,12675677
2021-10-08,974,6989097,3178572,1031683,348860,926480,64194,87968,12626854
2021-10-05,866,6948634,3172073,1013676,348860,922461,64194,87372,12557270
2021-09-25,1058,6811441,3153178,960660,348860,911291,64194,86875,12336499
2021-09-18,1054,6688750,3138972,923976,348860,903877,64194,86016,12154645
2021-09-16,1055,6673220,3136657,918172,348860,902494,64194,85888,12129485
2021-09-14,1059,6643319,3129854,909165,348860,899166,64194,85665,12080223
2021-09-09,1046,6528615,3120312,894758,348860,891882,64194,84772,11933393
2021-09-06,963,6463116,3113459,886759,348860,888771,64194,83549,11848708
2021-09-02,1009,6366674,3107383,877327,348860,884444,64194,83150,11732032
2021-08-23,938,6144597,3089520,845672,348860,874137,64194,83062,11450042
2021-08-24,938,6144597,3089520,845672,348860,874137,64194,83062,11450042
2021-08-11,1026,5930627,3067861,810585,348860,861099,64194,80960,11164186
2021-08-07,999,5837596,3056521,797234,348860,855820,64194,80345,11040570
2021-08-05,1004,5818619,3054550,795125,348860,854896,64194,80238,11016482
2021-08-03,1051,5784251,3050170,789536,348860,852280,64194,79996,10969287
2021-07-21,1136,5543323,3021468,742700,348860,832785,64194,78401,10631731
2021-07-17,1230,5480284,3011967,727610,348860,826502,64194,77979,10537396
2021-07-02,1268,5243807,2974734,665724,348860,802498,64194,76145,10175962
2021-06-16,1268,4986350,2918757,557280,348860,776390,64194,73244,9725075
2021-05-18,1079,4325931,2817476,397736,348860,733647,64194,65974,8753818
2021-05-04,1091,3868388,2768537,362704,348860,714870,64194,61272,8188825
2021-04-30,1091,3748246,2760840,358993,348860,709394,64194,60622,8051149
2021-04-29,1091,3718822,2759393,358244,348860,707897,64194,60485,8017895
2021-04-28,1091,3689143,2756995,357534,348860,706107,64194,60318,7983151
2021-04-27,1091,3545695,2744634,353817,348860,698647,64194,59566,7815413
2021-04-26,1091,3545695,2744634,353817,348860,698647,64194,59566,7815413
2021-04-23,1091,3545695,2744634,353817,348860,698647,64194,59566,7815413
2021-04-22,1091,3545695,2744634,353817,348860,698647,64194,59566,7815413
2021-04-21,1091,3525268,2741968,352910,348860,697230,64194,59479,7789909
2021-04-19,1091,3455203,2732947,348315,348860,689419,64194,59098,7698036
2021-04-17,1091,3455203,2732947,348315,348860,689419,64194,59098,7698036
2021-04-09,1107,3377786,2720473,338395,348860,678678,64194,58689,7587075
2021-04-08,1107,3377786,2720473,338395,348860,678678,64194,58689,7587075
2021-04-07,1107,3357649,2715820,334771,348860,675323,64194,58595,7555212
2021-04-03,1107,3335782,2711698,330803,348860,671430,64194,58464,7521231
2021-03-24,1107,3288061,2699762,318307,348860,658709,64194,58170,7436063
2021-03-19,1107,3259489,2693556,310028,348860,651703,64194,57990,7385820
2021-03-18,1107,3253041,2691969,307954,348860,650184,64190,57965,7374163
2021-03-15,1107,3229385,2686673,300701,348860,644563,64190,57849,7332221
2021-03-11,1107,3215930,2683551,296463,348860,641731,64190,57765,7308490
2021-03-10,1107,3209126,2681918,293981,348860,640287,64190,57717,7296079
2021-03-04,1107,3174121,2673499,280978,348860,631771,64181,57481,7230891
2021-02-23,1126,3110666,2658779,258319,348860,617790,64141,57060,7115615
2021-02-03,1126,2950485,2616844,207416,348860,587058,63953,56080,6830696
2021-01-30,1126,2918197,2607094,196454,348860,580701,63890,55870,6771066
2021-01-27,1126,2891816,2598545,186379,348860,575317,63864,55703,6720484
2021-01-19,1304,2824778,2577150,161415,348860,562390,63816,55253,6593662
2021-01-11,1304,2755620,2551551,138140,348860,548815,63757,54738,6461481
2021-01-09,1304,2738609,2545582,133428,348860,546201,63750,54616,6431046
2021-01-04,1304,2694493,2529640,118925,348860,537239,63711,54234,6347102
2021-01-03,1303,2686232,2526507,117102,348860,536170,63703,54174,6332748
2020-12-30,1334,2644651,2498928,106245,348860,529824,63676,53857,6246041
2020-12-28,1334,2622413,2480270,100645,348860,525975,63663,53680,6195506
2020-12-16,1371,2477291,2362473,63600,348860,506450,63556,52551,5874781
2020-12-11,1371,2418356,2309804,47838,348860,497611,63498,52094,5738061
2020-12-10,1371,2406374,2297850,44278,348860,495758,63498,51987,5708605
2020-12-05,1376,2339769,2243134,29109,348860,486038,63443,51363,5561716
2020-12-03,1376,2310467,2222457,22110,348860,481485,63428,51137,5499944
2020-11-22,1376,2151892,2077516,,348860,458197,63302,49710,5149477
2020-11-20,1376,2122678,2046145,,348860,453694,63212,49415,5084004
2020-11-16,1376,2062967,1975746,,348860,444971,63056,48733,4944333
2020-11-03,1370,1867350,1747998,,348860,417098,62593,46550,4490449
2020-10-28,1373,1776473,1650436,,348860,404124,62155,45553,4287601
2020-10-27,1373,1761138,1634996,,348860,401708,62099,45365,4254166
2020-10-23,1373,1699163,1572986,,348860,393314,61926,44694,4120943
2020-10-12,1346,1533177,1396600,,348860,363728,60786,42431,3745582
2020-10-10,1346,1503648,1364633,,348860,359772,60616,42074,3679603
2020-10-09,1346,1490300,1348876,,348860,355884,60515,41880,3646315
2020-10-08,1346,1473950,1333635,,348860,353318,60451,41705,3611919
2020-10-07,1340,1458016,1316079,,348860,350867,60302,41480,3575604
2020-09-29,1327,1339721,1194746,,348860,329590,58949,39948,3311814
2020-09-22,1333,1254635,1093114,,348860,309120,57328,38819,3101876
2020-09-18,1285,1213140,1036163,,348860,297806,56339,38245,2990553
2020-09-14,1278,1169401,973309,,348860,285411,55032,37608,2869621
2020-09-11,1278,1137915,935284,,348860,276693,53361,37108,2789221
2020-09-02,1210,1053089,809261,,348860,249805,49563,,2546365
2021-12-10,776,7331265,3212102,1133087,348860,975592,64194,91050,13156150
2021-12-13,847,7342056,3212102,1133087,348860,977303,64194,91165,13168767
2021-12-14,847,7342056,3212102,1133087,348860,977303,64194,91165,13168767
2021-12-20,842,7355310,3212102,1133087,348860,980617,64194,91357,13185527
2021-12-19,842,7355310,3212102,1133087,348860,980617,64194,91357,13185527
2021-12-18,842,7355310,3212102,1133087,348860,980617,64194,91357,13185527
2021-12-17,842,7352904,3212102,1133087,348860,979981,64194,91322,13182450
2021-12-16,847,7350670,3212102,1133087,348860,979471,64194,91289,13179673
2021-12-15,847,7342056,3212102,1133087,348860,977303,64194,91165,13168767
2021-12-12,776,7331265,3212102,1133087,348860,975592,64194,91050,13156150
2021-12-11,776,7331265,3212102,1133087,348860,975592,64194,91050,13156150
2021-12-21,842,7355310,3212102,1133087,348860,980617,64194,91357,13185527
2021-12-22,842,7355310,3212102,1133087,348860,980617,64194,91357,13185527
2021-12-23,842,7366356,3212102,1133087,348860,983380,64194,91496,13199475
2021-12-24,842,7366356,3212102,1133087,348860,983380,64194,91496,13199475
2021-12-26,842,7366356,3212102,1133087,348860,983380,64194,91496,13199475
2021-12-25,842,7366356,3212102,1133087,348860,983380,64194,91496,13199475
2021-12-27,842,7366356,3212102,1133087,348860,983380,64194,91496,13199475
2021-12-28,842,7366356,3212102,1133087,348860,983380,64194,91496,13199475
2021-12-29,842,7377648,3212102,1133087,348860,985816,64194,91603,13213310
2021-12-30,842,7377648,3212102,1133087,348860,985816,64194,91603,13213310
2021-12-31,842,7377648,3212102,1133087,348860,985816,64194,91603,13213310
2022-01-01,842,7377648,3212102,1133087,348860,985816,64194,91603,13213310
2022-01-02,842,7377648,3212102,1133087,348860,985816,64194,91603,13213310
2022-01-03,842,7377648,3212102,1133087,348860,985816,64194,91603,13213310
2022-01-04,828,7390541,3212102,1133087,348860,989128,64194,91751,13229663
2022-01-05,828,7390541,3212102,1133087,348860,989128,64194,91751,13229663
