,level_0,date,recovery_rate,recovered_patients,recovery_in_last_24_hrs,home_isolation_cumulative,home_isolation_new,hospitalized_patients_cumulative,hospitalized_patients_new,samples_tested_cumulative,samples_tested_new,tests_per_million,total_cases_cumulative,total_cases_new,deaths_cumulative,deaths_new,active_cases,hospital_discharged,day,month,year,Index
0,0,15-09-2020,78.76,20094,446,10297,434,6650,179,227810,1900,156189,25511,613,315,11,5102,,Tuesday,Sep-20,2020,20200915
1,1,16-09-2020,78.21,20445,351,10573,276,6843,193,229876,2066,157606,26139,628,319,4,5375,,Wednesday,Sep-20,2020,20200916
2,2,17-09-2020,77.82,20844,399,10929,356,7045,202,231801,1925,158926,26783,644,327,8,5612,,Thursday,Sep-20,2020,20200917
3,3,18-09-2020,77.84,21314,470,11169,240,7227,182,233674,1873,160210,27379,596,335,8,5730,,Friday,Sep-20,2020,20200918
4,4,19-09-2020,77.65,21760,446,11732,563,7457,230,235787,2113,161659,28022,643,342,7,5920,,Saturday,Sep-20,2020,20200919
5,5,20-09-2020,78.43,22297,537,12007,275,7677,220,237198,1411,162626,28429,407,351,9,5781,,Sunday,Sep-20,2020,20200920
6,6,21-09-2020,79.03,22726,429,12492,485,7907,230,238343,1145,163411,28753,324,360,9,5667,,Monday,Sep-20,2020,20200921
7,7,22-09-2020,79.96,23462,736,12782,290,8146,239,240206,1863,164688,29343,590,368,8,5513,,Tuesday,Sep-20,2020,20200922
8,8,23-09-2020,79.84,23857,395,13184,402,8393,247,242078,1872,165972,29879,536,376,8,5646,,Wednesday,Sep-20,2020,20200923
9,9,24-09-2020,79.69,24347,490,13611,427,8639,246,244189,2111,167419,30552,673,383,7,5822,,Thursday,Sep-20,2020,20200924
10,10,25-09-2020,80.68,25071,724,13936,325,8908,269,246170,1981,168777,31071,519,386,3,5614,,Friday,Sep-20,2020,20200925
11,11,26-09-2020,81.58,25759,688,14288,352,9180,272,248153,1983,170137,31574,503,391,5,5424,,Saturday,Sep-20,2020,20200926
12,12,27-09-2020,82.79,26460,701,14591,303,9471,291,249581,1428,171116,31958,384,401,10,5097,,Sunday,Sep-20,2020,20200927
13,13,28-09-2020,83.56,27072,612,14927,336,9597,126,251033,1452,172111,32396,438,407,6,4917,,Monday,Sep-20,2020,20200928
14,14,29-09-2020,84.76,27781,709,15239,312,9691,94,252783,1750,173311,32777,381,419,12,4577,,Tuesday,Sep-20,2020,20200929
15,15,30-09-2020,84.16,28125,344,15652,413,9764,73,254801,2018,174695,33418,641,428,9,4865,,Wednesday,Sep-20,2020,20200930
16,16,01-10-2020,84.04,28525,400,15955,303,9835,71,256897,2096,176132,33942,524,440,12,4977,,Thursday,Oct-20,2020,20201001
17,17,02-10-2020,84.18,29004,479,16192,237,9919,84,258285,1388,177084,34455,513,442,2,5009,,Friday,Oct-20,2020,20201002
18,18,05-10-2020,85.26,30456,423,17049,308,10161,67,262241,1246,179796,35719,391,460,4,4803,,Monday,Oct-20,2020,20201005
19,19,06-10-2020,85.65,31050,594,17354,305,10250,89,264139,1898,181097,36238,519,468,8,4720,,Tuesday,Oct-20,2020,20201006
20,20,07-10-2020,85.74,31444,394,17676,322,10321,71,265959,1820,182345,36670,432,477,9,4749,,Wednesday,Oct-20,2020,20201007
21,21,08-10-2020,85.98,31902,458,17980,304,10403,82,267362,1403,183307,37102,432,484,7,4716,,Thursday,Oct-20,2020,20201008
22,22,09-10-2020,85.97,32317,415,18201,221,10502,99,269205,1843,184570,37591,489,491,7,4783,,Friday,Oct-20,2020,20201009
23,23,10-10-2020,86.4,32777,460,18434,233,10559,57,270616,1411,185538,37934,343,499,8,4658,,Saturday,Oct-20,2020,20201010
24,24,11-10-2020,86.54,33203,426,18608,174,10623,64,271962,1346,186461,38366,432,507,8,4656,,Sunday,Oct-20,2020,20201011
25,25,12-10-2020,87.13,33698,495,18870,262,10690,67,273404,1442,187449,38674,308,511,4,4465,,Monday,Oct-20,2020,20201012
26,26,13-10-2020,87.64,34252,554,19093,223,10767,77,274974,1570,188526,39082,408,514,3,4316,,Tuesday,Oct-20,2020,20201013
27,27,14-10-2020,88.06,34731,479,19361,268,10852,85,276457,1483,189543,39438,356,519,5,4188,,Wednesday,Oct-20,2020,20201014
28,28,15-10-2020,88.41,35161,430,19534,173,10893,41,278039,1582,190627,39770,332,525,6,4084,,Thursday,Oct-20,2020,20201015
29,29,16-10-2020,88.82,35610,449,19756,222,10940,47,279295,1256,191488,40091,321,531,6,3950,,Friday,Oct-20,2020,20201016
30,30,19-10-2020,90.59,36914,519,20195,164,11095,42,282691,742,193817,40746,159,549,5,3283,,Monday,Oct-20,2020,20201019
31,31,20-10-2020,90.84,37275,361,20370,175,11151,56,284193,1502,194847,41031,285,555,6,3201,,Tuesday,Oct-20,2020,20201020
32,32,21-10-2020,91.16,37683,408,20544,174,11196,45,285455,1262,195712,41339,308,557,2,3099,,Wednesday,Oct-20,2020,20201021
33,33,22-10-2020,91.45,38031,348,20707,163,11249,53,286711,1256,196573,41586,247,564,7,2991,,Thursday,Oct-20,2020,20201022
34,34,23-10-2020,91.89,38421,390,20846,139,11297,48,287887,1176,197379,41813,227,568,4,2824,,Friday,Oct-20,2020,20201023
35,35,24-10-2020,92.24,38769,348,20996,150,11339,42,289332,1445,198370,42031,218,570,2,2692,,Saturday,Oct-20,2020,20201024
36,36,25-10-2020,92.54,39090,321,21064,68,11379,40,290350,1018,199068,42242,211,576,6,2576,,Sunday,Oct-20,2020,20201025
37,37,26-10-2020,92.71,39433,343,21208,144,11418,39,291630,1280,199945,42532,290,582,6,2517,,Monday,Oct-20,2020,20201026
38,38,27-10-2020,93.05,39778,345,21383,1175,11464,46,293591,1961,201290,42747,215,585,3,2384,,Tuesday,Oct-20,2020,20201027
39,39,28-10-2020,93.03,39974,196,21498,115,11518,54,295392,1801,202525,42968,221,592,7,2402,,Wednesday,Oct-20,2020,20201028
40,40,29-10-2020,92.97,40168,194,21581,83,11570,52,297075,1683,203679,43201,233,597,5,2436,,Thursday,Oct-20,2020,20201029
41,41,30-10-2020,93.07,40409,241,21761,180,11612,42,298792,1717,204856,43416,215,602,5,2405,,Friday,Oct-20,2020,20201030
42,42,31-10-2020,93.24,40678,269,21879,118,11650,38,300548,1756,206060,43626,210,604,2,2344,,Saturday,Oct-20,2020,20201031
43,43,01-11-2020,93.48,40915,237,21936,57,11693,43,301440,892,206671,43768,142,609,5,2244,,Sunday,Nov-20,2020,20201101
44,44,02-11-2020,93.56,41123,208,22049,113,11728,35,302832,1392,207626,43954,186,616,7,2215,,Monday,Nov-20,2020,20201102
45,45,03-11-2020,93.6,41362,239,22173,124,11767,39,304544,1712,208799,44189,235,618,2,2209,,Tuesday,Nov-20,2020,20201103
46,46,04-11-2020,93.78,41611,249,22298,125,11800,33,306425,1881,210089,44372,183,626,8,2135,,Wednesday,Nov-20,2020,20201104
47,47,05-11-2020,93.95,41849,238,22402,104,11832,32,308011,1586,211176,44544,172,630,4,2065,,Thursday,Nov-20,2020,20201105
48,48,06-11-2020,93.99,42056,207,22502,100,11871,39,309751,1740,212369,44747,203,633,3,2058,,Friday,Nov-20,2020,20201106
49,49,08-11-2020,94.18,42446,207,22728,103,12513,42,312780,1766,214446,45065,149,643,2,1976,,Sunday,Nov-20,2020,20201108
50,50,09-11-2020,94.4,42678,232,22772,44,12544,31,314183,1403,215408,45209,144,647,4,1884,,Monday,Nov-20,2020,20201109
51,51,10-11-2020,94.46,42877,199,22882,110,12573,29,315761,1578,216490,45389,180,651,4,1861,,Tuesday,Nov-20,2020,20201110
52,52,11-11-2020,94.57,43029,152,22954,72,12608,35,317230,1469,217497,45498,109,656,5,1813,,Wednesday,Nov-20,2020,20201111
53,53,12-11-2020,94.77,43221,192,23009,55,12640,32,318541,1311,218396,45605,107,656,0,1728,,Thursday,Nov-20,2020,20201112
54,54,13-11-2020,94.81,43388,167,23083,74,12676,36,320092,1551,219459,45761,156,658,2,1715,,Friday,Nov-20,2020,20201113
55,55,14-11-2020,94.96,43533,145,23108,25,12703,27,321050,958,220116,45845,84,659,1,1653,,Saturday,Nov-20,2020,20201114
56,56,15-11-2020,95.1,43656,123,23141,33,12740,37,321769,719,220609,45903,58,662,3,1585,,Sunday,Nov-20,2020,20201115
57,57,16-11-2020,95.46,43941,285,23233,92,12761,21,322989,1220,221446,46028,125,663,1,1424,,Monday,Nov-20,2020,20201116
58,58,17-11-2020,95.56,44132,191,23310,77,12803,42,324649,1660,222584,46182,154,667,4,1383,,Tuesday,Nov-20,2020,20201117
59,59,18-11-2020,95.61,44310,178,23482,172,12839,36,326365,1716,223760,46344,162,670,3,1364,,Wednesday,Nov-20,2020,20201118
60,60,19-11-2020,95.66,44467,157,23582,100,12880,41,327986,1621,224872,46480,136,670,0,1343,,Thursday,Nov-20,2020,20201119
61,61,20-11-2020,95.78,44665,198,23692,110,12928,48,329749,1763,226080,46632,152,672,2,1295,,Friday,Nov-20,2020,20201120
62,62,21-11-2020,95.86,44812,147,23781,89,12976,48,331599,1850,227349,46748,116,675,3,1261,,Saturday,Nov-20,2020,20201121
63,63,22-11-2020,96.06,44979,167,23819,38,13007,31,332738,1139,228130,46826,78,677,2,1170,,Sunday,Nov-20,2020,20201122
64,64,23-11-2020,96.12,45083,104,23879,60,13034,27,334198,1460,229131,46901,75,677,0,1141,,Monday,Nov-20,2020,20201123
65,65,24-11-2020,95.96,45168,85,23960,81,13070,36,336202,2004,230505,47068,167,679,2,1221,,Tuesday,Nov-20,2020,20201124
66,66,25-11-2020,95.84,45229,61,24062,102,13110,40,338144,1942,231836,47193,125,683,4,1281,,Wednesday,Nov-20,2020,20201125
67,67,26-11-2020,95.77,45340,111,24191,129,13156,46,340036,1892,233133,47341,148,685,2,1316,,Thursday,Nov-20,2020,20201126
68,68,27-11-2020,95.79,45492,152,24312,121,13186,30,342681,2645,234947,47491,150,686,1,1313,,Friday,Nov-20,2020,20201127
69,69,28-11-2020,95.73,45655,163,24421,109,13234,48,345201,2520,236674,47689,198,686,0,1348,,Saturday,Nov-20,2020,20201128
70,70,29-11-2020,95.78,45790,135,24455,34,13278,44,347199,1998,238044,47804,115,687,1,1327,,Sunday,Nov-20,2020,20201129
71,71,30-11-2020,95.78,45940,150,24604,149,13329,51,348871,1672,239191,47963,159,688,1,1335,,Monday,Nov-20,2020,20201130
72,72,01-12-2020,95.73,46068,128,24730,126,13372,43,350919,2048,240595,48124,161,690,2,1366,,Tuesday,Dec-20,2020,20201201
73,73,02-12-2020,95.63,46132,64,24826,96,13412,40,352922,2003,241968,48241,117,693,3,1416,,Wednesday,Dec-20,2020,20201202
74,74,03-12-2020,95.63,46251,119,24876,50,13450,38,354812,1890,243264,48365,124,696,3,1418,,Thursday,Dec-20,2020,20201203
75,75,04-12-2020,95.7,46375,124,24969,93,13483,33,356109,1297,244153,48459,94,696,0,1388,,Friday,Dec-20,2020,20201204
76,76,05-12-2020,95.72,46493,118,25051,82,13526,43,358202,2093,245588,48574,115,697,1,1384,,Saturday,Dec-20,2020,20201205
77,77,06-12-2020,95.76,46624,131,25093,42,13562,36,359345,1143,246372,48686,112,698,1,1364,,Sunday,Dec-20,2020,20201206
78,78,07-12-2020,95.9,46778,154,25195,102,13603,41,360920,1575,247452,48776,90,701,3,1297,,Monday,Dec-20,2020,20201207
79,79,08-12-2020,95.89,46924,146,25323,128,13634,31,363062,2142,248920,48935,159,701,0,1310,,Tuesday,Dec-20,2020,20201208
80,80,09-12-2020,95.96,47056,132,25413,90,13671,37,364672,1610,250024,49036,101,703,2,1277,,Wednesday,Dec-20,2020,20201209
81,81,10-12-2020,96.1,47215,159,25491,78,13717,46,366174,1502,251054,49131,95,703,0,1213,,Thursday,Dec-20,2020,20201210
82,82,11-12-2020,96.16,47345,130,25587,96,13768,51,367818,1644,252181,49235,104,703,0,1187,,Friday,Dec-20,2020,20201211
83,83,12-12-2020,96.31,47489,144,25610,23,13808,40,369887,2069,253599,49305,70,705,2,1111,,Saturday,Dec-20,2020,20201212
84,84,13-12-2020,96.41,47590,101,25617,7,13828,20,370690,803,254150,49362,57,706,1,1066,,Sunday,Dec-20,2020,20201213
85,85,14-12-2020,96.48,47737,147,25729,112,13854,26,372211,1521,255193,49474,112,707,1,1030,,Monday,Dec-20,2020,20201214
86,86,15-12-2020,96.56,47861,124,25799,70,13899,45,373920,1709,256365,49566,92,710,3,995,,Tuesday,Dec-20,2020,20201215
87,87,16-12-2020,96.59,47965,104,25865,66,13926,27,375678,1758,257570,49657,91,713,3,979,,Wednesday,Dec-20,2020,20201216
88,88,17-12-2020,96.6,48054,89,25917,52,13955,29,377343,1665,258711,49745,88,716,3,975,,Thursday,Dec-20,2020,20201217
89,89,18-12-2020,96.63,48170,116,26044,127,13985,30,378817,1474,259722,49849,104,718,2,961,,Friday,Dec-20,2020,20201218
90,90,19-12-2020,96.61,48280,110,26069,25,14014,29,380426,1609,260825,49976,127,718,0,978,,Saturday,Dec-20,2020,20201219
91,91,20-12-2020,96.62,48371,91,26087,18,14051,37,381392,966,261487,50064,88,721,3,972,,Sunday,Dec-20,2020,20201220
92,92,21-12-2020,96.68,48479,108,26184,97,14080,29,382852,1460,262488,50143,79,723,2,941,,Monday,Dec-20,2020,20201221
93,93,22-12-2020,96.67,48567,88,26275,91,14122,42,384740,1888,263783,50239,96,725,2,947,,Tuesday,Dec-20,2020,20201222
94,94,23-12-2020,96.57,48637,70,26341,66,14147,25,386533,1793,265012,50364,125,727,2,1000,,Wednesday,Dec-20,2020,20201223
95,95,24-12-2020,96.57,48725,88,26403,62,14166,19,388210,1677,266162,50454,90,728,1,1001,,Thursday,Dec-20,2020,20201224
96,96,25-12-2020,96.62,48826,101,26430,27,14191,25,389879,1669,267306,50534,80,728,0,980,,Friday,Dec-20,2020,20201225
97,97,26-12-2020,96.67,48913,87,26478,48,14216,25,391084,1205,268132,50595,61,731,3,951,,Saturday,Dec-20,2020,20201226
98,98,27-12-2020,96.69,48992,79,26493,15,14256,40,392413,1329,269044,50667,72,731,0,944,,Sunday,Dec-20,2020,20201227
99,99,28-12-2020,96.67,49083,91,26551,58,14292,36,393587,1174,269849,50772,105,734,3,955,,Monday,Dec-20,2020,20201228
100,100,29-12-2020,96.69,49199,116,26618,67,14316,24,395425,1838,271109,50884,112,735,1,950,,Tuesday,Dec-20,2020,20201229
101,101,30-12-2020,96.72,49313,114,26688,70,14353,37,397386,1961,272453,50981,97,737,2,931,,Wednesday,Dec-20,2020,20201230
102,102,31-12-2020,96.71,49388,75,26738,50,14383,30,399206,1820,273701,51066,85,739,2,939,,Thursday,Dec-20,2020,20201231
103,103,01-01-2021,96.74,49466,78,26784,46,14411,28,400669,1463,274705,51135,69,739,0,930,,Friday,Jan-21,2021,20210101
104,104,02-01-2021,96.76,49570,104,26847,63,14440,29,402289,1620,275815,51230,95,739,0,921,,Saturday,Jan-21,2021,20210102
105,105,03-01-2021,96.8,49653,83,26880,33,14469,29,403611,1322,276722,51295,65,741,2,901,,Sunday,Jan-21,2021,20210103
106,106,04-01-2021,96.89,49741,88,26927,47,14500,31,404788,1177,277529,51335,40,743,2,851,,Monday,Jan-21,2021,20210104
107,107,05-01-2021,96.88,49811,70,26988,61,14524,24,406810,2022,278915,51415,80,744,1,860,,Tuesday,Jan-21,2021,20210105
108,108,06-01-2021,96.87,49893,82,27046,58,14548,24,408710,1900,280218,51507,92,744,0,870,,Wednesday,Jan-21,2021,20210106
109,109,07-01-2021,96.82,49983,90,27093,47,14576,28,410575,1865,281496,51626,119,744,0,899,,Thursday,Jan-21,2021,20210107
110,110,08-01-2021,96.86,50088,105,27166,73,14589,13,412662,2087,282927,51709,83,744,0,877,,Friday,Jan-21,2021,20210108
111,111,09-01-2021,96.88,50177,89,27239,73,14625,36,414869,2207,284440,51790,81,746,2,867,,Saturday,Jan-21,2021,20210109
112,112,10-01-2021,96.95,50277,100,27245,6,14614,25,416392,1523,285484,51856,66,747,1,832,,Sunday,Jan-21,2021,20210110
113,113,11-01-2021,97.02,50343,66,27331,86,14637,23,417573,1181,286294,51891,35,749,2,799,,Monday,Jan-21,2021,20210111
114,114,12-01-2021,97.03,50437,94,27388,57,14664,27,419548,1975,287648,51983,92,749,0,797,,Tuesday,Jan-21,2021,20210112
115,115,13-01-2021,97,50515,78,27456,68,14683,19,421490,1942,288980,52079,96,750,1,814,,Wednesday,Jan-21,2021,20210113
116,116,14-01-2021,96.93,50582,67,27512,56,14712,29,423328,1838,290240,52182,103,752,2,848,,Thursday,Jan-21,2021,20210114
117,117,15-01-2021,96.9,50643,61,27564,52,14737,25,425033,1705,291409,52262,80,753,1,866,,Friday,Jan-21,2021,20210115
118,118,16-01-2021,96.88,50712,69,27657,93,14773,36,426703,1670,292554,52345,83,756,3,877,,Saturday,Jan-21,2021,20210116
119,119,17-01-2021,96.88,50771,59,27680,23,14807,34,427935,1232,293398,52405,60,756,0,878,,Sunday,Jan-21,2021,20210117
120,120,18-01-2021,96.91,50837,66,27731,51,14831,24,429020,1085,294142,52458,53,756,0,865,,Monday,Jan-21,2021,20210118
121,121,19-01-2021,96.92,50952,115,27779,48,14865,34,431275,2255,295688,52570,112,756,0,862,,Tuesday,Jan-21,2021,20210119
122,122,20-01-2021,96.92,51036,84,27837,58,14890,25,433077,1802,296924,52657,87,756,0,865,,Wednesday,Jan-21,2021,20210120
123,123,21-01-2021,96.92,51090,54,27914,77,14912,22,434825,1748,298122,52712,55,757,1,865,,Thursday,Jan-21,2021,20210121
124,124,22-01-2021,96.95,51170,80,27950,36,14928,16,436519,1694,299284,52782,70,758,1,854,,Friday,Jan-21,2021,20210122
125,125,23-01-2021,96.9,51233,63,27987,37,14953,25,438454,1935,300610,52867,85,761,3,873,,Saturday,Jan-21,2021,20210123
126,126,24-01-2021,97,51335,102,27994,7,14980,27,439616,1162,301407,52920,53,761,0,824,,Sunday,Jan-21,2021,20210124
127,127,25-01-2021,97.11,51448,113,28035,41,15010,30,441012,1396,302364,52977,57,762,1,767,,Monday,Jan-21,2021,20210125
128,128,26-01-2021,97.09,51510,62,28077,42,15031,21,442488,1476,303376,53047,70,763,1,774,,Tuesday,Jan-21,2021,20210126
129,129,27-01-2021,97.17,51600,90,28141,64,15064,33,443903,1415,304346,53100,53,763,0,737,,Wednesday,Jan-21,2021,20210127
130,130,28-01-2021,97.11,51652,52,28174,33,15096,32,445778,1875,305631,53185,85,765,2,768,,Thursday,Jan-21,2021,20210128
131,131,29-01-2021,97.17,51755,103,28230,56,15121,25,447398,1620,306743,53263,78,766,1,742,,Friday,Jan-21,2021,20210129
132,132,30-01-2021,97.14,51831,76,28298,68,15144,23,449280,1882,308033,53356,93,766,0,759,,Saturday,Jan-21,2021,20210130
133,133,31-01-2021,97.15,51891,60,28327,29,15164,20,450676,1396,308990,53409,53,768,2,750,,Sunday,Jan-21,2021,20210131
134,134,01-02-2021,97.21,51977,86,28373,46,15197,33,452039,1363,309925,53469,60,768,0,724,,Monday,Feb-21,2021,20210201
135,135,02-02-2021,97.13,52039,62,28433,60,15220,23,454356,2317,311513,53575,106,768,0,768,,Tuesday,Feb-21,2021,20210202
136,136,03-02-2021,97.14,52109,70,28481,48,15255,35,456130,1774,312729,53638,63,768,0,761,,Wednesday,Feb-21,2021,20210203
137,137,04-02-2021,97.11,52165,56,28535,54,15291,36,458068,1938,314058,53717,79,770,2,782,,Thursday,Feb-21,2021,20210204
138,138,05-02-2021,97.16,52243,78,28613,78,15328,37,459485,1417,315030,53773,56,770,0,760,,Friday,Feb-21,2021,20210205
139,139,06-02-2021,97.14,52299,56,28663,50,15355,27,460994,1509,316064,53838,65,770,0,769,,Saturday,Feb-21,2021,20210206
140,140,07-02-2021,97.15,52347,48,28673,10,15382,27,462011,1017,316761,53880,42,772,2,761,,Sunday,Feb-21,2021,20210207
141,141,08-02-2021,97.21,52432,85,28722,49,15411,29,463300,1289,317645,53937,57,772,0,733,,Monday,Feb-21,2021,20210208
142,142,09-02-2021,97.28,52530,98,28765,43,15443,32,464805,1505,318677,53996,59,774,2,692,,Tuesday,Feb-21,2021,20210209
143,143,10-02-2021,97.27,52594,64,28812,47,15482,39,466545,1740,319870,54068,72,776,2,698,,Wednesday,Feb-21,2021,20210210
144,144,11-02-2021,97.3,52653,59,28837,25,15506,24,468179,1634,320990,54113,45,776,0,684,,Thursday,Feb-21,2021,20210211
145,145,12-02-2021,96.93,52780,127,28879,42,15540,34,469749,1570,322067,54152,39,777,1,595,,Friday,Feb-21,2021,20210212
146,146,13-02-2021,97.49,52831,51,28933,54,15568,28,471165,1416,323038,54193,41,778,1,584,,Saturday,Feb-21,2021,20210213
147,147,14-02-2021,97.56,52910,79,28943,10,15589,21,472229,1064,323767,54235,42,779,1,546,,Sunday,Feb-21,2021,20210214
148,148,15-02-2021,97.59,52969,59,28975,32,15618,29,473449,1220,324604,54275,40,781,2,525,,Monday,Feb-21,2021,20210215
149,149,16-02-2021,97.63,53035,66,29026,51,15643,25,475057,1608,325706,54323,48,784,3,504,,Tuesday,Feb-21,2021,20210216
150,150,17-02-2021,97.62,53074,39,29063,37,15666,23,476682,1625,326820,54369,46,786,2,509,,Wednesday,Feb-21,2021,20210217
151,151,18-02-2021,97.62,53125,51,29101,38,15691,25,478148,1466,327825,54421,52,786,0,510,,Thursday,Feb-21,2021,20210218
152,152,19-02-2021,97.64,53181,56,29132,31,15715,24,479780,1632,328944,54466,45,787,1,498,,Friday,Feb-21,2021,20210219
153,153,20-02-2021,97.65,53243,62,29159,27,15735,20,481571,1791,330172,54523,57,787,0,493,,Saturday,Feb-21,2021,20210220
154,154,21-02-2021,97.66,53287,44,29179,20,15768,33,482622,1051,330892,54562,39,787,0,488,,Sunday,Feb-21,2021,20210221
155,155,22-02-2021,97.7,53340,53,29196,17,15791,23,483675,1053,331614,54591,29,787,0,464,,Monday,Feb-21,2021,20210222
156,156,23-02-2021,97.68,53381,41,29227,31,15813,22,485451,1776,332832,54648,57,788,1,479,,Tuesday,Feb-21,2021,20210223
157,157,24-02-2021,97.65,53416,35,29270,43,15852,39,487110,1659,333970,54700,52,789,1,495,,Wednesday,Feb-21,2021,20210224
158,158,25-02-2021,97.59,53449,33,29294,24,15878,26,488742,1632,335089,54771,71,791,2,531,,Thursday,Feb-21,2021,20210225
159,159,26-02-2021,97.48,53490,41,29340,46,15905,27,490555,1813,336332,54871,100,794,3,587,,Friday,Feb-21,2021,20210226
160,160,27-02-2021,97.47,53540,50,29400,60,15920,15,492143,1588,337420,54932,61,794,0,598,,Saturday,Feb-21,2021,20210227
161,161,28-02-2021,97.45,53585,45,29433,33,15936,16,493367,1224,338259,54986,54,795,1,606,,Sunday,Feb-21,2021,20210228
162,162,01-03-2021,97.49,53647,62,29444,11,15948,12,494535,1168,339060,55026,40,796,1,583,,Monday,Mar-21,2021,20210301
163,163,02-03-2021,97.5,53695,48,29484,40,15966,18,496089,1554,340126,55073,47,796,0,582,,Tuesday,Mar-21,2021,20210302
164,164,03-03-2021,97.45,53737,42,29512,28,15979,13,497806,1717,341303,55143,70,796,0,610,,Wednesday,Mar-21,2021,20210303
165,165,04-03-2021,97.4,53775,38,29559,47,15986,7,499371,1565,342376,55212,69,798,2,639,,Thursday,Mar-21,2021,20210304
166,166,05-03-2021,97.33,53817,42,29590,31,15998,12,500978,1607,343478,55291,79,799,1,675,,Friday,Mar-21,2021,20210305
167,167,06-03-2021,97.29,53862,45,29640,50,16013,15,502509,1531,344527,55361,70,799,0,700,,Saturday,Mar-21,2021,20210306
168,168,07-03-2021,97.31,53922,60,29678,38,16034,21,503674,1165,345326,55409,48,799,0,688,,Sunday,Mar-21,2021,20210307
169,169,08-03-2021,97.42,54032,110,29711,33,16049,15,504938,1264,346193,55463,54,799,0,632,,Monday,Mar-21,2021,20210308
170,170,09-03-2021,97.36,54073,41,29754,43,16062,13,506507,1569,347269,55538,75,802,3,663,,Tuesday,Mar-21,2021,20210309
171,171,10-03-2021,97.34,54130,57,29825,71,16075,13,507998,1491,348290,55607,69,802,0,675,,Wednesday,Mar-21,2021,20210310
172,172,11-03-2021,97.29,54169,39,29855,30,16094,19,509776,1778,349509,55676,69,803,1,704,,Thursday,Mar-21,2021,20210311
173,173,12-03-2021,97.22,54209,40,29891,36,16106,12,511503,1727,350694,55758,82,804,1,745,,Friday,Mar-21,2021,20210312
174,174,13-03-2021,97.18,54279,70,29943,52,16120,14,512999,1496,351720,55851,93,805,1,767,,Saturday,Mar-21,2021,20210313
175,175,14-03-2021,97.22,54362,83,29978,35,16133,13,514309,1310,352617,55917,66,806,1,749,,Sunday,Mar-21,2021,20210314
176,176,15-03-2021,97.17,54424,62,30018,40,16145,12,515663,1354,353546,56006,89,807,1,775,,Monday,Mar-21,2021,20210315
177,177,16-03-2021,97.14,54497,73,30084,66,16156,11,517229,1566,354620,56100,94,811,4,792,,Tuesday,Mar-21,2021,20210316
178,178,17-03-2021,97.12,54556,59,30127,43,16171,15,518847,1618,355729,56173,73,812,1,805,,Wednesday,Mar-21,2021,20210317
179,179,18-03-2021,97.02,54597,41,30223,96,16184,13,520510,1663,356869,56271,98,813,1,861,,Thursday,Mar-21,2021,20210318
180,180,19-03-2021,96.96,54657,60,30265,42,16201,17,522458,1948,358205,56371,100,815,2,899,,Friday,Mar-21,2021,20210319
181,181,20-03-2021,96.79,54713,56,30343,78,16211,10,524230,1772,359419,56525,154,815,0,997,,Saturday,Mar-21,2021,20210320
182,182,21-03-2021,96.76,54792,79,30453,110,16230,19,525665,1435,360403,56623,98,818,3,1013,,Sunday,Mar-21,2021,20210321
183,183,22-03-2021,96.76,54873,81,30526,73,16238,8,527106,1441,361392,56708,85,818,0,1017,,Monday,Mar-21,2021,20210322
184,184,23-03-2021,96.63,54931,58,30588,62,16259,21,529007,1901,362695,56841,133,821,3,1089,,Tuesday,Mar-21,2021,20210323
185,185,24-03-2021,96.53,55004,73,30629,41,16283,24,530780,1773,363911,56981,140,821,0,1156,,Wednesday,Mar-21,2021,20210324
186,186,25-03-2021,96.32,55070,66,30699,70,16303,20,532970,2190,365412,57170,189,822,1,1278,,Thursday,Mar-21,2021,20210325
187,187,26-03-2021,96.33,55181,111,30770,71,16321,18,535093,2123,366868,57283,113,823,1,1279,,Friday,Mar-21,2021,20210326
188,188,27-03-2021,96.17,55250,69,30847,77,16343,22,537572,2479,368567,57453,170,824,1,1379,,Saturday,Mar-21,2021,20210327
189,189,28-03-2021,96.13,55354,104,30895,48,16366,23,539339,1767,369778,57584,131,826,2,1404,,Sunday,Mar-21,2021,20210328
190,190,29-03-2021,96.09,55455,101,30950,55,16395,29,540796,1457,370778,57712,128,828,2,1429,,Monday,Mar-21,2021,20210329
191,191,30-03-2021,96.11,55591,136,31109,159,16432,37,542300,1504,371808,57839,127,829,1,1419,,Tuesday,Mar-21,2021,20210330
192,192,31-03-2021,95.89,55653,62,31312,203,16468,36,544652,2352,373422,58039,200,830,1,1556,,Wednesday,Mar-21,2021,20210331
193,193,01-04-2021,95.63,55757,104,31370,58,16492,24,547263,2611,375211,58304,265,831,1,1716,,Thursday,Apr-21,2021,20210401
194,194,02-04-2021,95.31,55838,81,31518,148,16531,39,549292,2029,376602,58584,280,832,1,1914,,Friday,Apr-21,2021,20210402
195,195,03-04-2021,95.21,55989,151,31620,102,16558,27,551354,2062,378016,58803,219,834,2,1980,,Saturday,Apr-21,2021,20210403
196,196,04-04-2021,95.07,56156,167,31728,108,16598,40,553411,2057,379426,59068,265,835,1,2077,,Sunday,Apr-21,2021,20210404
197,197,05-04-2021,94.91,56298,142,31866,138,16630,32,555457,2046,380829,59315,247,837,2,2180,,Monday,Apr-21,2021,20210405
198,198,06-04-2021,94.46,56393,95,32041,175,16700,70,558266,2809,382755,59702,387,838,1,2471,,Tuesday,Apr-21,2021,20210406
199,199,07-04-2021,93.86,56531,138,32332,291,16751,51,560905,2639,400850,60229,527,840,2,2858,,Wednesday,Apr-21,2021,20210407
200,200,08-04-2021,93.14,56638,107,32618,286,16788,37,564111,3206,386763,60811,582,842,2,3331,,Thursday,Apr-21,2021,20210408
201,201,09-04-2021,92.74,56797,159,32888,270,16846,58,566872,2761,388655,61239,428,845,3,3597,,Friday,Apr-21,2021,20210409
202,202,10-04-2021,92.21,56964,167,33125,237,16912,66,569832,2960,390685,61779,540,846,1,3969,,Saturday,Apr-21,2021,20210410
203,203,11-04-2021,91.7,57134,170,33341,216,16969,57,572337,2505,392402,62304,525,848,2,4322,,Sunday,Apr-21,2021,20210411
204,204,12-04-2021,91.38,57365,231,33587,246,17037,68,574617,2280,393966,62780,476,850,2,4565,,Monday,Apr-21,2021,20210412
205,205,13-04-2021,90.94,57601,236,33894,307,17134,97,577121,2504,395683,63342,562,853,3,4888,,Tuesday,Apr-21,2021,20210413
206,206,14-04-2021,90.64,57846,245,34295,401,17212,78,579357,2236,397215,63815,473,857,4,5112,,Wednesday,Apr-21,2021,20210414
207,207,15-04-2021,89.87,58028,182,34662,367,17309,97,582068,2711,399074,64572,757,862,5,5682,,Thursday,Apr-21,2021,20210415
208,208,16-04-2021,89.02,58310,282,35019,357,17409,100,585257,3189,401261,65499,927,868,6,6321,,Friday,Apr-21,2021,20210416
209,209,17-04-2021,88.65,58746,436,35453,434,17603,97,588751,3494,403656,66261,762,872,4,6643,,Saturday,Apr-21,2021,20210417
210,210,18-04-2021,88.19,59277,531,35854,401,17708,105,592007,3256,405888,67212,951,883,11,7052,,Sunday,Apr-21,2021,20210418
211,211,19-04-2021,87.61,59705,428,36257,403,17795,87,594733,2726,407758,68152,940,900,17,7547,,Monday,Apr-21,2021,20210419
212,212,20-04-2021,86.77,60145,440,36854,597,17937,142,598330,3597,410224,69312,1160,926,26,8241,,Tuesday,Apr-21,2021,20210420
213,213,21-04-2021,85.53,60571,426,37449,595,18095,158,602419,4089,413027,70814,1502,943,17,9300,,Wednesday,Apr-21,2021,20210421
214,214,22-04-2021,84.5,61032,461,38100,651,18230,135,606325,3906,415705,72224,1410,964,21,10228,,Thursday,Apr-21,2021,20210422
215,215,23-04-2021,83.68,61628,596,38803,703,18376,146,609932,3607,418178,73644,1420,976,12,11040,,Friday,Apr-21,2021,20210423
216,216,24-04-2021,82.61,62113,485,39369,566,18535,159,613865,3933,420875,75184,1540,993,17,12078,,Saturday,Apr-21,2021,20210424
217,217,25-04-2021,81.02,62771,658,39916,547,18670,135,619811,5946,424951,77477,2293,1017,24,13689,,Sunday,Apr-21,2021,20210425
218,218,26-04-2021,79.55,63483,712,40548,632,18848,178,626583,6772,429595,79798,2321,1055,38,15260,,Monday,Apr-21,2021,20210426
219,219,27-04-2021,78.42,64231,748,41962,1414,19058,210,632131,5548,433398,81908,2110,1086,31,16591,,Tuesday,Apr-21,2021,20210427
220,220,28-04-2021,76.54,65070,839,43229,1267,19297,239,640149,8018,438896,85009,3101,1110,24,18829,,Wednesday,Apr-21,2021,20210428
221,221,29-04-2021,74.96,65984,914,45259,2030,19537,240,646059,5910,442948,88028,3019,1146,36,20898,,Thursday,Apr-21,2021,20210429
222,222,30-04-2021,73.52,66939,955,46407,1148,19751,214,652816,6757,447580,91052,3024,1168,22,22945,,Friday,Apr-21,2021,20210430
223,223,01-05-2021,73.1,68249,1310,49206,2799,19976,225,658713,5897,451623,93355,2303,1222,54,23884,,Saturday,May-21,2021,20210501
224,224,02-05-2021,72.86,69504,1255,51273,2067,20212,236,663507,4794,454910,95385,2030,1274,52,24607,,Sunday,May-21,2021,20210502
225,225,03-05-2021,72.31,70929,1425,54747,3474,20500,288,669520,6013,459033,98088,2703,1320,46,25839,,Monday,May-21,2021,20210503
226,226,04-05-2021,72.15,72799,1870,57173,2426,20777,277,676072,6552,463525,100902,2814,1372,52,26731,,Tuesday,May-21,2021,20210504
227,227,05-05-2021,71.83,74991,2192,59765,2592,21043,266,682841,6769,468165,104398,3496,1443,71,27964,,Wednesday,May-21,2021,20210505
228,228,06-05-2021,71.03,77014,2023,62670,2905,21334,291,690359,7518,473320,108267,3869,1501,58,29752,192,Thursday,May-21,2021,20210506
229,229,07-05-2021,70.41,79189,2175,66276,3606,21630,296,698529,8170,478922,112462,4195,1557,56,31716,194,Friday,May-21,2021,20210507
230,230,08-05-2021,70.74,82214,3025,70163,3887,21940,310,706644,8115,484486,116213,3751,1612,55,32387,191,Saturday,May-21,2021,20210508
231,231,09-05-2021,71.76,85292,3078,73643,3480,22211,271,712315,5671,488373,118846,2633,1679,67,31875,175,Sunday,May-21,2021,20210509
232,232,10-05-2021,72.06,87659,2367,75970,2327,22520,309,718422,6107,492561,121650,2804,1729,50,32262,165,Monday,May-21,2021,20210510
233,233,15-05-2021,75.6,101712,3512,87599,1745,23911,242,753271,5571,516454,134542,1957,2056,58,30774,209,Saturday,May-21,2021,20210515
234,234,16-05-2021,77.66,105505,3793,88799,1200,24121,210,757148,3877,519112,135856,1314,2099,43,28252,149,Sunday,May-21,2021,20210516
235,235,17-05-2021,79.69,109513,4008,89635,836,24310,189,761413,4265,522036,137418,1562,2152,53,25753,193,Monday,May-21,2021,20210517
236,236,18-05-2021,81.16,112633,3120,90815,1180,24494,184,765311,3898,524709,138776,1358,2197,45,23946,199,Tuesday,May-21,2021,20210518
237,237,19-05-2021,82,114793,2160,91791,976,24703,209,769184,3873,527364,139985,1209,2228,31,22964,139,Wednesday,May-21,2021,20210519
238,238,23-05-2021,86.58,126800,2545,97516,1455,25473,166,787977,4568,540249,146460,1621,2383,42,17277,145,Sunday,May-21,2021,20210523
239,239,29-05-2021,88.57,136766,1206,104606,847,26342,116,816691,4276,559935,154419,963,2597,27,15056,155,Saturday,May-21,2021,20210529
240,240,30-05-2021,89.27,138429,1663,105152,546,26441,99,819933,3242,562158,155064,645,2625,28,14010,124,Sunday,May-21,2021,20210530
241,241,06-06-2021,93.78,149479,1449,108847,330,27075,73,845942,3022,579990,159393,403,2760,16,7154,77,Sunday,Jun-21,2021,20210606
242,242,10-06-2021,94.73,152657,585,110331,346,27351,67,858256,3298,588433,161153,413,2891,13,5605,86,Thursday,Jun-21,2021,20210610
243,243,12-06-2021,95.08,154077,601,111106,402,27471,70,865133,3278,593148,162048,472,2914,15,5057,42,Saturday,Jun-21,2021,20210612
244,244,13-06-2021,95.19,154658,581,111476,370,27521,50,868135,3002,595206,162468,420,2928,14,4882,57,Sunday,Jun-21,2021,20210613
245,245,17-06-2021,95.85,156819,468,112466,226,27672,28,878491,2953,602306,163612,254,2969,6,3824,41,Thursday,Jun-21,2021,20210617
246,246,18-06-2021,95.99,157353,534,112740,274,27713,41,882511,4020,605063,163927,315,2975,6,3599,34,Friday,Jun-21,2021,20210618
247,247,19-06-2021,96.07,157772,419,112995,255,27760,47,885980,3469,607441,164229,302,2984,9,3473,38,Saturday,Jun-21,2021,20210619
248,248,20-06-2021,96.19,158178,406,113175,180,27787,27,888422,2442,609115,164436,207,2990,6,3268,45,Sunday,Jun-21,2021,20210620
249,249,24-06-2021,96.52,159677,258,114020,194,27932,35,902150,3596,618527,165426,229,3022,9,2727,30,Thursday,Jun-21,2021,20210624
250,250,25-06-2021,96.56,159954,277,114220,200,27954,22,905356,3206,620725,165648,222,3027,5,2667,40,Friday,Jun-21,2021,20210625
251,251,26-06-2021,96.6,160247,293,114440,220,27965,11,908359,3003,622784,165883,235,3032,5,2604,11,Saturday,Jun-21,2021,20210626
252,252,27-06-2021,96.66,160548,301,114627,187,27993,28,911479,3120,624923,166098,215,3039,7,2511,36,Sunday,Jun-21,2021,20210627
253,253,28-06-2021,96.77,160874,326,114733,106,28025,32,913966,2487,626629,166236,138,3046,7,2316,31,Monday,Jun-21,2021,20210628
254,254,29-06-2021,96.82,161160,286,114912,179,28059,34,918054,4088,629431,166449,213,3048,2,2241,21,Tuesday,Jun-21,2021,20210629
255,255,30-06-2021,96.8,161361,201,115125,213,28086,27,922260,4206,632315,166689,240,3054,6,2274,19,Wednesday,Jun-21,2021,20210630
256,256,02-07-2021,96.87,161867,285,115499,162,28126,21,930332,3700,637849,167103,183,3062,2,2174,29,Friday,Jul-21,2021,20210702
257,257,03-07-2021,96.89,162074,207,115646,147,28148,22,933845,3513,640258,167272,169,3069,7,2129,20,Saturday,Jul-21,2021,20210703
258,258,04-07-2021,96.92,162276,202,115795,149,28163,15,938454,4609,643418,167436,164,3073,4,2087,20,Sunday,Jul-21,2021,20210704
259,259,05-07-2021,97.01,162557,281,115909,114,28179,16,942433,3979,646146,167566,130,3075,2,1934,12,Monday,Jul-21,2021,20210705
260,260,06-07-2021,97,162787,230,116155,246,28190,11,947963,5530,649937,167823,257,3079,4,1957,10,Tuesday,Jul-21,2021,20210706
261,261,07-07-2021,97.01,162983,196,116325,170,28212,22,952985,5022,653381,168015,192,3082,3,1950,20,Wednesday,Jul-21,2021,20210707
262,262,09-07-2021,96.98,163347,188,116697,203,28255,17,962198,4517,659697,168430,220,3088,2,1995,17,Friday,Jul-21,2021,20210709
263,263,10-07-2021,97,163530,183,116826,129,28281,26,966989,4791,662982,168585,155,3095,7,1960,20,Saturday,Jul-21,2021,20210710
264,264,11-07-2021,97.07,163771,241,116925,99,28313,32,971186,4197,665859,168716,131,3097,2,1848,19,Sunday,Jul-21,2021,20210711
265,265,12-07-2021,97.12,163957,186,117014,89,28332,19,974304,3118,667997,168824,108,3097,0,1770,23,Monday,Jul-21,2021,20210712
266,266,14-07-2021,97.11,164326,171,117367,205,28370,22,984237,5651,674807,169215,227,3101,0,1788,15,Wednesday,Jul-21,2021,20210714
267,267,15-07-2021,97.12,164460,134,117474,107,28389,19,988300,4063,677593,169341,126,3102,1,1779,17,Thursday,Jul-21,2021,20210715
268,268,16-07-2021,97.19,164696,236,117579,105,28402,13,992730,4430,680630,169461,120,3106,4,1659,15,Friday,Jul-21,2021,20210716
269,269,17-07-2021,97.19,164848,152,117723,144,28417,15,997493,4763,683896,169620,159,3109,3,1663,15,Saturday,Jul-21,2021,20210717
270,270,19-07-2021,97.32,165292,225,117913,85,28446,14,1005297,3264,689246,169839,99,3111,0,1436,13,Monday,Jul-21,2021,20210719
271,271,20-07-2021,97.34,165449,157,118031,118,28460,14,1010133,4836,692562,169971,132,3113,2,1409,19,Tuesday,Jul-21,2021,20210720
272,272,21-07-2021,97.34,165571,122,118138,107,28484,24,1014560,4427,695597,170102,131,3118,5,1413,10,Wednesday,Jul-21,2021,20210721
273,273,22-07-2021,97.36,165700,129,118217,79,28502,18,1018313,3753,698170,170199,97,3123,5,1376,13,Thursday,Jul-21,2021,20210722
274,274,23-07-2021,97.4,165839,139,118278,61,28514,12,1021344,3031,700249,170272,73,3126,3,1307,13,Friday,Jul-21,2021,20210723
275,275,24-07-2021,97.44,166052,213,118411,133,28525,11,1027335,5991,704356,170416,144,3126,0,1238,10,Saturday,Jul-21,2021,20210724
276,276,25-07-2021,97.48,166201,149,118469,58,28542,17,1030783,3448,706720,170491,75,3132,6,1158,16,Sunday,Jul-21,2021,20210725
277,277,26-07-2021,97.5,166308,107,118547,78,28554,12,1034324,3541,709148,170581,90,3136,4,1137,13,Monday,Jul-21,2021,20210726
278,278,27-07-2021,97.5,166459,151,118682,135,28570,16,1039002,4678,712355,170729,148,3140,4,1130,15,Tuesday,Jul-21,2021,20210727
279,279,28-07-2021,97.53,166586,127,118749,67,28584,14,1043212,4210,715242,170810,81,3142,2,1082,24,Wednesday,Jul-21,2021,20210728
280,280,29-07-2021,97.53,166679,93,118820,71,28603,19,1047088,3876,717899,170900,90,3144,2,1077,14,Thursday,Jul-21,2021,20210729
281,281,30-07-2021,97.52,166813,134,118953,133,28622,19,1051410,4322,720862,171052,152,3146,2,1093,15,Friday,Jul-21,2021,20210730
282,282,31-07-2021,97.54,166941,128,119033,80,28636,14,1056184,4774,724135,171146,94,3147,1,1058,11,Saturday,Jul-21,2021,20210731
283,283,01-08-2021,97.57,167046,105,119078,45,28650,14,1059718,3534,726558,171205,59,3148,1,1011,17,Sunday,Aug-21,2021,20210801
284,284,02-08-2021,97.56,167118,72,119162,84,28656,6,1063703,3985,729290,171295,90,3150,2,1027,12,Monday,Aug-21,2021,20210802
285,285,03-08-2021,97.58,167245,127,119252,90,28667,11,1068173,4470,732355,171396,101,3152,2,999,10,Tuesday,Aug-21,2021,20210803
286,286,05-08-2021,97.56,167423,88,119436,85,28695,17,1078876,5932,739693,171608,102,3156,3,1029,11,Thursday,Aug-21,2021,20210805
287,287,06-08-2021,97.58,167556,133,119516,80,28712,17,1083561,4685,742905,171705,97,3157,1,992,11,Friday,Aug-21,2021,20210806
288,288,07-08-2021,97.58,167649,93,119608,92,28729,17,1089087,5526,746694,171814,109,3159,2,1006,10,Saturday,Aug-21,2021,20210807
289,289,08-08-2021,97.59,167736,87,119669,61,28737,8,1093954,4867,750031,171883,69,3160,1,987,6,Sunday,Aug-21,2021,20210808
290,290,09-08-2021,97.64,167884,148,119711,42,28756,19,1097404,3450,752396,171944,61,3164,4,896,5,Monday,Aug-21,2021,20210809
291,291,10-08-2021,97.61,167978,94,119837,126,28771,15,1102474,5070,755872,172085,141,3164,0,943,7,Tuesday,Aug-21,2021,20210810
292,292,11-08-2021,97.59,168041,63,119926,89,28785,14,1107531,5057,759340,172188,103,3164,0,983,14,Wednesday,Aug-21,2021,20210811
293,293,12-08-2021,97.59,168117,76,119997,71,28802,17,1112760,5229,762925,172276,88,3166,2,993,11,Thursday,Aug-21,2021,20210812
294,294,13-08-2021,97.61,168218,101,120051,54,28815,13,1118448,5688,766824,172343,67,3168,2,957,6,Friday,Aug-21,2021,20210813
295,295,14-08-2021,97.63,168338,120,120129,78,28825,10,1123864,5416,770538,172431,88,3168,0,925,6,Saturday,Aug-21,2021,20210814
296,296,15-08-2021,97.63,168423,85,120191,62,28838,13,1128724,4860,773870,172506,75,3171,3,912,5,Sunday,Aug-21,2021,20210815
297,297,16-08-2021,97.65,168519,96,120246,55,28845,7,1132949,4225,776767,172568,62,3176,5,873,4,Monday,Aug-21,2021,20210816
298,298,17-08-2021,97.65,168622,103,120350,104,28856,11,1138788,5839,780770,172683,115,3177,1,884,3,Tuesday,Aug-21,2021,20210817
299,299,19-08-2021,97.64,168764,59,120480,70,28889,13,1150269,6220,788641,172846,83,3180,2,902,10,Thursday,Aug-21,2021,20210819
300,300,21-08-2021,97.63,168989,111,120693,110,28918,12,1160150,5483,795416,173088,122,3184,2,915,13,Saturday,Aug-21,2021,20210821
301,301,22-08-2021,97.64,169080,91,120755,62,28932,14,1164004,3854,798058,173164,76,3185,1,899,5,Sunday,Aug-21,2021,20210822
302,302,23-08-2021,97.66,169160,80,120801,46,28943,11,1168151,4147,800902,173221,57,3186,1,875,5,Monday,Aug-21,2021,20210823
303,303,24-08-2021,97.62,169239,79,120923,122,28957,14,1173071,4920,804275,173357,136,3186,0,932,8,Tuesday,Aug-21,2021,20210824
304,304,25-08-2021,97.62,169314,75,120982,59,28975,18,1178040,4969,807682,173434,77,3187,1,933,6,Wednesday,Aug-21,2021,20210825
305,305,26-08-2021,97.61,169385,71,121065,83,28984,9,1183530,5490,811446,173526,92,3191,4,950,8,Thursday,Aug-21,2021,20210826
306,306,27-08-2021,97.62,169480,95,121131,66,28998,14,1189172,5642,815314,173606,80,3191,0,935,7,Friday,Aug-21,2021,20210827
307,307,28-08-2021,97.61,169572,92,121223,92,29017,19,1193853,4681,818523,173717,111,3193,2,952,4,Saturday,Aug-21,2021,20210828
308,308,29-08-2021,97.62,169651,79,121282,59,29032,15,1199547,5694,822427,173791,74,3195,2,945,9,Sunday,Aug-21,2021,20210829
309,309,30-08-2021,97.65,169769,118,121328,46,29045,13,1203513,3966,825146,173850,59,3198,3,883,6,Monday,Aug-21,2021,20210830
310,310,31-08-2021,97.66,169877,108,121416,88,29062,17,1208817,5304,828783,173955,105,3201,3,877,7,Tuesday,Aug-21,2021,20210831
311,311,01-09-2021,97.65,169959,82,121492,76,29081,19,1213926,5109,832286,174050,95,3202,1,889,4,Wednesday,Sep-21,2021,20210901
312,312,02-09-2021,97.64,170031,72,121574,82,29095,14,1220683,6757,836918,174146,96,3202,0,913,10,Thursday,Sep-21,2021,20210902
313,313,03-09-2021,97.65,170151,120,121667,93,29106,11,1225474,4791,840203,174250,104,3203,1,896,5,Friday,Sep-21,2021,20210903
314,314,04-09-2021,97.63,170222,71,121744,77,29126,20,1231435,5961,844290,174347,97,3203,0,922,7,Saturday,Sep-21,2021,20210904
315,315,05-09-2021,97.64,170311,89,121794,50,29148,22,1236809,5374,847975,174419,72,3208,5,900,7,Sunday,Sep-21,2021,20210905
316,316,06-09-2021,97.65,170391,80,121848,54,29161,13,1240754,3945,850679,174486,67,3210,2,885,8,Monday,Sep-21,2021,20210906
317,317,07-09-2021,97.67,170496,105,121911,63,29172,11,1245528,4774,853952,174560,74,3210,0,854,11,Tuesday,Sep-21,2021,20210907
318,318,08-09-2021,97.67,170578,82,121977,66,29192,20,1251255,5727,857879,174646,86,3212,2,856,6,Wednesday,Sep-21,2021,20210908
319,319,09-09-2021,97.66,170635,57,122038,61,29210,18,1256768,5513,861659,174725,79,3212,0,878,6,Thursday,Sep-21,2021,20210909
320,320,10-09-2021,97.68,170716,81,122066,28,29227,17,1260789,4021,864416,174770,45,3214,2,840,9,Friday,Sep-21,2021,20210910
321,321,11-09-2021,97.72,170808,92,122081,15,29241,14,1263736,2947,866436,174799,29,3216,2,775,12,Saturday,Sep-21,2021,20210911
322,322,12-09-2021,97.74,170882,74,122105,24,29255,14,1266413,2677,868271,174837,38,3217,1,738,5,Sunday,Sep-21,2021,20210912
323,323,13-09-2021,97.76,170972,90,122150,45,29264,9,1269754,3341,870562,174891,54,3217,0,702,3,Monday,Sep-21,2021,20210913
324,324,14-09-2021,97.75,171064,92,122246,96,29277,13,1275971,6217,874825,175000,109,3219,2,717,7,Tuesday,Sep-21,2021,20210914
325,325,15-09-2021,97.72,171099,103,122318,72,29293,16,1279588,3617,877304,175088,88,3289,2,700,11,Wednesday,Sep-21,2021,20210915
326,326,16-09-2021,97.72,171195,96,122401,83,29305,12,1284660,5072,880782,175183,95,3289,0,699,5,Thursday,Sep-21,2021,20210916
327,327,17-09-2021,97.71,171270,75,122498,97,29316,11,1289799,5139,884305,175291,108,3290,1,731,13,Friday,Sep-21,2021,20210917
328,328,18-09-2021,97.68,171351,81,122567,69,29328,12,1295428,5629,888165,175414,123,3292,2,771,7,Saturday,Sep-21,2021,20210918
329,329,19-09-2021,97.68,171430,79,122635,68,29344,16,1299606,4178,891029,175498,84,3294,2,774,8,Sunday,Sep-21,2021,20210919
330,330,20-09-2021,97.66,171478,48,122702,67,29362,18,1303331,3725,893583,175583,85,3295,1,810,5,Monday,Sep-21,2021,20210920
331,331,21-09-2021,97.62,171507,29,122789,87,29382,20,1308020,4689,896798,175690,107,3297,2,886,7,Tuesday,Sep-21,2021,20210921
332,332,22-09-2021,97.58,171545,38,122876,87,29397,15,1313965,5945,900874,175792,102,3297,0,950,13,Wednesday,Sep-21,2021,20210922
333,333,23-09-2021,97.57,171599,54,122945,69,29408,11,1319979,6014,904997,175872,80,3297,0,976,7,Thursday,Sep-21,2021,20210923
334,334,24-09-2021,97.58,171692,93,123016,71,29421,13,1324081,4102,907809,175956,84,3299,2,965,7,Friday,Sep-21,2021,20210924
335,335,25-09-2021,97.59,171776,84,123057,41,29445,24,1329457,5376,911495,176021,65,3299,0,946,8,Saturday,Sep-21,2021,20210925
336,336,26-09-2021,97.6,171874,98,123121,64,29455,10,1334309,4852,914822,176095,74,3303,4,918,7,Sunday,Sep-21,2021,20210926
337,337,27-09-2021,97.64,171980,106,123159,38,29467,12,1337966,3657,917329,176145,50,3303,0,862,6,Monday,Sep-21,2021,20210927
338,338,28-09-2021,97.65,172094,114,123233,74,29483,16,1343105,5139,920853,176235,90,3308,5,833,7,Tuesday,Sep-21,2021,20210928
339,339,29-09-2021,97.65,172176,82,123301,68,29498,15,1348354,5249,924451,176318,83,3312,4,830,5,Wednesday,Sep-21,2021,20210929
340,340,30-09-2021,97.64,172261,85,123390,89,29522,24,1353489,5135,927972,176431,113,3314,2,856,8,Thursday,Sep-21,2021,20210930
341,341,01-10-2021,97.65,172360,99,123456,66,29540,18,1357968,4479,931043,176515,84,3317,3,838,7,Friday,Oct-21,2021,20211001
342,342,02-10-2021,97.66,172463,103,123521,65,29554,14,1362664,4696,934263,176594,79,3317,0,814,8,Saturday,Oct-21,2021,20211002
343,343,03-10-2021,84.6,29527,523,16479,287,10002,83,25977,1492,178106,34900,445,450,8,4923,,Sunday,Oct-21,2021,20211003
344,344,04-10-2021,85.01,30033,506,16741,262,10094,92,260995,1218,178942,35328,428,456,6,4839,,Monday,Oct-21,2021,20211004
345,345,05-10-2021,97.7,172698,66,123658,77,29590,9,1373627,4256,941779,176767,86,3322,2,747,7,Tuesday,Oct-21,2021,20211005
346,346,06-10-2021,97.69,172770,72,123738,80,29607,17,1378403,4776,945053,176864,97,3322,0,772,8,Wednesday,Oct-21,2021,20211006
347,347,07-10-2021,97.68,172822,52,123787,49,29618,11,1382263,3860,947700,176924,60,3323,1,779,4,Thursday,Oct-21,2021,20211007
348,348,08-10-2021,97.7,172907,85,123836,49,29625,7,1386708,4445,950747,176980,56,3325,2,748,3,Friday,Oct-21,2021,20211008
349,349,09-10-2021,97.71,172981,74,123888,52,29633,8,1391366,4658,953941,177040,60,3326,1,733,6,Saturday,Oct-21,2021,20211009
350,350,10-10-2021,97.72,173074,93,123949,61,29645,12,1396558,5192,957501,177113,73,3329,3,710,12,Sunday,Oct-21,2021,20211010
351,351,11-10-2021,97.75,173171,97,123973,24,29656,11,1400402,3844,960136,177148,35,3330,1,647,6,Monday,Oct-21,2021,20211011
352,352,12-10-2021,97.76,173252,81,124040,67,29669,13,1403944,3542,962565,177228,80,3332,2,644,7,Tuesday,Oct-21,2021,20211012
353,353,13-10-2021,97.75,173303,51,124091,51,29678,9,1407727,3783,965158,177288,60,3333,1,652,3,Wednesday,Oct-21,2021,20211013
354,354,14-10-2021,97.74,173342,39,124149,58,29688,10,1411608,3881,967819,177356,68,3335,2,679,6,Thursday,Oct-21,2021,20211014
355,355,16-10-2021,97.77,173510,87,124242,46,29701,6,1419312,4188,973101,177462,52,3342,3,610,7,Saturday,Oct-21,2021,20211016
356,356,17-10-2021,97.77,173572,62,124295,53,29708,7,1423081,3769,975685,177522,60,3346,4,604,9,Sunday,Oct-21,2021,20211017
357,357,18-10-2021,97.78,173629,57,124337,42,29719,11,1426583,3502,978086,177579,57,3350,4,600,6,Monday,Oct-21,2021,20211018
358,358,19-10-2021,97.76,173685,56,124410,73,29726,7,1430772,4189,980958,177659,80,3354,4,620,8,Tuesday,Oct-21,2021,20211019
359,359,20-10-2021,97.78,173755,70,124451,41,29732,6,1435769,4997,984384,177706,47,3354,0,597,6,Wednesday,Oct-21,2021,20211020
360,360,21-10-2021,97.76,173790,35,124503,52,29739,7,1439828,4059,987167,177765,59,3357,3,618,3,Thursday,Oct-21,2021,20211021
361,361,22-10-2021,97.77,173862,72,124552,49,29744,5,1443383,3555,989605,177819,54,3357,0,600,7,Friday,Oct-21,2021,20211022
362,362,23-10-2021,97.79,173920,58,124576,24,29753,9,1446807,3424,991952,177852,33,3358,1,574,3,Saturday,Oct-21,2021,20211023
363,363,24-10-2021,97.81,173983,63,124606,30,29757,4,1449373,2566,993712,177886,34,3358,0,545,2,Sunday,Oct-21,2021,20211024
364,364,25-10-2021,97.82,174042,59,124632,26,29760,3,1452375,3002,995770,177915,29,3358,0,515,1,Monday,Oct-21,2021,20211025
365,365,26-10-2021,97.84,174101,59,124659,27,29764,4,1455309,2934,997781,177946,31,3362,4,483,3,Tuesday,Oct-21,2021,20211026
366,366,27-10-2021,97.86,174152,51,124678,19,29768,4,1458499,3190,999968,177969,23,3363,1,454,5,Wednesday,Oct-21,2021,20211027
367,367,28-10-2021,97.87,174216,64,124721,43,29772,4,1460982,2483,1001671,178016,47,3363,0,437,4,Thursday,Oct-21,2021,20211028
368,368,29-10-2021,97.88,174289,73,124760,39,29780,8,1463383,2401,1003317,178063,47,3363,0,411,2,Friday,Oct-21,2021,20211029
369,369,30-10-2021,97.9,174339,50,124778,18,29784,4,1466038,2655,1005137,178085,22,3364,1,382,2,Saturday,Oct-21,2021,20211030
370,370,31-10-2021,97.91,174392,53,124798,20,29787,3,1468399,2361,1006756,178108,23,3364,0,352,2,Sunday,Oct-21,2021,20211031
371,371,01-11-2021,97.94,174447,55,124809,11,29789,2,1470472,2073,1008177,178121,13,3364,0,310,4,Monday,Nov-21,2021,20211101
372,372,02-11-2021,97.93,174485,38,124851,42,29792,3,1472989,2517,1009903,178166,45,3366,2,315,2,Tuesday,Nov-21,2021,20211102
373,373,03-11-2021,97.93,174518,33,124886,35,29795,3,1475434,2445,1011579,178204,38,3366,0,320,1,Wednesday,Nov-21,2021,20211103
374,374,04-11-2021,97.92,174542,,124926,40,29796,1,1478023,2589,1013354,178245,41,3366,0,337,1,Thursday,Nov-21,2021,20211104
375,375,05-11-2021,97.93,174578,36,124938,12,29799,3,1479728,1705,1014523,178260,15,3366,0,316,1,Friday,Nov-21,2021,20211105
376,376,06-11-2021,97.94,174601,23,124957,19,29801,2,1483164,3436,1016879,178281,21,3367,1,313,3,Saturday,Nov-21,2021,20211106
377,377,08-11-2021,97.95,174686,42,125007,24,29812,6,1488234,2262,1020355,178342,30,3370,2,286,2,Monday,Nov-21,2021,20211108
378,378,09-11-2021,97.95,174712,26,125028,21,29816,4,1492139,3905,1023033,178367,25,3370,0,285,1,Tuesday,Nov-21,2021,20211109
379,379,10-11-2021,97.95,174734,22,125057,29,29819,3,1495561,3422,1025379,178399,32,3371,1,294,3,Wednesday,Nov-21,2021,20211110
380,380,11-11-2021,97.94,174753,19,125077,20,29822,3,1498923,3362,1027684,178422,23,3371,0,298,4,Thursday,Nov-21,2021,20211111
381,381,12-11-2021,97.95,174794,41,125098,21,29824,2,1501496,2573,1029448,178445,23,3372,1,279,3,Friday,Nov-21,2021,20211112
382,382,13-11-2021,97.96,174830,36,125116,18,29828,4,1504201,2705,1031302,178467,22,3374,2,263,2,Saturday,Nov-21,2021,20211113
383,383,14-11-2021,97.97,174870,40,125129,13,29833,5,1506282,2081,1032729,178485,18,3374,0,241,3,Sunday,Nov-21,2021,20211114
384,384,15-11-2021,97.97,174885,15,125150,21,29837,4,1508457,2175,1034220,178510,25,3375,1,250,1,Monday,Nov-21,2021,20211115
385,385,16-11-2021,97.97,174905,20,125165,15,29845,8,1511156,2699,1036071,178533,23,3376,1,252,5,Tuesday,Nov-21,2021,20211116
386,386,17-11-2021,97.96,174934,29,125196,31,29850,5,1513909,2753,1037958,178569,36,3376,0,259,3,Wednesday,Nov-21,2021,20211117
387,387,18-11-2021,97.97,174965,31,125214,18,29857,7,1516544,2635,1039765,178594,25,3377,1,252,2,Thursday,Nov-21,2021,20211118
388,388,19-11-2021,97.97,174989,,125230,16,29861,4,1519933,3389,1042089,178614,20,3377,0,248,3,Friday,Nov-21,2021,20211119
389,389,20-11-2021,97.97,175022,33,125258,28,29864,3,1521983,2050,1043494,178645,31,3377,0,246,1,Saturday,Nov-21,2021,20211120
390,390,22-11-2021,97.98,175068,20,125284,13,29870,3,1526248,2127,1046418,178677,16,3378,0,231,1,Monday,Nov-21,2021,20211122
391,391,23-11-2021,97.97,175087,19,125311,27,29875,5,1528789,2541,1048160,178709,32,3378,0,244,3,Tuesday,Nov-21,2021,20211123
392,392,24-11-2021,97.97,175107,20,125330,19,29878,3,1531662,2873,1050130,178731,22,3378,0,246,2,Wednesday,Nov-21,2021,20211124
393,393,25-11-2021,97.97,175130,23,125358,28,29884,6,1533783,2121,1051584,178765,34,3380,2,255,2,Thursday,Nov-21,2021,20211125
394,394,26-11-2021,97.96,175152,22,125388,30,29888,4,1536121,2338,1053187,178799,34,3381,1,266,3,Friday,Nov-21,2021,20211126
395,395,27-11-2021,97.96,175183,31,125425,37,29891,3,1538864,2743,1055068,178839,40,3381,0,275,2,Saturday,Nov-21,2021,20211127
396,396,28-11-2021,97.96,175211,28,125451,26,29892,1,1540655,1791,1056296,178866,27,3382,1,273,4,Sunday,Nov-21,2021,20211128
397,397,29-11-2021,97.95,175230,19,125473,22,29894,2,1542250,1595,1057389,178890,24,3384,2,276,3,Monday,Nov-21,2021,20211129
398,398,30-11-2021,97.95,175260,30,125509,36,29896,2,1544948,2698,1059239,178928,38,3384,0,284,4,Tuesday,Nov-21,2021,20211130
399,399,01-12-2021,97.93,175279,19,125568,59,29899,3,1548048,3100,1061365,178990,62,3384,0,327,1,Wednesday,Dec-21,2021,20211201
400,400,02-12-2021,97.91,175295,16,125623,55,29900,1,1550787,2739,1063242,179046,56,3384,0,367,2,Thursday,Dec-21,2021,20211202
401,401,03-12-2021,97.9,175323,28,125663,40,29902,2,1553433,2646,1065057,179088,42,3385,1,380,1,Friday,Dec-21,2021,20211203
402,402,04-12-2021,97.89,175344,21,125699,36,29903,1,1555755,2322,1066649,179125,37,3387,2,394,0,Saturday,Dec-21,2021,20211204
403,403,05-12-2021,97.88,175375,31,125746,47,29905,2,1558514,2759,1068540,179174,49,3387,0,412,1,Sunday,Dec-21,2021,20211205
404,404,06-12-2021,97.88,175409,34,125774,28,29912,7,1560454,1940,1069870,179209,35,3387,0,413,0,Monday,Dec-21,2021,20211206
405,405,07-12-2021,97.88,175450,41,125803,29,29916,4,1563570,3116,1072007,179242,33,3388,1,404,0,Tuesday,Dec-21,2021,20211207
406,406,08-12-2021,97.86,175478,28,125859,56,29925,9,1567149,3579,1074461,179307,65,3388,0,441,1,Wednesday,Dec-21,2021,20211208
407,407,10-12-2021,97.81,175443,35,125921,35,29931,2,1572983,2796,1078460,179375,37,3482,0,450,0,Friday,Dec-21,2021,20211210
408,408,11-12-2021,97.82,175501,58,125963,42,29933,2,1576114,3131,1080607,179419,44,3482,0,436,2,Saturday,Dec-21,2021,20211211
409,409,12-12-2021,97.83,175561,60,125995,32,29936,3,1578233,2119,1082060,179454,35,3482,0,411,1,Sunday,Dec-21,2021,20211212
410,410,13-12-2021,97.85,175605,44,126009,14,29937,1,1579629,1396,1083017,179469,15,3482,0,382,0,Monday,Dec-21,2021,20211213
411,411,14-12-2021,97.84,175641,36,126052,43,29938,1,1582515,2886,1084996,179513,44,3482,0,390,2,Tuesday,Dec-21,2021,20211214
412,412,15-12-2021,97.84,175692,51,126103,51,29939,1,1586130,3615,1087474,179565,52,3482,0,391,1,Wednesday,Dec-21,2021,20211215
413,413,16-12-2021,97.84,175724,32,126136,33,29942,3,1588933,2803,1089396,179601,36,3485,3,392,1,Thursday,Dec-21,2021,20211216
414,414,17-12-2021,97.83,175757,33,126182,46,29946,4,1591560,2627,1091197,179651,50,3485,0,409,2,Friday,Dec-21,2021,20211217
415,415,18-12-2021,97.84,175820,63,126222,40,29949,3,1595011,3451,1093563,179694,43,3485,0,389,1,Saturday,Dec-21,2021,20211218
416,416,20-12-2021,97.84,175888,37,126291,26,29955,1,1598628,1374,1096043,179769,27,3485,0,396,1,Monday,Dec-21,2021,20211220
417,417,21-12-2021,97.83,175898,39,126322,31,29956,1,1601291,2663,1097869,179801,32,3515,1,388,3,Tuesday,Dec-21,2021,20211221
418,418,22-12-2021,97.83,175934,36,126362,40,29959,3,1603732,2441,1099542,179844,43,3518,3,392,0,Wednesday,Dec-21,2021,20211222
419,419,23-12-2021,97.81,175951,17,126414,52,29961,2,1606075,2343,1101149,179898,54,3518,0,429,3,Thursday,Dec-21,2021,20211223
420,420,24-12-2021,97.79,175994,43,126480,66,29962,1,1607977,1902,1102453,179965,67,3518,0,453,2,Friday,Dec-21,2021,20211224
421,421,25-12-2021,97.79,176045,51,126538,58,29964,2,1610709,2732,1104326,180025,60,3519,1,461,1,Saturday,Dec-21,2021,20211225
422,422,26-12-2021,97.8,176082,37,126560,22,29967,3,1611782,1073,1105062,180050,25,3519,0,449,1,Sunday,Dec-21,2021,20211226
423,423,27-12-2021,97.79,176133,51,126625,65,29969,2,1613460,1678,1106212,180117,67,3519,0,465,0,Monday,Dec-21,2021,20211227
424,424,28-12-2021,97.75,176174,41,126737,112,29969,0,1616236,2776,1108115,180229,112,3520,1,535,0,Tuesday,Dec-21,2021,20211228
425,425,29-12-2021,97.68,176222,48,126905,168,29971,2,1619473,3237,1110335,180399,170,3520,0,657,3,Wednesday,Dec-21,2021,20211229
426,426,30-12-2021,97.58,176283,61,127165,260,29972,1,1623083,3610,1112810,180660,261,3521,1,856,2,Thursday,Dec-21,2021,20211230
427,427,31-12-2021,97.47,176304,21,127374,209,29975,3,1626141,3058,1114906,180872,212,3522,1,1046,1,Friday,Dec-21,2021,20211231
428,428,01-01-2022,97.32,176322,18,127681,307,29978,3,1631100,4959,1118306,181182,310,3522,0,1338,0,Saturday,Jan-22,2022,20220101
429,429,03-01-2022,96.84,176438,62,128691,626,29987,5,1637091,2387,1122414,182201,631,3523,0,2240,3,Monday,Jan-22,2022,20220103
