,level_0,index,date,total_positive_cases,active_cases,total_recovered,total_persons_in_surveillance,total_persons_in_home_ins_isolation,total_persons_in_hospital_isolation,total_deaths,total_deaths_declared_as_per_appeal,total_pending_deaths,day,month,year
0,0,0,17-08-2020,46140,15890,30029,164029,150332,13697,169,,,Monday,August2020,2020
1,1,1,18-08-2020,47898,16274,31394,165564,151931,13633,175,,,Tuesday,August2020,2020
2,2,2,19-08-2020,50231,17382,32611,169687,155928,13759,182,,,Wednesday,August2020,2020
3,3,3,20-08-2020,52199,18123,33828,173189,158543,14646,191,,,Thursday,August2020,2020
4,4,4,21-08-2020,54182,18673,35247,176930,161790,15140,203,,,Friday,August2020,2020
5,5,5,22-08-2020,56354,19538,36539,180249,163738,16511,218,,,Saturday,August2020,2020
6,6,6,23-08-2020,58262,20330,37649,182525,165996,16529,223,,,Sunday,August2020,2020
7,7,7,25-08-2020,61879,21232,40343,183794,166784,17010,244,,,Tuesday,August2020,2020
8,8,8,26-08-2020,64355,22344,41694,189781,172135,17646,257,,,Wednesday,August2020,2020
9,9,9,27-08-2020,66761,22673,43761,193925,175513,18412,267,,,Thursday,August2020,2020
10,10,10,28-08-2020,69304,23111,45858,194431,175306,19125,274,,,Friday,August2020,2020
11,11,11,30-08-2020,73855,23658,49849,199468,179982,19486,287,,,Sunday,August2020,2020
12,12,12,31-08-2020,75385,23488,51542,198843,179477,19366,294,,,Monday,August2020,2020
13,13,13,01-09-2020,76525,22512,53653,196582,177488,19094,298,,,Tuesday,September2020,2020
14,14,14,03-09-2020,79625,21516,57732,192168,174135,18033,315,,,Thursday,September2020,2020
15,15,15,04-09-2020,82104,21268,60448,197937,180743,17194,326,,,Friday,September2020,2020
16,16,16,05-09-2020,84759,21800,62559,198120,180898,17222,337,,,Saturday,September2020,2020
17,17,17,06-09-2020,87841,22676,64755,200296,182789,17507,347,,,Sunday,September2020,2020
18,18,18,07-09-2020,89489,22066,67001,200651,182521,18130,359,,,Monday,September2020,2020
19,19,19,08-09-2020,92515,23217,68863,198850,180963,17887,372,,,Tuesday,September2020,2020
20,20,20,09-09-2020,95917,24549,70921,202801,183921,18880,384,,,Wednesday,September2020,2020
21,21,21,10-09-2020,99266,26229,72578,204376,184128,20248,396,,,Thursday,September2020,2020
22,22,22,12-09-2020,105139,28802,75848,203300,181123,22177,425,,,Saturday,September2020,2020
23,23,23,13-09-2020,108278,30072,77703,204489,181850,22639,439,,,Sunday,September2020,2020
24,24,24,15-09-2020,114033,31156,82345,208141,185514,22627,466,,,Tuesday,September2020,2020
25,25,25,16-09-2020,117863,32709,84608,211037,187958,23079,480,,,Wednesday,September2020,2020
26,26,26,17-09-2020,122214,34314,87345,213595,189759,23836,489,,,Thursday,September2020,2020
27,27,27,19-09-2020,131005,37488,92951,217695,192534,25161,519,,,Saturday,September2020,2020
28,28,28,20-09-2020,135721,39415,95702,222179,196261,25918,535,,,Sunday,September2020,2020
29,29,29,21-09-2020,138631,39285,98724,218907,193129,25778,553,,,Monday,September2020,2020
30,30,30,23-09-2020,148132,42786,104682,212629,186140,26489,592,,,Wednesday,September2020,2020
31,31,31,24-09-2020,154456,45919,107850,212318,185198,27120,613,,,Thursday,September2020,2020
32,32,32,25-09-2020,160933,48892,111331,215691,188265,27426,635,,,Friday,September2020,2020
33,33,33,26-09-2020,167939,52678,114530,222330,194447,27883,656,,,Saturday,September2020,2020
34,34,34,27-09-2020,175384,56709,117921,227831,199061,28770,677,,,Sunday,September2020,2020
35,35,35,28-09-2020,179922,57879,121268,232450,203330,29120,697,,,Monday,September2020,2020
36,36,36,30-09-2020,196106,67061,128224,240884,211294,29590,742,,,Wednesday,September2020,2020
37,37,37,01-10-2020,204241,72339,131052,243107,212849,30258,771,,,Thursday,October2020,2020
38,38,38,02-10-2020,213499,77482,135144,246631,215778,30853,791,,,Friday,October2020,2020
39,39,39,03-10-2020,221333,80818,139620,251286,220218,31068,813,,,Saturday,October2020,2020
40,40,40,04-10-2020,229886,84497,144471,257707,226536,31171,836,,,Sunday,October2020,2020
41,41,41,05-10-2020,234928,84873,149111,258446,227942,2964,859,,,Monday,October2020,2020
42,42,42,06-10-2020,242799,87738,154092,263094,233703,29391,884,,,Tuesday,October2020,2020
43,43,43,11-10-2020,289202,96316,191798,284924,256172,28752,1003,,,Sunday,October2020,2020
44,44,44,13-10-2020,303896,95407,207357,282000,254841,27159,1046,,,Tuesday,October2020,2020
45,45,45,14-10-2020,310140,93837,215149,278989,252645,26344,1066,,,Wednesday,October2020,2020
46,46,46,15-10-2020,317929,94517,222231,274672,249001,25671,1089,,,Thursday,October2020,2020
47,47,47,16-10-2020,325212,95008,228998,276727,251145,25582,1113,,,Friday,October2020,2020
48,48,48,17-10-2020,334228,96004,236989,276900,251935,24965,1139,,,Saturday,October2020,2020
49,49,49,18-10-2020,341859,95200,245399,280236,255696,24540,1161,,,Sunday,October2020,2020
50,50,50,19-10-2020,346881,92731,252868,277291,253482,23809,1182,,,Monday,October2020,2020
51,51,51,20-10-2020,353472,91922,260243,282219,258747,23472,1206,,,Tuesday,October2020,2020
52,52,52,21-10-2020,361841,93425,267082,280232,257216,23016,1232,,,Wednesday,October2020,2020
53,53,53,22-10-2020,369323,93291,274675,280926,257733,23193,1255,,,Thursday,October2020,2020
54,54,54,24-10-2020,386087,97417,287261,283517,260062,23455,1306,,,Saturday,October2020,2020
55,55,55,25-10-2020,392930,96585,294910,16605,13166,3439,1332,,,Sunday,October2020,2020
56,56,56,26-10-2020,397217,93744,302017,283473,260675,22798,1352,,,Monday,October2020,2020
57,57,57,29-10-2020,418484,91784,325166,291964,269424,22540,1429,,,Thursday,October2020,2020
58,58,58,30-10-2020,425122,90565,332994,288635,266953,21682,1457,,,Friday,October2020,2020
59,59,59,31-10-2020,433105,91190,340324,291440,269059,22381,1484,,,Saturday,October2020,2020
60,60,60,01-11-2020,440130,89675,348835,293622,271499,22123,1512,,,Sunday,November2020,2020
61,61,61,02-11-2020,444268,86681,355943,293221,271744,21477,1533,,,Monday,November2020,2020
62,62,62,04-11-2020,459646,84995,372951,302063,281100,20963,1587,,,Wednesday,November2020,2020
63,63,63,05-11-2020,466466,84087,380650,302919,281568,21351,1613,,,Thursday,November2020,2020
64,64,64,06-11-2020,473468,83208,388504,307828,286680,21148,1640,,,Friday,November2020,2020
65,65,65,07-11-2020,480669,83261,395624,307107,286322,20785,1668,,,Saturday,November2020,2020
66,66,66,08-11-2020,486109,81823,402477,314684,294358,20326,1692,,,Sunday,November2020,2020
67,67,67,09-11-2020,489702,79410,408460,316096,296208,19888,1714,,,Monday,November2020,2020
68,68,68,10-11-2020,495712,78694,415158,316359,297041,19318,1742,,,Tuesday,November2020,2020
69,69,69,11-11-2020,502719,78420,422410,315246,296212,19034,1771,,,Wednesday,November2020,2020
70,70,70,12-11-2020,508256,77813,428529,315583,296773,18810,1796,,,Thursday,November2020,2020
71,71,71,13-11-2020,514060,77390,434730,316923,298448,18475,1822,,,Friday,November2020,2020
72,72,72,14-11-2020,520417,76927,441523,319481,301535,17946,1848,,,Saturday,November2020,2020
73,73,73,15-11-2020,524998,74802,448207,322296,304463,17833,1869,,,Sunday,November2020,2020
74,74,74,17-11-2020,533500,70070,461394,320023,303218,16805,1915,,,Tuesday,November2020,2020
75,75,75,18-11-2020,539919,69394,468460,318833,302330,16503,1943,,,Wednesday,November2020,2020
76,76,76,19-11-2020,545641,68229,475320,318025,301547,16478,1969,,,Thursday,November2020,2020
77,77,77,21-11-2020,557441,66856,488437,318079,301749,16330,2022,,,Saturday,November2020,2020
78,78,78,23-11-2020,566452,64166,500089,314543,298395,16148,2071,,,Monday,November2020,2020
79,79,79,24-11-2020,571872,64412,505238,314752,298902,15850,2095,,,Tuesday,November2020,2020
80,80,80,25-11-2020,578363,65106,511008,314676,298616,16060,2121,,,Wednesday,November2020,2020
81,81,81,26-11-2020,583741,64486,516978,317195,300925,16270,2148,,,Thursday,November2020,2020
82,82,82,27-11-2020,587707,63885,521522,313608,297531,16077,2171,,,Friday,November2020,2020
83,83,83,28-11-2020,593957,64834,526797,312251,296223,16028,2196,,,Saturday,November2020,2020
84,84,84,29-11-2020,599600,64589,532658,315497,299601,15896,2223,,,Sunday,November2020,2020
85,85,85,30-11-2020,602982,61894,538713,311770,296094,15676,2244,,,Monday,November2020,2020
86,86,86,01-12-2020,608357,61092,544864,310611,295494,15117,2270,,,Tuesday,December2020,2020
87,87,87,02-12-2020,614673,61455,550788,309280,294018,15262,2298,,,Wednesday,December2020,2020
88,88,88,04-12-2020,625767,61401,561874,314029,298929,15100,2358,,,Friday,December2020,2020
89,89,89,06-12-2020,636392,60924,572911,314400,299469,14931,2418,,,Sunday,December2020,2020
90,90,90,07-12-2020,639664,59467,577616,309887,295304,14583,2441,,,Monday,December2020,2020
91,91,91,08-12-2020,644696,59732,582351,21330,20057,1273,2472,,,Tuesday,December2020,2020
92,92,92,09-12-2020,649571,59923,586998,309935,295771,14164,2507,,,Wednesday,December2020,2020
93,93,93,12-12-2020,664632,60029,601861,315167,301833,13334,2594,,,Saturday,December2020,2020
94,94,94,13-12-2020,669330,59438,607119,316547,303150,13397,2623,,,Sunday,December2020,2020
95,95,95,14-12-2020,672037,57640,611600,310107,296920,13187,2647,,,Monday,December2020,2020
96,96,96,15-12-2020,677255,57757,616666,304165,290987,13178,2680,,,Tuesday,December2020,2020
97,97,97,17-12-2020,688409,58155,627364,296747,283389,13358,2734,,,Thursday,December2020,2020
98,98,98,18-12-2020,693865,58884,632065,294646,281217,13429,2757,,,Friday,December2020,2020
99,99,99,19-12-2020,700158,60396,636814,289910,276377,13533,2786,,,Saturday,December2020,2020
100,100,100,20-12-2020,705869,61604,641285,287099,273398,13701,2816,,,Sunday,December2020,2020
101,101,101,21-12-2020,709292,60504,645779,280375,266765,13610,2843,,,Monday,December2020,2020
102,102,102,22-12-2020,715341,61468,650836,279711,266178,13533,2870,,,Tuesday,December2020,2020
103,103,103,23-12-2020,721510,62802,655644,274206,260645,13561,2892,,,Wednesday,December2020,2020
104,104,104,24-12-2020,726687,63155,660445,270725,257013,13712,2914,,,Thursday,December2020,2020
105,105,105,25-12-2020,732084,64028,664951,264984,251299,13685,2930,,,Friday,December2020,2020
106,106,106,26-12-2020,735611,63752,668733,259083,245823,13260,2951,,,Saturday,December2020,2020
107,107,107,27-12-2020,740516,65169,672196,256614,243465,13149,2976,,,Sunday,December2020,2020
108,108,108,29-12-2020,749450,64861,681397,249162,237076,12086,3014,,,Tuesday,December2020,2020
109,109,109,31-12-2020,760933,65202,692480,246285,234053,12232,3072,,,Thursday,December2020,2020
110,110,110,01-01-2021,765924,65054,697591,243828,231831,11997,3095,,,Friday,January2021,2021
111,111,111,02-01-2021,771252,65374,702576,240490,228679,11811,3116,,,Saturday,January2021,2021
112,112,112,05-01-2021,784488,63802,717311,190990,179868,11122,3184,,,Tuesday,January2021,2021
113,113,113,06-01-2021,790882,65057,722421,192085,180947,11138,3209,,,Wednesday,January2021,2021
114,114,114,07-01-2021,795933,64445,728060,193370,181935,11435,3234,,,Thursday,January2021,2021
115,115,115,08-01-2021,801075,64236,733384,198270,187104,11166,3257,,,Friday,January2021,2021
116,116,116,10-01-2021,811148,64179,743467,203935,192981,10954,3302,,,Sunday,January2021,2021
117,117,117,12-01-2021,819765,64556,751659,199519,188973,10546,3347,,,Tuesday,January2021,2021
118,118,118,13-01-2021,825769,65373,756817,200259,189550,10709,3373,,,Wednesday,January2021,2021
119,119,119,14-01-2021,831259,66503,761154,201293,190389,10904,3392,,,Thursday,January2021,2021
120,120,120,15-01-2021,836883,67496,765757,202080,190999,11081,3415,,,Friday,January2021,2021
121,121,121,16-01-2021,842843,68416,770768,205561,194467,11094,3442,,,Saturday,January2021,2021
122,122,122,17-01-2021,847848,68991,775176,209679,198502,11177,3463,,,Sunday,January2021,2021
123,123,123,18-01-2021,851194,68399,779097,209786,198681,11105,3480,,,Monday,January2021,2021
124,124,124,20-01-2021,864195,69691,790757,209118,197656,11462,3524,,,Wednesday,January2021,2021
125,125,125,21-01-2021,870529,69771,796986,209828,198107,11721,3545,,,Thursday,January2021,2021
126,126,126,22-01-2021,877282,70395,803094,211277,199404,11873,3564,,,Friday,January2021,2021
127,127,127,23-01-2021,884242,72048,808377,211824,199889,11935,3587,,,Saturday,January2021,2021
128,128,128,24-01-2021,890278,72891,813550,214289,202063,12226,3607,,,Sunday,January2021,2021
129,129,129,26-01-2021,899932,71607,824446,214556,202609,11947,3643,,,Tuesday,January2021,2021
130,130,130,28-01-2021,911362,72392,835046,214935,203126,11809,3682,,,Thursday,January2021,2021
131,131,131,29-01-2021,917630,72239,841444,215650,203898,11752,3704,,,Friday,January2021,2021
132,132,132,31-01-2021,929178,70983,854206,218874,207392,11482,3743,,,Sunday,January2021,2021
133,133,133,01-02-2021,932637,69207,859421,218909,207791,11118,3760,,,Monday,February2021,2021
134,134,134,02-02-2021,938353,69157,865168,218347,207408,10939,3776,,,Tuesday,February2021,2021
135,135,135,04-02-2021,950811,68857,877889,214980,204124,10856,3813,,,Thursday,February2021,2021
136,136,136,05-02-2021,956421,67795,884542,215653,204693,10960,3832,,,Friday,February2021,2021
137,137,137,06-02-2021,962363,67543,890720,219050,208113,10937,3848,,,Saturday,February2021,2021
138,138,138,07-02-2021,968438,67650,896668,224659,213774,10885,3867,,,Sunday,February2021,2021
139,139,139,08-02-2021,972180,65414,902627,224759,214095,10664,3883,,,Monday,February2021,2021
140,140,140,09-02-2021,977394,64131,909102,233664,223434,10230,3902,,,Tuesday,February2021,2021
141,141,141,10-02-2021,983374,64346,914847,234767,224378,10389,3920,,,Wednesday,February2021,2021
142,142,142,11-02-2021,988655,63915,920539,236185,225803,10382,3936,,,Thursday,February2021,2021
143,143,143,12-02-2021,994052,63961,925871,241362,230942,10420,3954,,,Friday,February2021,2021
144,144,144,13-02-2021,999523,63581,931706,244085,233951,10134,3970,,,Saturday,February2021,2021
145,145,145,14-02-2021,1004135,63484,936398,248669,238545,10124,3985,,,Sunday,February2021,2021
146,146,146,15-02-2021,1007019,61281,941471,250724,240859,9865,3998,,,Monday,February2021,2021
147,147,147,16-02-2021,1011956,60761,946910,253595,244085,9510,4016,,,Tuesday,February2021,2021
148,148,148,17-02-2021,1016848,60803,951742,257415,247984,9431,4032,,,Wednesday,February2021,2021
149,149,149,18-02-2021,1021432,60178,956935,255857,246351,9506,4046,,,Thursday,February2021,2021
150,150,150,19-02-2021,1025937,59814,961789,254520,245329,9191,4061,,,Friday,February2021,2021
151,151,151,20-02-2021,1030587,58606,967630,247780,238791,8989,4074,,,Saturday,February2021,2021
152,152,152,21-02-2021,1034657,58313,971975,246811,237660,9151,4089,,,Sunday,February2021,2021
153,153,153,22-02-2021,1036869,55468,977012,242070,233624,8446,4105,,,Monday,February2021,2021
154,154,154,24-02-2021,1045009,52869,987720,228416,220410,8006,4136,,,Wednesday,February2021,2021
155,155,155,25-02-2021,1048686,51879,992372,223191,215245,7946,4150,,,Thursday,February2021,2021
156,156,156,26-02-2021,1052357,51390,996514,217959,210293,7666,4164,,,Friday,February2021,2021
157,157,157,27-02-2021,1056149,50514,1001164,213247,205765,7482,4182,,,Saturday,February2021,2021
158,158,158,28-02-2021,1059403,49420,1005497,211044,203729,7315,4197,,,Sunday,February2021,2021
159,159,159,01-03-2021,1061341,47868,1008972,207915,200756,7159,4210,,,Monday,March2021,2021
160,160,160,02-03-2021,1064279,47277,1012484,205315,198311,7004,4226,,,Tuesday,March2021,2021
161,161,161,03-03-2021,1067044,45995,1016515,198672,191739,6933,4241,,,Wednesday,March2021,2021
162,162,162,05-03-2021,1072436,43562,1024309,180107,173736,6371,4271,,,Friday,March2021,2021
163,163,163,06-03-2021,1075227,42819,1027826,177062,170954,6108,4287,,,Saturday,March2021,2021
164,164,164,07-03-2021,1077327,40867,1031865,171616,165922,5694,4300,,,Sunday,March2021,2021
165,165,165,08-03-2021,1078739,39236,1034895,168505,162993,5512,4312,,,Monday,March2021,2021
166,166,166,09-03-2021,1081055,37150,1039281,166107,160898,5209,4328,,,Tuesday,March2021,2021
167,167,167,12-03-2021,1087443,32174,1050603,157589,152760,4829,4369,,,Friday,March2021,2021
168,168,168,13-03-2021,1089478,30939,1053859,153813,149361,4452,4381,,,Saturday,March2021,2021
169,169,169,14-03-2021,1091270,29478,1057097,150312,145982,4330,4396,,,Sunday,March2021,2021
170,170,170,16-03-2021,1094294,26127,1063444,137223,133247,3976,4422,,,Tuesday,March2021,2021
171,171,171,17-03-2021,1096392,25394,1066259,135904,131972,3932,4435,,,Wednesday,March2021,2021
172,172,172,20-03-2021,1102353,25009,1072554,130019,126255,3764,4482,,,Saturday,March2021,2021
173,173,173,21-03-2021,1104228,24620,1074805,128237,124509,3728,4495,,,Sunday,March2021,2021
174,174,174,22-03-2021,1105467,24081,1076571,126125,122382,3743,4507,,,Monday,March2021,2021
175,175,175,23-03-2021,1107452,23883,1078743,126263,122610,3653,4517,,,Tuesday,March2021,2021
176,176,176,25-03-2021,1111897,24380,1082668,127105,123359,3746,4539,,,Thursday,March2021,2021
177,177,177,26-03-2021,1113722,24274,1084585,127542,123751,3791,4553,,,Friday,March2021,2021
178,178,178,27-03-2021,1115777,24231,1086669,128286,124452,3834,4567,,,Saturday,March2021,2021
179,179,179,28-03-2021,1117993,24582,1088522,129264,125392,3872,4579,,,Sunday,March2021,2021
180,180,180,29-03-2021,1119542,24223,1090419,131085,127212,3873,4590,,,Monday,March2021,2021
181,181,181,30-03-2021,1121931,24650,1092365,132355,128494,3861,4606,,,Tuesday,March2021,2021
182,182,182,31-03-2021,1124584,25249,1094404,135075,131057,4018,4621,,,Wednesday,March2021,2021
183,183,183,01-04-2021,1127382,26201,1096239,137299,133198,4101,4632,,,Thursday,April2021,2021
184,184,184,02-04-2021,1129890,26407,1098526,139837,135665,4172,4646,,,Friday,April2021,2021
185,185,185,04-04-2021,1135233,27893,1102359,142854,138451,4403,4668,,,Sunday,April2021,2021
186,186,186,05-04-2021,1137590,28372,1104225,146346,141803,4543,4680,,,Monday,April2021,2021
187,187,187,06-04-2021,1141092,29962,1106123,149368,144643,4725,4694,,,Tuesday,April2021,2021
188,188,188,10-04-2021,1160204,39778,1115342,164894,158988,5906,4767,,,Saturday,April2021,2021
189,189,189,11-04-2021,1167190,44389,1117700,170810,164325,6485,4783,,,Sunday,April2021,2021
190,190,190,12-04-2021,1172882,47596,1120174,175856,168827,7029,4794,,,Monday,April2021,2021
191,191,191,13-04-2021,1180397,52132,1123133,182589,175007,7582,4814,,,Tuesday,April2021,2021
192,192,192,14-04-2021,1189175,58245,1125775,190199,181873,8326,4836,,,Wednesday,April2021,2021
193,193,193,15-04-2021,1197301,63650,1128475,194808,185893,8915,4856,,,Thursday,April2021,2021
194,194,194,16-04-2021,1207332,69868,1132267,204933,195096,9837,4877,,,Friday,April2021,2021
195,195,195,18-04-2021,1239424,93686,1140486,237036,225683,11353,4929,,,Sunday,April2021,2021
196,196,196,20-04-2021,1272645,118673,1148671,289185,275964,13221,4978,,,Tuesday,April2021,2021
197,197,197,24-04-2021,1377186,198576,1173202,431587,413172,18415,5080,,,Saturday,April2021,2021
198,198,198,25-04-2021,1405655,218893,1181324,470558,450993,19565,5110,,,Sunday,April2021,2021
199,199,199,01-05-2021,1606819,323828,1277294,687843,662517,25326,5356,,,Saturday,May2021,2021
200,200,200,02-05-2021,1638778,339441,1293590,724611,698442,26169,5405,,,Sunday,May2021,2021
201,201,201,03-05-2021,1664789,345887,1313109,740135,712954,27181,5450,,,Monday,May2021,2021
202,202,202,05-05-2021,1743932,375658,1362363,784193,755453,28740,5565,,,Wednesday,May2021,2021
203,203,203,06-05-2021,1786396,390906,1389515,818411,788529,29882,5628,,,Thursday,May2021,2021
204,204,204,11-05-2021,1967405,423957,1537138,993313,959164,34149,5958,,,Tuesday,May2021,2021
205,205,205,12-05-2021,2010934,432789,1571738,1001647,967211,34436,6053,,,Wednesday,May2021,2021
206,206,206,13-05-2021,2050889,438913,1605471,1002443,967342,35101,6150,,,Thursday,May2021,2021
207,207,207,14-05-2021,2085583,442194,1636790,1014454,977257,37197,6243,,,Friday,May2021,2021
208,208,208,15-05-2021,2118263,445334,1666232,1031271,994204,37067,6339,,,Saturday,May2021,2021
209,209,209,16-05-2021,2147967,440652,1700528,1043876,1006759,37117,6428,,,Sunday,May2021,2021
210,210,210,17-05-2021,2169369,362315,1800179,1019085,981370,37715,6515,,,Monday,May2021,2021
211,211,211,19-05-2021,2233468,331860,1894518,1005084,964885,40199,6724,,,Wednesday,May2021,2021
212,212,212,20-05-2021,2263959,317850,1938887,999338,960653,38685,6852,,,Thursday,May2021,2021
213,213,213,21-05-2021,2293632,306346,1979919,988009,949300,38709,6994,,,Friday,May2021,2021
214,214,214,22-05-2021,2322146,289283,2025319,969946,931203,38743,7170,,,Saturday,May2021,2021
215,215,215,23-05-2021,2347966,277598,2062635,956865,917798,39067,7358,,,Sunday,May2021,2021
216,216,216,24-05-2021,2365787,259179,2098674,928541,889627,38914,7554,,,Monday,May2021,2021
217,217,217,25-05-2021,2395590,255406,2132071,904178,826698,38740,7731,,,Tuesday,May2021,2021
218,218,218,26-05-2021,2424388,248526,2167596,889902,850882,39020,7882,,,Wednesday,May2021,2021
219,219,219,27-05-2021,2448554,241966,2198135,876584,836420,40164,8063,,,Thursday,May2021,2021
220,220,220,28-05-2021,2470872,237819,2224405,857227,818117,39110,8257,,,Friday,May2021,2021
221,221,221,29-05-2021,2494385,233034,2252505,835866,796400,39466,8455,,,Saturday,May2021,2021
222,222,222,30-05-2021,2514279,223727,2281518,819417,780842,38575,8641,,,Sunday,May2021,2021
223,223,223,31-05-2021,2526579,206982,2310385,788202,749825,38377,8815,,,Monday,May2021,2021
224,224,224,01-06-2021,2546339,202426,2334502,764008,726515,37493,9009,,,Tuesday,June2021,2021
225,225,225,02-06-2021,2566000,192165,2364210,742157,705375,36782,9222,,,Wednesday,June2021,2021
226,226,226,03-06-2021,2584853,184292,2390779,720028,683851,36177,9375,,,Thursday,June2021,2021
227,227,227,04-06-2021,2601082,174526,2416639,693284,657679,35605,9510,,,Friday,June2021,2021
228,228,228,05-06-2021,2618410,167638,2440642,669815,634890,34925,9719,,,Saturday,June2021,2021
229,229,229,06-06-2021,2633082,160653,2462071,654698,619467,35231,9946,,,Sunday,June2021,2021
230,230,230,07-06-2021,2642395,147830,2483992,632868,593807,39061,10157,,,Monday,June2021,2021
231,231,231,08-06-2021,2657962,143254,2504011,612155,579163,32992,10281,,,Tuesday,June2021,2021
232,232,232,09-06-2021,2674166,139064,2524248,592079,559683,32396,10437,,,Wednesday,June2021,2021
233,233,233,10-06-2021,2688590,135298,2542242,580417,548451,31966,10631,,,Thursday,June2021,2021
234,234,234,11-06-2021,2702823,134001,2557597,562253,530743,31510,10804,,,Friday,June2021,2021
235,235,235,12-06-2021,2716655,129488,2575769,545000,513897,31103,10975,,,Saturday,June2021,2021
236,236,236,13-06-2021,2728239,123003,2593625,538215,507540,30675,11181,,,Sunday,June2021,2021
237,237,237,14-06-2021,2735958,113817,2610368,525331,495279,30052,11342,,,Monday,June2021,2021
238,238,238,15-06-2021,2748204,112361,2623904,506437,477212,29225,11508,,,Tuesday,June2021,2021
239,239,239,17-06-2021,2773943,108560,2653207,483823,455596,28227,11743,,,Thursday,June2021,2021
240,240,240,18-06-2021,2785304,107682,2665354,469522,441617,27905,11833,,,Friday,June2021,2021
241,241,241,19-06-2021,2797747,106861,2678499,455621,427754,27867,11948,,,Saturday,June2021,2021
242,242,242,20-06-2021,2809394,105936,2690958,448037,421131,26906,12060,,,Sunday,June2021,2021
243,243,243,21-06-2021,2816843,99693,2704554,430728,403462,27266,12154,,,Monday,June2021,2021
244,244,244,22-06-2021,2829460,100437,2716284,419051,392556,26495,12295,,,Tuesday,June2021,2021
245,245,245,23-06-2021,2842247,99390,2729967,412116,385742,26374,12445,,,Wednesday,June2021,2021
246,246,246,24-06-2021,2854325,99859,2741436,406706,380559,26147,12581,,,Thursday,June2021,2021
247,247,247,25-06-2021,2865871,100230,2752492,18074,15686,2388,12699,,,Friday,June2021,2021
248,248,248,26-06-2021,2877989,101102,2763616,396863,370565,26298,12817,,,Saturday,June2021,2021
249,249,249,27-06-2021,2888894,99591,2775967,397093,371403,25690,12879,,,Sunday,June2021,2021
250,250,250,28-06-2021,2896957,96012,2787496,390230,364543,25687,12989,,,Monday,June2021,2021
251,251,251,29-06-2021,2910507,99174,2797779,388083,362902,25181,13093,,,Tuesday,June2021,2021
252,252,252,30-06-2021,2924165,100881,2809587,388903,364100,24803,13235,,,Wednesday,June2021,2021
253,253,253,01-07-2021,2937033,102058,2821151,391232,366283,24949,13359,,,Thursday,July2021,2021
254,254,254,04-07-2021,2973684,104039,2855460,396826,372279,24547,13716,,,Sunday,July2021,2021
255,255,255,05-07-2021,2981721,100626,2866806,394627,370055,24572,13818,,,Monday,July2021,2021
256,256,256,06-07-2021,2996094,104105,2877557,384439,360300,24139,13960,,,Tuesday,July2021,2021
257,257,257,07-07-2021,3011694,107925,2889186,382843,358565,24278,14108,,,Wednesday,July2021,2021
258,258,258,08-07-2021,3025466,110136,2900600,391444,366935,24509,14250,,,Thursday,July2021,2021
259,259,259,09-07-2021,3039029,113115,2911054,387496,362921,24575,14380,,,Friday,July2021,2021
260,260,260,10-07-2021,3053116,115226,2922921,384493,359714,24779,14489,,,Saturday,July2021,2021
261,261,261,11-07-2021,3065336,114844,2935423,386876,362022,24854,14586,,,Sunday,July2021,2021
262,262,262,12-07-2021,3073134,111093,2946870,381673,356888,24785,14686,,,Monday,July2021,2021
263,263,263,13-07-2021,3087673,115174,2957201,382260,357751,24509,14810,,,Tuesday,July2021,2021
264,264,264,14-07-2021,3103310,117708,2970175,392170,367560,24610,14938,,,Wednesday,July2021,2021
265,265,265,15-07-2021,3117083,119022,2982545,395560,370675,24885,15025,,,Thursday,July2021,2021
266,266,266,16-07-2021,3130833,121944,2993242,397164,372317,24847,15155,,,Friday,July2021,2021
267,267,267,18-07-2021,3160937,125041,3020052,405176,380382,24794,15350,,,Sunday,July2021,2021
268,268,268,19-07-2021,3170868,121708,3033258,406804,382081,24723,15408,,,Monday,July2021,2021
269,269,269,20-07-2021,3187716,126398,3045310,405178,380426,24752,15512,,,Tuesday,July2021,2021
270,270,270,22-07-2021,3218015,128881,3072895,409323,383826,25497,15739,,,Thursday,July2021,2021
271,271,271,23-07-2021,3235533,135198,3083962,418496,392805,25691,15871,,,Friday,July2021,2021
272,272,272,24-07-2021,3254064,138124,3099469,424351,398407,25944,15969,,,Saturday,July2021,2021
273,273,273,25-07-2021,3271530,140276,3114716,435768,409540,26228,16035,,,Sunday,July2021,2021
274,274,274,26-07-2021,3283116,136814,3129628,433215,407102,26113,16170,,,Monday,July2021,2021
275,275,275,27-07-2021,3305245,145371,3143043,436387,409931,26456,16326,,,Tuesday,July2021,2021
276,276,276,28-07-2021,3327301,149534,3160804,446211,419098,27113,16457,,,Wednesday,July2021,2021
277,277,277,29-07-2021,3349365,154820,3177453,454080,426600,27480,16585,,,Thursday,July2021,2021
278,278,278,30-07-2021,3370137,160824,3192104,456951,429118,27833,16701,,,Friday,July2021,2021
279,279,279,31-07-2021,3390761,164500,3208969,455078,426640,28438,16781,,,Saturday,July2021,2021
280,280,280,01-08-2021,3411489,167379,3226761,461133,432537,28596,16837,,,Sunday,August2021,2021
281,281,281,02-08-2021,3425473,165322,3242684,462529,433879,28650,16955,,,Monday,August2021,2021
282,282,282,04-08-2021,3471563,176048,3277788,474056,444009,30047,17211,,,Wednesday,August2021,2021
283,283,283,06-08-2021,3513551,178204,3317314,487492,458397,29095,17515,,,Friday,August2021,2021
284,284,284,08-08-2021,3552525,176572,3357687,490858,461530,29328,17747,,,Sunday,August2021,2021
285,285,285,09-08-2021,3565574,169512,3377691,486836,457494,29342,17852,,,Monday,August2021,2021
286,286,286,10-08-2021,3586693,171985,3396184,482290,453540,28750,18004,,,Tuesday,August2021,2021
287,287,287,12-08-2021,3631638,176518,3436318,483172,454689,28483,18280,,,Thursday,August2021,2021
288,288,288,13-08-2021,3652090,180000,3453174,490836,462416,28420,18394,,,Friday,August2021,2021
289,289,289,14-08-2021,3671541,180240,3472278,494429,466132,28297,18499,,,Saturday,August2021,2021
290,290,290,15-08-2021,3690123,178630,3492367,499031,471395,27636,18601,,,Sunday,August2021,2021
291,291,291,16-08-2021,3702417,172239,3510909,491831,463950,27881,18743,,,Monday,August2021,2021
292,292,292,17-08-2021,3724030,175167,3529465,496349,468468,27881,18870,,,Tuesday,August2021,2021
293,293,293,18-08-2021,3745457,177683,3548196,498630,470771,27859,19049,,,Wednesday,August2021,2021
294,294,294,19-08-2021,3766573,179303,3567492,499903,472523,27380,19246,,,Thursday,August2021,2021
295,295,295,20-08-2021,3786797,182285,3584634,491871,464919,26952,19345,,,Friday,August2021,2021
296,296,296,21-08-2021,3803903,178462,3605480,492339,465079,27260,19428,,,Saturday,August2021,2021
297,297,297,22-08-2021,3814305,163212,3631066,485017,458431,26586,19494,,,Sunday,August2021,2021
298,298,298,25-08-2021,3883429,170292,3692628,470860,444278,26582,19972,,,Wednesday,August2021,2021
299,299,299,26-08-2021,3913506,181209,3711625,487246,459821,27425,20134,,,Thursday,August2021,2021
300,300,300,27-08-2021,3946307,195254,3730198,498491,469946,28545,20313,,,Friday,August2021,2021
301,301,301,28-08-2021,3977572,204896,3751666,514031,484508,29523,20466,,,Saturday,August2021,2021
302,302,302,29-08-2021,4007408,212566,3773754,533817,503762,30055,20541,,,Sunday,August2021,2021
303,303,303,30-08-2021,4027030,209493,3796317,539097,508271,30826,20673,,,Monday,August2021,2021
304,304,304,31-08-2021,4057233,218892,3817004,545393,513686,31707,20788,,,Tuesday,August2021,2021
305,305,305,01-09-2021,4090036,229912,3838614,557085,524380,32705,20961,,,Wednesday,September2021,2021
306,306,306,03-09-2021,4151455,246437,3883186,578704,545246,33458,21280,,,Friday,September2021,2021
307,307,307,05-09-2021,4207838,247791,3937996,624301,591061,33240,21496,,,Sunday,September2021,2021
308,308,308,07-09-2021,4253298,237045,3993877,618684,585749,32935,21820,,,Tuesday,September2021,2021
309,309,309,08-09-2021,4283494,239480,4021456,608228,575411,32817,22001,,,Wednesday,September2021,2021
310,310,310,10-09-2021,4334704,237643,4074200,621039,588784,32255,22303,,,Friday,September2021,2021
311,311,311,11-09-2021,4355191,231792,4100355,613495,581858,31637,22484,,,Saturday,September2021,2021
312,312,312,12-09-2021,4375431,222255,4130065,603315,572761,30554,22551,,,Sunday,September2021,2021
313,313,313,15-09-2021,4424046,190750,4209746,561239,533190,28049,22987,,,Wednesday,September2021,2021
314,314,314,17-09-2021,4469488,188926,4256697,537823,511461,26362,23296,,,Friday,September2021,2021
315,315,315,19-09-2021,4508466,173631,4310674,512854,487587,25267,23591,,,Sunday,September2021,2021
316,316,316,20-09-2021,4524158,167008,4332897,496103,471399,24704,23683,,,Monday,September2021,2021
317,317,317,21-09-2021,4539926,161195,4354264,486600,462691,23909,23897,,,Tuesday,September2021,2021
318,318,318,22-09-2021,4559601,161026,4373966,481195,457822,23373,24039,,,Wednesday,September2021,2021
319,319,319,23-09-2021,4579283,160046,4394476,475103,452282,22821,24191,,,Thursday,September2021,2021
320,320,320,24-09-2021,4597266,162846,4409530,469954,447442,22512,24318,,,Friday,September2021,2021
321,321,321,26-09-2021,4629888,163280,4441430,474901,453119,21782,24603,,,Sunday,September2021,2021
322,322,322,27-09-2021,4641587,157158,4459193,478087,456821,21266,24661,,,Monday,September2021,2021
323,323,323,28-09-2021,4652783,149356,4478042,470518,449480,21038,24810,,,Tuesday,September2021,2021
324,324,324,29-09-2021,4664944,143500,4495904,456952,436837,20115,24965,,,Wednesday,September2021,2021
325,325,325,30-09-2021,4680858,142529,4512662,446818,427935,18883,25087,,,Thursday,September2021,2021
326,326,326,01-10-2021,4694692,142499,4526429,440194,422218,17976,25182,,,Friday,October2021,2021
327,327,327,02-10-2021,4707909,141155,4540866,437864,420556,17308,25303,,,Saturday,October2021,2021
328,328,328,03-10-2021,4720206,137043,4557199,429581,412902,16679,25377,,,Sunday,October2021,2021
329,329,329,04-10-2021,4729056,128736,4574206,415489,399228,16261,25526,,,Monday,October2021,2021
330,330,330,06-10-2021,4751407,122407,4602600,390631,375306,15325,25811,,,Wednesday,October2021,2021
331,331,331,07-10-2021,4763695,118744,4618408,377128,362444,14684,25952,,,Thursday,October2021,2021
332,332,332,09-10-2021,4784109,113132,4644211,366250,352851,13399,26173,,,Saturday,October2021,2021
333,333,333,11-10-2021,4801796,101419,4673442,354720,342367,12353,26342,,,Monday,October2021,2021
334,334,334,13-10-2021,4820698,97630,4695904,339688,328426,11262,26571,,,Wednesday,October2021,2021
335,335,335,14-10-2021,4829944,95828,4706856,333634,322648,10986,26667,,,Thursday,October2021,2021
336,336,336,15-10-2021,4838811,94756,4716728,327682,317060,10622,26734,,,Friday,October2021,2021
337,337,337,17-10-2021,4854321,87593,4739270,311361,301156,10205,26865,,,Sunday,October2021,2021
338,338,338,19-10-2021,4868640,80262,4760781,293178,283368,9810,27002,,,Tuesday,October2021,2021
339,339,339,20-10-2021,4879790,82738,4769373,289666,280038,9628,27084,,,Wednesday,October2021,2021
340,340,340,21-10-2021,4888523,81496,4779228,286888,277907,8981,27202,,,Thursday,October2021,2021
341,341,341,22-10-2021,4897884,80892,4788629,281286,272412,8874,27765,172.0,292.0,Friday,October2021,2021
342,342,342,23-10-2021,4906793,80555,4797409,270430,261655,8775,28229,314.0,549.0,Saturday,October2021,2021
343,343,343,24-10-2021,4915331,77363,4808775,269881,261252,8629,28592,395.0,760.0,Sunday,October2021,2021
344,344,344,25-10-2021,4921995,74735,4817785,265995,257429,8752,28873,404.0,979.0,Monday,October2021,2021
345,345,345,26-10-2021,4929158,74456,4824745,269762,261197,8565,29355,455.0,1320.0,Tuesday,October2021,2021
346,346,346,27-10-2021,4938603,76554,4831468,268639,260359,8280,29977,654.0,1650.0,Wednesday,October2021,2021
347,347,347,28-10-2021,4946341,78122,4836928,268223,260318,7905,30685,764.0,2192.0,Thursday,October2021,2021
348,348,348,29-10-2021,4954063,78722,4843576,269451,261842,7609,31156,873.0,2468.0,Friday,October2021,2021
349,349,349,30-10-2021,4961490,78624,4850742,275185,267835,7350,31514,912.0,2725.0,Saturday,October2021,2021
350,350,350,31-10-2021,4968657,79185,4857181,272248,264972,7276,31681,919.0,2871.0,Sunday,October2021,2021
351,351,351,02-11-2021,4980398,74618,4872930,262454,255881,4886,32236,1032.0,3190.0,Tuesday,November2021,2021
352,352,352,03-11-2021,4987710,73083,4881414,261090,256032,5058,32598,1271.0,3262.0,Wednesday,November2021,2021
353,353,353,04-11-2021,4995255,74552,4887350,256811,251744,5067,32734,1331.0,3283.0,Thursday,November2021,2021
354,354,354,05-11-2021,5001835,73733,4894435,247485,240859,6626,33048,1442.0,3440.0,Friday,November2021,2021
355,355,355,06-11-2021,5008381,72876,4901369,240336,233927,6409,33515,1673.0,3626.0,Saturday,November2021,2021
356,356,356,07-11-2021,5015505,72310,4908857,235910,229289,6621,33716,1700.0,3779.0,Sunday,November2021,2021
357,357,357,12-11-2021,5048756,68805,4943813,218871,213293,5578,35511,3214.0,3779.0,Friday,November2021,2021
358,358,358,13-11-2021,5055224,68630,4950281,225227,219885,5342,35685,3365.0,3779.0,Saturday,November2021,2021
359,359,359,16-11-2021,5071135,63338,4971080,212925,207664,5261,36087,3625.0,3779.0,Tuesday,November2021,2021
360,360,360,17-11-2021,5077984,63752,4977126,208004,202837,5167,36475,3952.0,3779.0,Wednesday,November2021,2021
361,361,361,21-11-2021,5101004,58088,5004786,192768,187604,5164,37495,4800.0,3779.0,Sunday,November2021,2021
362,362,362,23-11-2021,5109674,52710,5018279,184581,179531,5050,38045,5218.0,3779.0,Tuesday,November2021,2021
363,363,363,25-11-2021,5119941,51804,5028752,174319,169469,4850,38737,5819.0,3779.0,Thursday,November2021,2021
364,364,364,26-11-2021,5124618,49459,5035384,169347,164542,4805,39125,6174.0,3779.0,Friday,November2021,2021
365,365,365,27-11-2021,5129359,48501,5040528,164088,159297,4791,39679,6700.0,3779.0,Saturday,November2021,2021
366,366,366,29-11-2021,5137091,44487,5051998,156786,152086,4700,39955,6899.0,3779.0,Monday,November2021,2021
367,367,367,30-11-2021,5141814,43663,5057368,153221,148515,4706,40132,7057.0,3779.0,Tuesday,November2021,2021
368,368,368,01-12-2021,5147219,44124,5061906,150435,145733,4702,40535,7364.0,3779.0,Wednesday,December2021,2021
369,369,369,02-12-2021,5151919,44376,5066034,155639,150837,4802,40855,7618.0,3779.0,Thursday,December2021,2021
370,370,370,03-12-2021,5156914,44637,5070497,159899,155157,4742,41124,7843.0,3779.0,Friday,December2021,2021
371,371,371,05-12-2021,5165921,43454,5080211,167693,163323,4370,41600,8244.0,3779.0,Sunday,December2021,2021
372,372,372,07-12-2021,5173854,40072,5091224,164650,159936,4714,41902,8488.0,3779.0,Tuesday,December2021,2021
373,373,373,09-12-2021,5183061,40546,5099620,163498,158897,4601,42239,8738.0,3779.0,Thursday,December2021,2021
374,374,374,08-12-2021,5178892,40959,5095263,163682,158990,4692,42014,8565.0,3779.0,Wednesday,December2021,2021
375,375,375,06-12-2021,5169198,40730,5086044,166787,162029,4758,41768,8382.0,3779.0,Monday,December2021,2021
376,376,376,04-12-2021,5161471,43771,5075605,164747,160333,4414,41439,8106.0,3779.0,Saturday,December2021,2021
377,377,377,24-11-2021,5113954,51302,5023658,180316,175361,4955,38353,5491.0,3779.0,Wednesday,November2021,2021
378,378,378,22-11-2021,5104702,54091,5012301,188979,183929,5050,37675,4905.0,3779.0,Monday,November2021,2021
379,379,379,20-11-2021,5095924,61114,4996878,192854,187692,5162,37299,4644.0,3779.0,Saturday,November2021,2021
380,380,380,19-11-2021,5089849,61348,4990817,204266,199044,5222,37051,4428.0,3779.0,Friday,November2021,2021
381,381,381,18-11-2021,5084095,62288,4984328,205822,200635,5187,36847,4273.0,3779.0,Thursday,November2021,2021
382,382,382,15-11-2021,5065619,64738,4964375,222466,217083,5383,35877,3454.0,3779.0,Monday,November2021,2021
383,383,383,14-11-2021,5061072,67185,4957509,226642,221139,5503,35750,3384.0,3779.0,Sunday,November2021,2021
384,384,384,10-11-2021,5034858,70459,4922834,221733,216046,5687,34621,2430.0,3779.0,Wednesday,November2021,2021
385,385,385,09-11-2021,5027318,71020,4921312,227732,221995,5737,34362,2219.0,3779.0,Tuesday,November2021,2021
386,386,386,08-11-2021,5020909,71316,4914993,230903,225018,5885,33978,1882.0,3779.0,Monday,November2021,2021
387,387,387,01-11-2021,4973954,76786,4864506,267802,262274,5528,32049,977.0,3103.0,Monday,November2021,2021
388,388,388,18-10-2021,4860997,83184,4750293,302818,292736,10082,26925,,,Monday,October2021,2021
389,389,389,16-10-2021,4846766,90885,4728497,314640,304170,10404,26791,,,Saturday,October2021,2021
390,390,390,12-10-2021,4809619,96646,4685932,343082,331243,11839,26448,,,Tuesday,October2021,2021
391,391,391,08-10-2021,4774639,116645,4631330,371196,356899,14135,26072,,,Friday,October2021,2021
392,392,392,05-10-2021,4738791,124441,4588084,403141,387353,15788,25677,,,Tuesday,October2021,2021
393,393,393,25-09-2021,4613937,165154,4423772,473920,451893,22027,24438,,,Saturday,September2021,2021
394,394,394,18-09-2021,4488813,180842,4283963,528083,502189,25894,23439,,,Saturday,September2021,2021
395,395,395,16-09-2021,4446228,186190,4236309,554807,527791,27016,23165,,,Thursday,September2021,2021
396,396,396,14-09-2021,4406365,198865,4184158,575668,546791,28877,22779,,,Tuesday,September2021,2021
397,397,397,09-09-2021,4309694,236345,4050665,608450,575731,32719,22126,,,Thursday,September2021,2021
398,398,398,06-09-2021,4227526,238782,3966557,620739,587582,33157,21631,,,Monday,September2021,2021
399,399,399,02-09-2021,4122133,240186,3860248,568087,534805,33282,21149,,,Thursday,September2021,2021
400,400,400,23-08-2021,3827688,154563,3653008,471921,445342,26579,19584,,,Monday,August2021,2021
401,401,401,24-08-2021,3851984,159335,3672357,467051,441012,26039,19757,,,Tuesday,August2021,2021
402,402,402,11-08-2021,3610193,175957,3415595,485480,456991,28489,18120,,,Wednesday,August2021,2021
403,403,403,07-08-2021,3533918,178166,3337579,491491,462411,29080,17654,,,Saturday,August2021,2021
404,404,404,05-08-2021,3493603,177924,3297834,481157,451799,29358,17328,,,Thursday,August2021,2021
405,405,405,03-08-2021,3449149,173221,3258310,466154,437296,28858,17103,,,Tuesday,August2021,2021
406,406,406,21-07-2021,3205197,129640,3059441,406370,381316,25054,15617,,,Wednesday,July2021,2021
407,407,407,17-07-2021,3146981,124779,3006439,399634,374822,24812,15269,,,Saturday,July2021,2021
408,408,408,02-07-2021,2949128,103764,2831394,391753,367251,24113,13505,,,Friday,July2021,2021
409,409,409,16-06-2021,2761474,109794,2639593,492340,463328,29012,11655,,,Wednesday,June2021,2021
410,410,410,18-05-2021,2200706,347626,1846105,46084,40859,5225,6612,,,Tuesday,May2021,2021
411,411,411,04-05-2021,1701979,356872,1339257,759744,731629,28115,5507,,,Tuesday,May2021,2021
412,412,412,30-04-2021,1571183,303733,1261801,643529,619703,23826,5308,,,Friday,April2021,2021
413,413,413,29-04-2021,1533984,284086,1244301,593840,569831,24009,5259,,,Thursday,April2021,2021
414,414,414,28-04-2021,1495377,266646,1223185,551133,528407,22726,5211,,,Wednesday,April2021,2021
415,415,415,27-04-2021,1460364,247181,1207680,527662,506202,21460,5170,,,Tuesday,April2021,2021
416,416,416,26-04-2021,1427545,232812,1189267,498196,477778,20418,5138,,,Monday,April2021,2021
417,417,417,23-04-2021,1350501,178983,1166135,391463,374464,16999,5055,,,Friday,April2021,2021
418,418,418,22-04-2021,1322054,156226,1160472,355209,339418,15791,5028,,,Thursday,April2021,2021
419,419,419,21-04-2021,1295059,135631,1154102,320237,305836,14401,5000,,,Wednesday,April2021,2021
420,420,420,19-04-2021,1253068,103004,1144791,259439,247158,12281,4950,,,Monday,April2021,2021
421,421,421,17-04-2021,1221167,80019,1135921,218542,208003,10539,4904,,,Saturday,April2021,2021
422,422,422,09-04-2021,1154010,36185,1112758,160181,154726,5455,4750,,,Friday,April2021,2021
423,423,423,08-04-2021,1148947,33621,1110283,155683,150535,5148,4728,,,Thursday,April2021,2021
424,424,424,07-04-2021,1144594,31493,1108078,152136,147208,4928,4710,,,Wednesday,April2021,2021
425,425,425,03-04-2021,1132431,27274,1100186,142761,138455,4306,4658,,,Saturday,April2021,2021
426,426,426,24-03-2021,1109908,24268,1080803,126817,123124,3693,4527,,,Wednesday,March2021,2021
427,427,427,19-03-2021,1100275,25158,1070343,129938,126088,3850,4467,,,Friday,March2021,2021
428,428,428,18-03-2021,1098291,25158,1068378,131924,128032,3892,4450,,,Thursday,March2021,2021
429,429,429,15-03-2021,1092324,27057,1060560,143461,139309,4152,4407,,,Monday,March2021,2021
430,430,430,11-03-2021,1085663,33785,1047226,159401,154375,5026,4355,,,Thursday,March2021,2021
431,431,431,10-03-2021,1083530,35418,1043473,162766,157648,5118,4342,,,Wednesday,March2021,2021
432,432,432,04-03-2021,1069660,44441,1020671,189112,182469,6643,4255,,,Thursday,March2021,2021
433,433,433,23-02-2021,1040903,54665,981835,235225,227142,8083,4119,,,Tuesday,February2021,2021
434,434,434,03-02-2021,944709,69113,871548,218318,207315,11003,3796,,,Wednesday,February2021,2021
435,435,435,30-01-2021,923912,71469,848476,217434,205926,11508,3722,,,Saturday,January2021,2021
436,436,436,27-01-2021,905591,72234,829452,214315,202196,12119,3663,,,Wednesday,January2021,2021
437,437,437,19-01-2021,857380,70259,783393,209175,198170,11005,3506,,,Tuesday,January2021,2021
438,438,438,11-01-2021,814258,63346,747389,199398,188616,10782,3322,,,Monday,January2021,2021
439,439,439,09-01-2021,806603,64318,738808,202171,191116,11055,3279,,,Saturday,January2021,2021
440,440,440,04-01-2021,778873,63135,712389,232135,220699,11436,3160,,,Monday,January2021,2021
441,441,441,03-01-2021,775852,65278,707244,236664,225295,11369,3141,,,Sunday,January2021,2021
442,442,442,30-12-2020,755718,65394,687104,247725,235609,12116,3042,,,Wednesday,December2020,2020
443,443,443,28-12-2020,743563,64028,676368,250174,237460,12714,2990,,,Monday,December2020,2020
444,444,444,16-12-2020,683440,58184,622394,299057,285919,13138,2707,,,Wednesday,December2020,2020
445,445,445,11-12-2020,658683,59380,596593,315644,302102,13542,2562,,,Friday,December2020,2020
446,446,446,10-12-2020,654041,59517,591845,316491,302567,13924,2533,,,Thursday,December2020,2020
447,447,447,05-12-2020,631615,61393,567694,315024,299962,15062,2390,,,Saturday,December2020,2020
448,448,448,03-12-2020,620049,61209,556378,311237,295981,15256,2329,,,Thursday,December2020,2020
449,449,449,22-11-2020,562695,65856,494664,321297,304891,16406,2049,,,Sunday,November2020,2020
450,450,450,20-11-2020,551669,67831,481718,315518,299089,16429,1997,,,Friday,November2020,2020
451,451,451,16-11-2020,527708,70925,454774,319262,301739,17523,1888,,,Monday,November2020,2020
452,452,452,03-11-2020,451130,84713,364745,296614,275844,20770,1559,,,Tuesday,November2020,2020
453,453,453,28-10-2020,411464,93264,316692,290504,268506,21998,1403,,,Wednesday,October2020,2020
454,454,454,27-10-2020,402674,92161,309032,283150,261563,21587,1376,,,Tuesday,October2020,2020
455,455,455,23-10-2020,377834,95657,280793,280184,257404,22780,1281,,,Friday,October2020,2020
456,456,456,12-10-2020,295132,94388,199634,281413,253104,28309,1025,,,Monday,October2020,2020
457,457,457,10-10-2020,279855,95918,182874,280387,251714,28673,978,,,Saturday,October2020,2020
458,458,458,09-10-2020,268100,91756,175304,273686,245261,28425,955,,,Friday,October2020,2020
459,459,459,08-10-2020,258850,90579,167256,271439,240256,29383,930,,,Thursday,October2020,2020
460,460,460,07-10-2020,253405,92161,160253,267834,238331,29503,906,,,Wednesday,October2020,2020
461,461,461,29-09-2020,187276,61791,124688,236960,208258,28702,719,,,Tuesday,September2020,2020
462,462,462,22-09-2020,142756,40382,101731,220270,194488,25782,572,,,Tuesday,September2020,2020
463,463,463,18-09-2020,126381,35724,90089,216262,191628,24634,501,,,Friday,September2020,2020
464,464,464,14-09-2020,110818,30486,79813,205158,182241,22917,454,,,Monday,September2020,2020
465,465,465,11-09-2020,102254,27877,73904,203256,181764,21492,410,,,Friday,September2020,2020
466,466,466,02-09-2020,78072,21923,55782,193736,175382,18354,305,,,Wednesday,September2020,2020
467,467,467,29-08-2020,71701,23277,48083,195927,176822,19105,280,,,Saturday,August2020,2020
468,468,468,24-08-2020,59504,20323,38887,183448,166411,17037,234,,,Monday,August2020,2020
469,469,469,10-12-2021,5187033,39341,5104456,161893,157300,4593,42579,9047.0,3779.0,Friday,December2021,2021
470,470,470,13-12-2021,5197039,36281,5116928,160033,155720,4313,43170,9516.0,3779.0,Monday,December2021,2021
471,471,471,14-12-2021,5200416,35410,5121001,153474,149245,4229,43344,9662.0,3779.0,Tuesday,December2021,2021
472,472,472,20-12-2021,5219819,28724,5145501,139438,135200,4238,44922,10989.0,3779.0,Monday,December2021,2021
473,473,473,19-12-2021,5217589,30639,5141779,140333,136127,4206,44503,10584.0,3779.0,Sunday,December2021,2021
474,474,474,18-12-2021,5214594,31901,5137619,141586,137745,3841,44407,10499.0,3779.0,Saturday,December2021,2021
475,475,475,17-12-2021,5211297,32433,5134010,143337,139318,4019,44189,10324.0,3779.0,Friday,December2021,2021
476,476,476,16-12-2021,5207826,34171,5129044,147204,143110,4094,43946,10103.0,3779.0,Thursday,December2021,2021
477,477,477,15-12-2021,5204422,35234,5124899,149628,145536,4092,43626,9819.0,3779.0,Wednesday,December2021,2021
478,478,478,12-12-2021,5194605,38361,5112620,161911,157577,4334,42967,9351.0,3779.0,Sunday,December2021,2021
479,479,479,11-12-2021,5190828,38583,5108764,161939,157425,4514,42824,9242.0,3779.0,Saturday,December2021,2021
480,480,480,21-12-2021,5222567,28035,5148703,136864,132731,4133,45155,11189.0,3779.0,Tuesday,December2021,2021
481,481,481,22-12-2021,5225772,27842,5151715,134146,130126,4020,45538,11536.0,3779.0,Wednesday,December2021,2021
482,482,482,23-12-2021,5228286,26605,5155142,131345,127397,3948,45861,11805.0,3779.0,Thursday,December2021,2021
483,483,483,24-12-2021,5230891,25586,5158423,129501,125605,3896,46203,12116.0,3779.0,Friday,December2021,2021
484,484,484,26-12-2021,5235122,22691,5165164,121509,117637,3872,46586,12472.0,3779.0,Sunday,December2021,2021
485,485,485,25-12-2021,5233298,24501,5161800,124904,121046,3858,46318,12220.0,3779.0,Saturday,December2021,2021
486,486,486,27-12-2021,5236758,21224,5168028,119025,115182,3843,46822,12685.0,3779.0,Monday,December2021,2021
487,487,487,28-12-2021,5239232,20400,5171080,116378,112641,3737,47066,12891.0,3779.0,Tuesday,December2021,2021
488,488,488,29-12-2021,5242078,20456,5173656,112284,108593,3691,47277,13090.0,3779.0,Wednesday,December2021,2021
489,489,489,30-12-2021,5244501,19835,5176535,110680,107074,3606,47441,13239.0,3779.0,Thursday,December2021,2021
490,490,490,31-12-2021,5247177,19416,5179277,111110,107564,3546,47794,13581.0,3779.0,Friday,December2021,2021
491,491,491,01-01-2022,5249612,18904,5181981,109032,93190,15842,48035,13800.0,3779.0,Saturday,January2022,2022
492,492,492,02-01-2022,5252414,19021,5184587,104957,101682,3275,48113,13866.0,3779.0,Sunday,January2022,2022
493,493,493,03-01-2022,5254974,19359,5186737,104506,102281,2225,48184,13907.0,3779.0,Monday,January2022,2022
494,494,494,04-01-2022,5258614,20180,5189100,105547,103193,2354,48637,14330.0,3779.0,Tuesday,January2022,2022
495,495,495,05-01-2022,5263415,22910,5190913,104353,102007,2346,48895,14559.0,3779.0,Wednesday,January2022,2022
