date,samples_taken_today,samples_sent_cumulative,samples_negative_cumulative,samples_positive_cumulative_total,samples_positive_cumulative_male,samples_positive_cumulative_female,samples_positive_cumulative_transgender,samples_results_awaited,cases_new,people_put_on_surveillance_cumulative,people_completed_surveillance_cumulative,people_currently_under_surveillance,people_home_isolation,recoveries_cumulative,active_cases,deaths_total,deaths_male,deaths_female,deaths_transgender,vax_today_total,vax_today_first_dose,vax_today_second_dose,vax_cumulative,positivity_rate_today,positivity_rate_cumulative,recovery_rate,fatality_rate,tests_per_million
15-07-2020,,,371350,23306,15481,7823,2,,,118725,67632,51093,,17667,5320,319,234,85,,,,,,,,75.8,1.37,15785
16-07-2020,,,380138,24002,15951,8049,2,,,119421,68151,51270,,18185,5495,322,236,86,,,,,,,,75.76,1.34,16168
17-07-2020,,,393627,24797,16455,8340,2,,,120216,68684,51532,,18718,5752,327,239,88,,,,,,,,75.48,1.32,16753
18-07-2020,,,404852,25547,16941,8604,2,,,121011,69284,51727,,19318,5885,344,251,93,,,,,,,,75.62,1.35,17220
19-07-2020,,,414438,26164,17301,8861,2,,,121628,69729,51899,,19793,6022,349,256,93,,,,,,,,75.65,1.33,17647
20-07-2020,,,424137,26858,17774,9082,2,,,122322,70162,52160,,20226,6277,355,260,95,,,,,,,,75.31,1.32,18040
21-07-2020,,,434300,27462,18162,9298,2,,,122926,70888,52038,,20952,6146,364,265,99,,,,,,,,76.29,1.33,18451
22-07-2020,,,443585,28186,18642,9542,2,,,123650,71633,52017,,21697,6117,372,267,105,,,,,,,,76.98,1.32,18833
23-07-2020,,,455864,28975,19108,9865,2,,,124439,72185,52254,,22249,6348,378,271,107,,,,,,,,76.79,1.3,19346
24-07-2020,,,469631,29755,19694,10058,3,,,125219,72889,52330,,22953,6420,382,273,109,,,,,,,,77.14,1.28,19930
25-07-2020,,,500579,30538,20242,10293,3,,,126002,73590,52412,,23654,6495,389,279,110,,,,,,,,77.46,1.27,21157
26-07-2020,,,512734,31332,20760,10569,3,,,126796,74320,52476,,24384,6556,392,281,111,,,,,,,,77.82,1.25,21675
27-07-2020,,,521416,32127,21290,10834,3,,,127591,74982,52609,,25046,6684,397,285,112,,,,,,,,77.96,1.24,22064
28-07-2020,,,531644,32876,21785,11088,3,,,128340,75694,52646,,25758,6712,406,292,114,,,,,,,,78.35,1.23,22494
29-07-2020,,,543201,33631,22275,11353,3,,,129095,76356,52739,,26420,6798,413,296,117,,,,,,,,78.56,1.23,22984
30-07-2020,,,560863,34254,22686,11565,3,,,129718,77276,52442,,27340,6497,417,299,118,,,,,,,,79.82,1.22,23704
31-07-2020,,,571751,34965,23197,11765,3,,,130429,78163,52266,,28227,6317,421,302,119,,,,,,,,80.73,1.2,24165
01-08-2020,,,587418,35758,23740,12015,3,,,131222,79016,52206,,29080,6250,428,306,122,,,,,,,,81.32,1.2,24805
02-08-2020,,,604056,36519,24225,12291,3,,,136135,79989,56146,,29690,6396,433,309,124,,,,,,,,81.3,1.19,25495
03-08-2020,,,615375,37173,24679,12491,3,,,139789,80264,59525,,30470,6263,440,313,127,,,,,,,,81.97,1.18,25955
04-08-2020,,,628013,37796,25087,12706,3,,,140412,80617,59795,,31226,6122,448,318,130,,,,,,,,82.62,1.19,26472
05-08-2020,,,639335,38548,25598,12947,3,,,141164,81066,60098,,31960,6133,455,323,132,,,,,,,,82.91,1.18,26963
06-08-2020,,,652600,39303,26116,13183,4,,,141919,81891,60028,,32640,6205,458,325,133,,,,,,,,83.05,1.17,27526
07-08-2020,,,667244,40054,26617,13426,11,,,142915,83172,59743,,33444,6143,467,332,135,,,,,,,,83.5,1.17,28129
08-08-2020,,,683237,40843,27117,13715,11,,,143704,84090,59614,,34031,6338,474,337,137,,,,,,,,83.32,1.16,28798
09-08-2020,,,696664,41635,27626,13998,11,,,145427,84334,61093,,34781,6371,483,345,138,,,,,,,,83.54,1.16,29352
10-08-2020,,,705790,42429,28112,14306,11,,,146221,84825,61396,,35492,6448,489,350,139,,,,,,,,83.65,1.15,29741
11-08-2020,,,722780,43227,28656,14560,11,,,147019,85449,61570,,36082,6645,500,357,143,,,,,,,,83.47,1.16,30445
12-08-2020,,,736914,44024,29181,14832,11,,,147816,86219,61597,,36694,6827,503,359,144,,,,,,,,83.35,1.14,31039
13-08-2020,,,751225,44817,29705,15101,11,,,148609,86880,61729,,37486,6820,511,366,145,,,,,,,,83.64,1.14,31629
14-08-2020,,,766184,45614,30220,15383,11,,,150081,87878,62203,,38348,6748,518,370,148,,,,,,,,84.07,1.14,32249
15-08-2020,,,778189,46410,30753,15646,11,,,150877,88346,62531,,38939,6943,528,378,150,,,,,,,,83.9,1.14,32760
16-08-2020,,,791184,47153,31218,15924,11,,,151620,88568,63052,,39601,7014,538,383,155,,,,,,,,83.98,1.14,33311
17-08-2020,,,801232,48040,31738,16291,11,,,152507,89055,63452,,40610,6880,550,392,158,,,,,,,,84.53,1.14,33718
18-08-2020,,,812490,48936,32322,16603,11,,,153971,89636,64335,,41298,7081,557,396,161,,,,,,,,84.39,1.14,34219
19-08-2020,,,833173,49930,32973,16946,11,,,154965,90201,64764,,42056,7307,567,403,164,,,,,,,,84.23,1.14,35079
20-08-2020,,,853707,50926,33629,17286,11,,,156797,90709,66088,,42793,7555,578,408,170,,,,,,,,84.03,1.13,35932
21-08-2020,,,868016,52129,34397,17721,11,,,158000,91297,66703,,43413,8131,585,413,172,,,,,,,,83.28,1.12,36551
22-08-2020,,,885193,53290,35150,18129,11,,,161933,92371,69562,,44013,8680,597,422,175,,,,,,,,82.59,1.12,37269
23-08-2020,,,903523,54386,35858,18517,11,,,163029,93283,69746,,44822,8961,603,426,177,,,,,,,,82.41,1.11,38039
24-08-2020,,,921303,55460,36581,18868,11,,,165073,94281,70792,,45405,9442,613,433,180,,,,,,,,81.87,1.11,38784
25-08-2020,,,938914,56608,37332,19265,11,,,167397,95246,72151,,46496,9489,623,440,183,,,,,,,,82.14,1.1,39518
26-08-2020,,,961297,58005,38230,19764,11,,,170657,96324,74333,,47613,9758,634,449,185,,,,,,,,82.08,1.09,40455
27-08-2020,,,985217,59298,39061,20226,11,,,171950,96902,75048,,48690,9962,646,456,190,,,,,,,,82.11,1.09,41467
28-08-2020,,,1008916,60596,39912,20673,11,,,173248,97922,75326,,49710,10225,661,467,194,,,,,,,,82.04,1.09,42448
29-08-2020,,,1035131,61987,40835,21141,11,,,181634,98446,83188,,50711,10606,670,473,197,,,,,,,,81.81,1.08,43544
30-08-2020,,,1060143,63282,41653,21618,11,,,184293,98877,85416,,51620,10980,682,481,201,,,,,,,,81.57,1.08,44579
31-08-2020,,,1079232,64732,42579,22142,11,,,186780,99352,87428,,52672,11371,689,484,205,,,,,,,,81.37,1.06,45370
01-09-2020,,,1100351,66426,43713,22702,11,,,188474,99831,88643,,53835,11885,706,494,212,,,,,,,,81.05,1.06,46263
02-09-2020,,,1121546,68218,44846,23361,11,,,192058,100530,91528,,54875,12622,721,502,219,,,,,,,,80.44,1.06,47172
03-09-2020,,,1143463,70099,46118,23970,11,,,195863,101350,94513,,55889,13470,740,519,221,,,,,,,,79.73,1.06,48129
04-09-2020,,,1167167,71983,47313,24659,11,,,197777,101959,95818,,57171,14053,759,535,224,,,,,,,,79.42,1.05,49138
05-09-2020,,,1187623,74272,48834,25427,11,,,200066,102273,97793,,58580,14911,781,551,230,,,,,,,,78.87,1.05,50040
06-09-2020,,,1211295,76549,50347,26191,11,,,202343,102351,99992,,60051,15692,806,570,236,,,,,,,,78.45,1.05,51069
07-09-2020,,,1231602,78773,51851,26911,11,,,204567,102439,102128,,61611,16333,829,583,246,,,,,,,,78.21,1.05,51954
08-09-2020,,,1246370,81059,53322,27726,11,,,206853,102777,104076,,63315,16890,854,602,252,,,,,,,,78.11,1.05,52624
09-09-2020,,,1280217,83353,54833,28509,11,,,209147,103069,106078,,65143,17328,882,621,261,,,,,,,,78.15,1.06,54059
10-09-2020,,,1306887,85944,56606,29327,11,,,211738,103249,108489,,66705,18332,907,641,266,,,,,,,,77.61,1.06,55212
11-09-2020,,,1336477,88332,58174,30147,11,,,214224,104146,110078,,68525,18875,932,659,273,,,,,,,,77.58,1.06,56473
12-09-2020,,,1363656,91115,59966,31138,11,,,217007,104569,112438,,70713,19446,956,672,284,,,,,,,,77.61,1.05,57659
13-09-2020,,,1389712,93641,61715,31913,13,,,219533,104732,114801,,72587,20079,975,683,292,,,,,,,,77.52,1.04,58778
14-09-2020,,,1411692,96129,63407,32709,13,,,222021,105187,116834,,74712,20417,1000,698,302,,,,,,,,77.72,1.04,59747
15-09-2020,,,1431486,98622,65055,33554,13,,,224514,105549,118965,,77166,20430,1026,719,307,,,,,,,,78.24,1.04,60618
16-09-2020,,,1457859,101316,66808,34495,13,,,227208,105869,121339,,78937,21334,1045,731,314,,,,,,,,77.91,1.03,60618
17-09-2020,,,1483521,103773,68513,35247,13,,,229665,108632,121033,,81690,21014,1069,745,324,,,,,,,,78.72,1.03,62883
18-09-2020,,,1510111,106261,70227,36021,13,,,232153,108863,123290,,83878,21291,1092,761,331,,,,,,,,78.94,1.03,64034
19-09-2020,,,1536019,108952,71998,36941,13,,,234844,108997,125847,,86150,21682,1120,778,342,,,,,,,,79.07,1.03,65147
20-09-2020,,,1563516,111257,73521,37723,13,,,237149,109366,127783,,88697,21411,1149,798,351,,,,,,,,79.72,1.03,66320
21-09-2020,,,1587365,113075,74694,38368,13,,,238967,109782,129185,,90884,21014,1177,820,357,,,,,,,,80.37,1.04,67328
22-09-2020,,,1608589,114870,75871,38986,13,,,240756,110205,130551,,93776,19888,1206,838,368,,,,,,,,81.64,1.05,68244
23-09-2020,,,1634605,116856,77184,39659,13,,,242742,110627,132115,,96347,19276,1233,854,379,,,,,,,,82.45,1.06,69359
24-09-2020,,,1658105,118554,78306,40235,13,,,244440,110962,133478,,98410,18889,1255,871,384,,,,,,,,83.01,1.06,70346
25-09-2020,,,1676711,120578,79560,41005,13,,,246464,111278,135186,,101273,18032,1273,882,391,,,,,,,,83.99,1.06,71137
26-09-2020,,,1698337,122267,80675,41579,13,,,248153,111523,136630,,103827,17149,1291,895,396,,,,,,,,84.92,1.06,72077
27-09-2020,,,1721300,123782,81654,42115,13,,,249668,111852,137816,,105990,16485,1307,906,401,,,,,,,,85.63,1.06,73036
28-09-2020,,,1741188,125412,82705,42694,13,,,251278,112217,139061,,108411,15670,1331,920,411,,,,,,,,86.44,1.06,73881
29-09-2020,,,1760914,126974,83730,43231,13,,,252840,112571,140269,,110814,14804,1356,937,419,,,,,,,,87.27,1.07,74710
30-09-2020,,,1784906,128599,84761,43825,13,,,254465,112892,141573,,112877,14340,1382,954,428,,,,,,,,87.77,1.07,75747
01-10-2020,,,1810686,129912,85598,44301,13,,,255739,113177,142562,,115038,13472,1402,969,433,,,,,,,,88.55,1.08,76808
02-10-2020,,,1835720,131388,86551,44824,13,,,257215,113452,143763,,116716,13247,1425,983,442,,,,,,,,88.83,1.08,77854
03-10-2020,,,1860408,132576,87294,45269,13,,,258403,113765,144638,,118258,12868,1450,1000,450,,,,,,,,89.2,1.09,78866
04-10-2020,,,1881421,133878,88117,45748,13,,,259705,114136,145569,,120341,12067,1470,1037,433,,,,,,,,89.89,1.1,79734
05-10-2020,,,1899393,134909,88715,46181,13,,,260736,114563,146173,,121596,11822,1491,1048,443,,,,,,,,90.13,1.11,80480
06-10-2020,,,1937126,136115,89473,46629,13,,,261942,114936,147006,,123286,11320,1509,1055,454,,,,,,,,90.57,1.11,82018
07-10-2020,,,1960080,137398,90318,47067,13,,,263225,115294,147931,,124841,11029,1528,1068,460,,,,,,,,90.86,1.11,82987
08-10-2020,,,1985376,138682,91159,47510,13,,,264509,115439,149070,,126267,10867,1548,1082,466,,,,,,,,91.05,1.12,84035
09-10-2020,,,2010557,139932,91957,47962,13,,,265759,115793,149966,,127540,10830,1562,1091,471,,,,,,,,91.14,1.12,85079
10-10-2020,,,2037038,141090,92678,48399,13,,,266917,116039,150878,,128841,10677,1572,1097,475,,,,,,,,91.32,1.11,86163
11-10-2020,,,2059967,142155,93345,48797,13,,,267982,116365,151617,,130003,10573,1579,1103,476,,,,,,,,91.45,1.11,87097
12-10-2020,,,2080161,143221,93997,49211,13,,,288951,116656,172295,,131228,10401,1592,1115,477,,,,,,,,91.63,1.11,87924
13-10-2020,,,2099570,144302,94658,49631,13,,,290032,116865,173167,,132382,10319,1601,1122,479,,,,,,,,91.74,1.11,88732
14-10-2020,,,2122372,145507,95415,50079,13,,,291237,116981,174256,,133706,10187,1614,1133,481,,,,,,,,91.89,1.11,89688
15-10-2020,,,2147116,146706,96162,50531,13,,,292436,117118,175318,,134719,10364,1623,1137,486,,,,,,,,91.83,1.11,90704
16-10-2020,,,2171575,147933,96956,50964,13,,,293663,117351,176312,,135858,10441,1634,1141,493,,,,,,,,91.84,1.1,91714
17-10-2020,,,2196371,149081,97679,51389,13,,,294811,117535,177276,,137176,10265,1640,1143,497,,,,,,,,92.01,1.1,92737
18-10-2020,,,2216063,150033,98282,51738,13,,,295763,117653,178110,,138351,10042,1640,1143,497,,,,,,,,92.21,1.09,93549
19-10-2020,,,2231220,151234,99026,52195,13,,,296964,117747,179217,,139511,10075,1648,1146,502,,,,,,,,92.25,1.09,94197
20-10-2020,,,2249081,152174,99621,52540,13,,,297904,117879,180025,,140436,10078,1660,1154,506,,,,,,,,92.29,1.09,94934
21-10-2020,,,2270379,153367,100382,52972,13,,,299097,117987,181110,,141506,10187,1674,1165,509,,,,,,,,92.27,1.09,95819
22-10-2020,,,2295280,154495,101104,53378,13,,,300225,118179,182046,,142798,10009,1688,1173,515,,,,,,,,92.43,1.09,96860
23-10-2020,,,2318573,155765,101894,53858,13,,,301495,118292,183203,,143978,10082,1705,1185,520,,,,,,,,92.43,1.09,97832
24-10-2020,,,2342213,157064,102696,54355,13,,,302794,118368,184426,,145196,10148,1720,1195,525,,,,,,,,92.44,1.1,98819
25-10-2020,,,2363741,158304,103475,54816,13,,,304034,118482,185552,,146282,10295,1727,1199,528,,,,,,,,92.41,1.09,99698
26-10-2020,,,2378724,159457,104190,55254,13,,,305187,118547,186640,,147566,10154,1737,1206,531,,,,,,,,92.54,1.09,100326
27-10-2020,,,2397074,160705,104985,55707,13,,,306435,118671,187764,,148503,10452,1750,1217,533,,,,,,,,92.41,1.09,101084
28-10-2020,,,2419630,162223,105935,56275,13,,,307953,118739,189214,,149451,11014,1758,1223,535,,,,,,,,92.13,1.08,102058
29-10-2020,,,2442239,163817,106878,56926,13,,,309547,118843,190704,,150660,11391,1766,1226,540,,,,,,,,91.97,1.08,103014
30-10-2020,,,2465381,165467,107927,57527,13,,,311197,118924,192273,,151839,11851,1777,1226,551,,,,,,,,91.76,1.07,103987
31-10-2020,,,2487987,167210,109025,58172,13,,,312940,,193926,,153230,12191,1789,1236,553,,,,,,,,91.64,1.07,104953
01-11-2020,,,2506822,168880,110037,58830,13,,,314610,119109,195501,,154451,12634,1795,1242,553,,,,,,,,91.46,1.06,105737
02-11-2020,,,2520247,170446,111051,59382,13,,,316176,119717,196459,,155717,12919,1810,1249,561,,,,,,,,91.36,1.06,106305
03-11-2020,,,2537989,172130,112067,60050,13,,,317860,120045,197815,,156975,13338,1817,1253,564,,,,,,,,91.2,1.06,107087
04-11-2020,,,2559356,174082,113292,60777,13,,,319812,120624,199188,,158136,14110,1836,1263,573,,,,,,,,90.84,1.05,108023
05-11-2020,,,2578623,176146,114587,61546,13,,,321876,121181,200695,,159643,14644,1859,1280,579,,,,,,,,90.63,1.06,108857
06-11-2020,,,2599454,178413,115961,62439,13,,,324143,121876,202267,,161176,15357,1880,1294,586,,,,,,,,90.34,1.05,109769
07-11-2020,,,2623750,180424,117256,63154,14,,,326154,122312,203842,,162814,15713,1897,1301,595,1,,,,,,,90.24,1.05,110820
08-11-2020,,,2646119,182804,118679,64111,14,,,328534,122390,206144,,164444,16448,1912,1312,599,1,,,,,,,89.96,1.05,111779
09-11-2020,,,2662908,185231,119869,65348,14,,,330961,122469,208492,,166595,16717,1919,1316,602,1,,,,,,,89.94,1.04,112517
10-11-2020,,,2683493,187777,121402,66361,14,,,333507,122646,210861,,168421,17421,1935,1328,606,1,,,,,,,89.69,1.03,113439
11-11-2020,,,2683493,187777,121402,66361,14,,,333507,122646,210861,,168421,17421,1935,1328,606,1,,,,,,,89.69,1.03,113439
12-11-2020,,,2732430,193111,124665,68432,14,,,338841,122864,215977,,172265,18867,1979,1357,621,1,,,,,,,89.21,1.02,115595
13-11-2020,,,2755864,195799,126291,69494,14,,,341529,123438,218091,,174380,19413,2006,1375,630,1,,,,,,,89.06,1.02,116620
14-11-2020,,,2776925,197917,127610,70293,14,,,343647,123472,220175,,176368,19538,2011,1378,632,1,,,,,,,89.11,1.02,117528
15-11-2020,,,2791274,199874,128755,71105,14,,,345604,123605,221999,,178298,19557,2019,1384,634,1,,,,,,,89.21,1.01,118151
16-11-2020,,,2800445,202027,130092,71921,14,,,347757,124055,223702,,180647,19342,2038,1398,639,1,,,,,,,89.42,1.01,118572
17-11-2020,,,2812982,204477,131646,72817,14,,,350207,124388,225819,,183261,19153,2063,1414,648,1,,,,,,,89.62,1.01,119179
18-11-2020,,,2835091,207039,133300,73725,14,,,352769,124879,227890,,185403,19543,2093,1433,659,1,,,,,,,89.55,1.01,120184
19-11-2020,,,2860380,209251,134673,74564,14,,,354981,125143,229838,,187559,19579,2113,1449,663,1,,,,,,,89.63,1.01,121270
20-11-2020,,,2889297,212355,136517,75824,14,,,358085,125574,232511,,190067,20150,2138,1472,665,1,,,,,,,89.5,1.01,122543
21-11-2020,,,2921480,215021,138191,76816,14,,,360751,125849,234902,,192533,20325,2163,1489,673,1,,,,,,,89.54,1.01,123925
22-11-2020,,,2953103,217300,139556,77730,14,,,363030,125965,237065,,194768,20344,2188,1505,682,1,,,,,,,89.63,1.01,125250
23-11-2020,,,2975016,219963,141170,78779,14,,,365693,126140,239553,,197335,20412,2216,1523,692,1,,,,,,,89.71,1.01,126209
24-11-2020,,,3005363,222292,142525,79753,14,,,368022,126274,241748,,199278,20765,2249,1547,701,1,,,,,,,89.65,1.01,127512
25-11-2020,,,3039676,224489,143895,80580,14,,,370219,126392,243827,,201250,20948,2291,1574,716,1,,,,,,,89.65,1.02,128981
26-11-2020,44526,3335699,3103597,226611,145154,81443,14,,,372341,126531,245810,,203517,20778,2316,1590,725,1,,,,,,,89.81,1.02,131586
27-11-2020,42353,3378052,3143516,228746,146421,82311,14,,,374476,126848,247628,,206001,20400,2345,1602,742,1,,,,,,,90.06,1.03,133256
28-11-2020,,3413893,3177814,230713,147594,83105,14,,,376443,126949,249494,,208422,19916,2375,1618,756,1,,,,,,,90.34,1.03,134670
29-11-2020,35841,3540820,3218960,232522,148652,83856,14,,,378252,126982,251270,,211216,18905,2401,1634,766,1,,,,,,,90.84,1.03,139677
30-11-2020,30721,3571541,3254060,234126,149698,84414,14,,,379856,127274,252582,,213336,18362,2428,1656,771,1,,,,,,,91.12,1.04,140889
01-12-2020,29721,3601262,3289802,235997,150829,85154,14,,,381727,127517,254210,,215797,17744,2456,1675,780,1,,,,,,,91.44,1.04,142062
02-12-2020,31876,3633138,3326702,237604,151787,85803,14,,,383334,127954,255380,,218443,16673,2488,1694,793,1,,,,,,,91.94,1.05,143319
03-12-2020,36738,3669876,3366702,239239,152802,86423,14,,,384969,128252,256717,,221203,15516,2520,1719,800,1,,,,,,,92.46,1.05,144768
04-12-2020,37563,3707439,3407802,240841,153759,87068,14,,,386571,128491,258080,,223973,14329,2539,1731,807,1,,,,,,,93,1.05,146250
05-12-2020,37641,3745080,3448402,242398,154710,87674,14,,,388128,128491,259637,,226524,13310,2564,1745,818,1,,,,,,,93.45,1.06,147735
06-12-2020,37539,3782619,3486902,243896,155586,88296,14,,,389626,128610,261016,,228411,12897,2588,1760,827,1,,,,,,,93.65,1.06,149216
07-12-2020,24151,3806770,3516402,245288,156419,88855,14,,,391018,128764,262254,,230551,12126,2611,1772,838,1,,,,,,,93.99,1.06,150168
08-12-2020,35383,3842153,3555002,246679,157271,89394,14,,,392409,128833,263576,,232108,11947,2624,1784,839,1,,,,,,,94.09,1.06,151564
09-12-2020,28926,3871079,3588102,248079,158096,89969,14,,,393809,129010,264799,,233696,11733,2650,1801,848,1,,,,,,,94.2,1.07,152705
10-12-2020,31179,3902258,3622002,249329,158845,90470,14,,,395059,129205,265854,,235197,11456,2676,1822,853,1,,,,,,,94.33,1.07,153935
11-12-2020,29842,3932100,3655002,250394,159467,90913,14,,,396124,129322,266802,,237009,10686,2699,1833,865,1,,,,,,,94.65,1.08,155112
12-12-2020,27788,3959888,3686120,251402,160041,91347,14,,,397132,129419,267713,,238374,10318,2710,1839,870,1,,,,,,,94.82,1.08,156209
13-12-2020,33922,3993810,3721620,252392,160655,91723,14,,,398112,129536,268576,,239800,9875,2717,1845,871,1,,,,,,,95.01,1.08,157547
14-12-2020,23328,4017138,3747920,253385,161207,92164,14,,,399105,129653,269452,,241544,9108,2733,1855,877,1,,,,,,,95.33,1.08,158467
15-12-2020,27762,4044900,3776875,254207,161703,92490,14,,,399927,130247,269680,,243224,8232,2751,1870,880,1,,,,,,,95.68,1.08,159562
16-12-2020,33607,4078507,3811475,255014,162189,92811,14,,,400734,130471,270263,,244676,7573,2765,1879,885,1,,,,,,,95.95,1.08,160888
17-12-2020,34553,4113060,3846974,255728,162591,93123,14,,,401448,130710,270738,,245933,7013,2782,1890,891,1,,,,,,,96.17,1.09,162251
18-12-2020,35339,4148399,3882660,256477,163019,93444,14,,,402197,130949,271248,,247097,6577,2803,1903,899,1,,,,,,,96.34,1.09,163645
19-12-2020,34538,4182937,3916941,257067,163382,93671,14,,,402787,131088,271699,,248172,6079,2816,1911,904,1,,,,,,,96.54,1.1,165007
20-12-2020,36129,4219066,3953224,257644,163737,93893,14,,,403364,131272,272092,,248935,5888,2821,1912,908,1,,,,,,,96.62,1.09,166433
23-12-2020,39500,4314166,4048073,259226,164645,94566,15,,,404946,132315,272631,,251149,5230,2847,1926,920,1,,,,,,,96.88,1.1,170184
24-12-2020,41612,4355778,4089147,259745,164976,94754,15,,,405465,132620,272845,,251908,4983,2854,1931,922,1,,,,,,,96.98,1.1,171826
25-12-2020,33222,4389000,4122313,260153,165226,94912,15,,,405873,132729,273144,,252545,4750,2858,1934,923,1,,,,,,,97.08,1.1,173136
26-12-2020,25846,4414846,4147911,260545,165467,95063,15,,,406265,133012,273253,,253145,4535,2865,1938,926,1,,,,,,,97.16,1.1,174156
27-12-2020,29978,4444824,4177389,260907,165691,95201,15,,,406627,133242,273385,,253765,4268,2874,1944,929,1,,,,,,,97.26,1.1,175338
28-12-2020,18733,4463557,4195934,261258,165903,95340,15,,,406978,133620,273358,,254336,4040,2882,1948,933,1,,,,,,,97.35,1.1,176077
29-12-2020,28465,4492022,4223939,261672,166156,95501,15,,,407392,133962,273430,,254880,3900,2892,1954,937,1,,,,,,,97.4,1.11,177200
30-12-2020,32476,4524498,4255805,262054,166385,95654,15,,,407774,134290,273484,,255356,3799,2899,1960,938,1,,,,,,,97.44,1.11,178481
31-12-2020,29658,4554156,4285090,262325,166538,95772,15,,,408045,134574,273471,,255853,3567,2905,1964,940,1,,,,,,,97.53,1.11,179651
01-01-2021,26038,4580194,4311362,262611,166714,95882,15,,,408331,134825,273506,,256386,3314,2911,1970,940,1,,,,,,,97.63,1.11,180678
02-01-2021,22383,4602577,4333495,262850,166856,95979,15,,,408570,134912,273658,,256811,3124,2915,1972,942,1,,,,,,,97.7,1.11,181516
03-01-2021,24251,4626828,4357464,263068,166992,96061,15,,,408788,134949,273839,,257261,2890,2917,1973,943,1,,,,,,,97.79,1.11,182518
04-01-2021,17578,4644406,4375124,263312,167130,96167,15,,,409032,135240,273792,,257652,2737,2923,1976,946,1,,,,,,,97.85,1.11,183211
05-01-2021,23721,4668127,4398470,263571,167287,96269,15,,,409291,135516,273775,,257952,2692,2927,1978,948,1,,,,,,,97.87,1.11,184147
06-01-2021,23961,4692088,4422094,263887,167480,96392,15,,,409607,135841,273766,,258281,2672,2934,1983,950,1,,,,,,,97.88,1.11,185092
07-01-2021,28353,4720441,4450570,264161,167673,96473,15,,,409881,136294,273587,,258658,2563,2940,1986,953,1,,,,,,,97.92,1.11,186211
08-01-2021,26779,4747220,4477131,264442,167835,96592,15,,,410162,136711,273451,,258998,2501,2943,1988,954,1,,,,,,,97.94,1.11,187267
09-01-2021,28170,4775390,4504789,264721,167999,96707,15,,,410441,136968,273473,,259209,2563,2949,1993,955,1,,,,,,,97.92,1.11,188378
10-01-2021,26964,4802354,4531920,264955,168142,96798,15,,,410675,137028,273647,,259495,2510,2950,1993,956,1,,,,,,,97.94,1.11,189442
11-01-2021,17532,4819886,4549096,265199,168283,96901,15,,,410919,137317,273602,,259696,2547,2956,1998,957,1,,,,,,,97.92,1.11,190134
12-01-2021,22521,4842407,4571835,265391,168397,96979,15,,,411111,137784,273327,,259986,2441,2964,2004,959,1,,,,,,,97.96,1.12,191022
13-01-2021,25011,4867418,4596464,265616,168548,97053,15,,,411336,138498,272838,,260236,2414,2966,2005,960,1,,,,,,,97.97,1.12,192009
14-01-2021,22912,4890330,4619347,265803,168615,97173,15,,,413523,138846,274677,,260565,2266,2972,2008,963,1,,,,,,,98.03,1.12,192912
15-01-2021,19504,4909834,4638878,265964,168703,97246,15,,,416684,139593,277091,,260801,2184,2979,2014,964,1,,,,,,,98.06,1.12,193682
16-01-2021,21828,4931662,4660539,266131,168804,97312,15,,,417851,140052,277799,,261019,2129,2983,2016,966,1,,,,,,,98.08,1.12,194543
17-01-2021,19862,4951524,4680507,266309,168902,97392,15,,,420029,140323,279706,,261230,2094,2985,2016,968,1,,,,,,,98.09,1.12,195326
18-01-2021,13029,4964553,4693781,266428,168972,97441,15,,,422148,140894,281254,,261510,1929,2989,2019,969,1,,,,,,,98.15,1.12,195840
19-01-2021,22692,4987245,4715987,266581,169056,97510,15,,,424301,141596,282705,,261751,1837,2993,2022,970,1,,,,,,,98.19,1.12,196736
20-01-2021,21546,5008791,4737462,266686,169123,97548,15,,,425006,141698,283308,,261955,1734,2997,2026,970,1,,,,,,,98.23,1.12,197585
21-01-2021,13174,5021965,4751239,266819,169198,97606,15,,,428139,142428,285711,,262140,1679,3000,2028,971,1,,,,,,,98.25,1.12,198105
22-01-2021,20427,5042392,4771140,266939,169260,97664,15,,,,,,,262349,1585,3005,2033,971,1,,,,,,,98.28,1.13,198911
23-01-2021,18953,5061345,4789977,267075,169339,97721,15,,,,,,,262507,1559,3009,2035,973,1,,,,,,,98.29,1.13,199659
24-01-2021,15999,5077344,4806200,267203,169414,97774,15,,,,,,,262682,1511,3010,2035,974,1,,,,,,,98.31,1.13,200290
25-01-2021,10011,5087355,4816654,267321,169479,97827,15,,,,,,,262929,1378,3014,2037,976,1,,,,,,,98.36,1.13,200685
26-01-2021,15680,5103035,4831799,267417,169545,97857,15,,,,,,,263119,1284,3014,2037,976,1,,,,,,,98.39,1.13,201303
27-01-2021,9296,5112331,4841513,267504,169598,97891,15,,,,,,,263236,1254,3014,2037,976,1,,,,,,,98.4,1.13,201670
28-01-2021,15476,5127807,4856466,267601,169663,97923,15,,,,,,,263347,1240,3014,2037,976,1,,,,,,,98.41,1.13,202280
29-01-2021,16474,5144281,4872696,267708,169725,97968,15,,,,,,,263501,1192,3015,2038,976,1,,,,,,,98.43,1.13,202930
30-01-2021,15507,5159788,4888338,267805,169784,98006,15,,,,,,,263654,1134,3017,2039,977,1,,,,,,,98.45,1.13,203542
31-01-2021,12542,5172330,4901083,267897,169835,98047,15,,,,,,,263764,1115,3018,2040,977,1,,,,,,,98.46,1.13,204037
01-02-2021,8290,5180620,4909677,267989,169884,98090,15,,,,,,,263886,1081,3022,2043,978,1,,,,,,,98.47,1.13,204364
02-02-2021,15792,5196412,4925048,268067,169936,98116,15,,,,,,,263989,1055,3023,2044,978,1,,,,,,,98.48,1.13,204987
03-02-2021,22511,5218923,4946890,268136,169976,98145,15,,,,,,,264093,1019,3024,2045,978,1,,,,,,,98.49,1.13,205875
04-02-2021,30326,5249249,4977063,268209,170010,98184,15,,,,,,,264221,962,3026,2046,979,1,,,,,,,98.51,1.13,207071
05-02-2021,26426,5275675,5002998,268293,170061,98217,15,,,,,,,264317,949,3027,2047,979,1,,,,,,,98.52,1.13,208113
06-02-2021,27549,5303224,5030692,268364,170101,98248,15,,,,,,,264429,908,3027,2047,979,1,,,,,,,98.53,1.13,209200
07-02-2021,21946,5325170,5052755,268431,170143,98273,15,,,,,,,264519,883,3029,2048,980,1,,,,,,,98.54,1.13,210066
08-02-2021,12097,5337267,5065497,268507,170185,98307,15,,,,,,,264608,870,3029,2048,980,1,,,,,,,98.55,1.13,210543
09-02-2021,21259,5358526,5086133,268600,170240,98345,15,,,,,,,264713,854,3033,2052,980,1,,,,,,,98.55,1.13,211382
10-02-2021,21535,5380061,5107320,268677,170290,98372,15,,,,,,,264820,824,3033,2052,980,1,,,,,,,98.56,1.13,212231
11-02-2021,20954,5401015,5128092,268783,170359,98409,15,,,,,,,264901,848,3034,2053,980,1,,,,,,,98.56,1.13,213058
12-02-2021,19415,5420430,5147740,268887,170414,98458,15,,,,,,,265015,837,3035,2054,980,1,,,,,,,98.56,1.13,213824
13-02-2021,19317,5439747,5166699,268969,170460,98494,15,,,,,,,265085,845,3039,2057,981,1,,,,,,,98.56,1.13,214586
14-02-2021,14767,5454514,5181772,269046,170496,98535,15,,,,,,,265155,852,3039,2057,981,1,,,,,,,98.55,1.13,215168
15-02-2021,9278,5463792,5191581,269154,170541,98598,15,,,,,,,265212,903,3039,2057,981,1,,,,,,,98.54,1.13,215534
16-02-2021,14961,5478753,5205960,269240,170591,98634,15,,,,,,,265381,819,3040,2058,981,1,,,,,,,98.57,1.13,216124
17-02-2021,10343,5489096,5216454,269322,170633,98674,15,,,,,,,265455,826,3041,2058,982,1,,,,,,,98.56,1.13,216532
18-02-2021,15904,5505000,5232132,269405,170685,98705,15,,,,,,,265549,814,3042,2058,983,1,,,,,,,98.57,1.13,217160
19-02-2021,18274,5523274,5249973,269498,170738,98745,15,,,,,,,265643,813,3042,2058,983,1,,,,,,,98.57,1.13,217881
20-02-2021,17062,5540336,5266993,269609,170793,98800,15,,,,,,,265751,816,3042,2058,983,1,,,,,,,98.57,1.13,218554
21-02-2021,14655,5554991,5281722,269730,170860,98855,15,,,,,,,265827,861,3042,2058,983,1,,,,,,,98.55,1.13,219132
22-02-2021,8758,5563749,5291162,269836,170916,98905,15,,,,,,,265920,874,3042,2058,983,1,,,,,,,98.55,1.13,219477
23-02-2021,14330,5578079,5304693,269967,170999,98953,15,,,,,,,266017,908,3042,2058,983,1,,,,,,,98.54,1.13,220043
24-02-2021,17722,5595801,5321800,270097,171078,99004,15,,,,,,,266099,955,3043,2058,984,1,,,,,,,98.52,1.13,220742
25-02-2021,19006,5614807,5340701,270263,171175,99073,15,,,,,,,266166,1054,3043,2058,984,1,,,,,,,98.48,1.13,221491
26-02-2021,21236,5636043,5361950,270411,171255,99140,16,,,,,,,266264,1103,3044,2059,984,1,,,,,,,98.47,1.13,222329
27-02-2021,21217,5657260,5382482,270610,171363,99231,16,,,,,,,266358,1205,3047,2059,987,1,,,,,,,98.43,1.13,223166
28-02-2021,12724,5669984,5396278,270784,171466,99302,16,,,,,,,266461,1275,3048,2060,987,1,,,,,,,98.4,1.13,223668
01-03-2021,8615,5678599,5405118,270950,171560,99374,16,,,,,,,266612,1288,3050,2061,988,1,,,,,,,98.4,1.13,224008
02-03-2021,18684,5697283,5423353,271125,171653,99456,16,,,,,,,266725,1348,3052,2062,989,1,,,,,,,98.38,1.13,224745
03-03-2021,20526,5717809,5443032,271365,171788,99561,16,,,,,,,266843,1470,3052,2062,989,1,,,,,,,98.33,1.12,225555
04-03-2021,21617,5739426,5464313,271659,171957,99686,16,,,,,,,266992,1615,3052,2062,989,1,,,,,,,98.28,1.12,226407
05-03-2021,21100,5760526,5485260,271892,172028,99848,16,,,,,,,267116,1723,3053,2062,990,1,,,,,,,98.24,1.12,227240
06-03-2021,19505,5780031,5504474,272215,172205,99994,16,,,,,,,267261,1898,3056,2064,991,1,,,,,,,98.18,1.12,228009
07-03-2021,16966,5796997,5521598,272520,172369,100135,16,,,,,,,267433,2031,3056,2064,991,1,,,,,,,98.13,1.12,228678
08-03-2021,9380,5806377,5531744,272751,172508,100227,16,,,,,,,267610,2083,3058,2065,992,1,,,,,,,98.12,1.12,229048
09-03-2021,17571,5823948,5540806,273087,172706,100365,16,,,,,,,267762,2263,3062,2068,993,1,,,,,,,98.05,1.12,229742
10-03-2021,22031,5845979,5558672,273446,172921,100509,16,,,,,,,267942,2440,3064,2070,993,1,,,,,,,97.99,1.12,230611
11-03-2021,18437,5864416,5573143,273888,173203,100669,16,,,,,,,268144,2679,3065,2071,993,1,,,,,,,97.9,1.12,231338
12-03-2021,12839,5877255,5588403,274273,173424,100833,16,,,,,,,268397,2807,3069,2073,995,1,,,,,,,97.86,1.12,231844
13-03-2021,18522,5895777,,274697,173660,101021,16,,,,,,,268672,2952,3073,2077,995,1,,,,,,,97.81,1.12,232575
14-03-2021,18096,5913873,,275137,173913,101208,16,,,,,,,268968,3095,3074,2078,995,1,,,,,,,97.76,1.12,233289
15-03-2021,11393,5925266,,275557,174165,101376,16,,,,,,,269268,3212,3077,2081,995,1,,,,,,,97.72,1.12,233738
16-03-2021,16907,5942173,,276080,174465,101599,16,,,,,,,269517,3484,3079,2082,996,1,,,,,,,97.62,1.12,234405
17-03-2021,19279,5961452,,276635,174790,101829,16,,,,,,,269812,3740,3083,2084,998,1,14199,13090,1109,,,,97.53,1.11,235166
18-03-2021,20863,5982315,,277268,175141,102111,16,,,,,,,270222,3957,3089,2089,999,1,68858,66246,2612,,,,97.46,1.11,235989
19-03-2021,22950,6005265,,278140,175637,102487,16,,,,,,,270670,4380,3090,2090,999,1,60944,57510,3434,,,,97.31,1.11,236894
20-03-2021,23543,6028808,,278961,176101,102844,16,,,,,,,271038,4830,3093,2091,1001,1,14581,13492,1089,,,,97.16,1.11,237823
21-03-2021,24068,6052876,,279828,176573,103239,16,,,,,,,271375,5355,3098,2095,1002,1,523,462,61,,,,96.98,1.11,238772
22-03-2021,13896,6066772,,280693,177043,103634,16,,,,,,,271894,5698,3101,2096,1004,1,249362,242655,6707,,,,96.87,1.1,239320
23-03-2021,21340,6088112,,281588,177557,104015,16,,,,,,,272335,6149,3104,2096,1007,1,43116,41785,1331,,,,96.71,1.1,240162
24-03-2021,19135,6107247,,282569,178156,104397,16,,,,,,,272714,6745,3110,2100,1009,1,13171,12144,1027,,,,96.51,1.1,240917
25-03-2021,27119,6134366,,283622,178750,104856,16,,,,,,,273276,7229,3117,2102,1014,1,48149,45969,2180,,,,96.35,1.1,241987
26-03-2021,28320,6162686,,284944,179514,105414,16,,,,,,,274024,7795,3125,2104,1020,1,40878,39268,1610,,,,96.17,1.1,243104
27-03-2021,24821,6187507,,286327,180290,106021,16,,,,,,,274785,8410,3132,2111,1020,1,15508,14902,606,,,,95.97,1.09,244083
28-03-2021,23724,6211231,,287719,181049,106654,16,,,,,,,275458,9120,3141,2117,1023,1,1215,1209,6,,,,95.74,1.09,245019
30-03-2021,8490,6233290,,289694,182138,107540,16,,,,,,,277110,9437,3147,2120,1026,1,163299,,,,,,95.66,1.09,245889
31-03-2021,22896,6256186,,290800,182761,108023,16,,,,,,,277919,9726,3155,2124,1030,1,108900,106244,2656,,,,95.57,1.08,246792
01-04-2021,26420,6282606,,292409,183690,108703,16,,,,,,,278883,10362,3164,2130,1033,1,110201,,,,,,95.37,1.08,247835
02-04-2021,29128,6311734,,294270,184815,109439,16,,,,,,,280074,11022,3174,2139,1034,1,76988,72552,4436,,,,95.18,1.08,248984
03-04-2021,30998,6342732,,296229,185933,110280,16,,,,,,,281258,11787,3184,2146,1037,1,55038,52593,2445,,,,94.95,1.07,250206
04-04-2021,28407,6371139,,298133,187019,111098,16,,,,,,,282368,12574,3191,2149,1041,1,34304,33589,715,,,,94.71,1.07,251327
05-04-2021,18663,6389802,,300173,188173,111984,16,,,,,,,283869,13105,3199,2152,1046,1,144202,138753,5449,,,,94.57,1.07,252063
06-04-2021,32449,6422251,,302272,189345,112911,16,,,,,,,284984,14080,3208,2156,1051,1,84950,79451,5499,,,,94.28,1.06,253343
07-04-2021,32584,6454835,,304638,190618,114004,16,,,,,,,286182,15237,3219,2163,1055,1,29836,27164,2672,,,,93.94,1.06,254629
08-04-2021,32963,6487798,,307510,192311,115183,16,,,,,,,287151,17129,3230,2170,1059,1,84548,79157,5391,,,,93.38,1.05,255929
09-04-2021,36226,6524024,,310504,194042,116446,16,,,,,,,289121,18142,3241,2177,1063,1,93405,84693,8712,,,,93.11,1.04,257358
10-04-2021,34236,6558260,,313441,195750,117675,16,,,,,,,290736,19453,3252,2183,1068,1,50845,44609,6236,,,,92.76,1.04,258708
11-04-2021,34856,6593116,,316881,197794,119071,16,,,,,,,292632,20981,3268,2190,1077,1,113917,106666,7251,,,,92.35,1.03,260083
12-04-2021,24988,6618104,,320699,200016,120667,16,,,,,,,294930,22487,3282,2198,1083,1,179570,158367,21203,,,,91.96,1.02,261069
13-04-2021,34828,6652932,,324544,202268,122260,16,,,,,,,297039,24207,3298,2208,1089,1,168828,144827,24001,,,,91.53,1.02,262443
14-04-2021,39543,6692475,,329942,205405,124521,16,,,,,,,299205,27421,3316,2217,1098,1,175012,138637,36375,,,,90.68,1.01,264003
15-04-2021,31493,6723968,,335800,208835,126949,16,,,,,,,301948,30518,3334,2230,1103,1,42575,29236,13339,,,,89.92,0.99,265245
16-04-2021,41658,6765626,,342077,212539,129522,16,,,,,,,304906,33817,3354,2241,1112,1,66640,45551,21089,,,,89.13,0.98,266889
17-04-2021,43987,6809613,,349794,217069,132709,16,,,,,,,307850,38558,3386,2262,1123,1,55670,38672,16998,,,,88.01,0.97,268624
18-04-2021,43883,6853496,,356971,221388,135567,16,,,,,,,311339,42217,3415,2281,1133,1,31579,23500,8079,,,,87.22,0.96,270355
19-04-2021,32278,6885774,,363813,225585,138212,16,,6842,,,,,315002,45363,3448,2305,1142,1,87126,52423,34703,3275445,,,86.58,0.95,271628
20-04-2021,46756,6932530,,371624,230343,141265,16,,7811,,,,,318369,49772,3483,2327,1155,1,72103,44694,27409,3347548,,,85.67,0.94,273473
21-04-2021,45826,6978356,,381247,236072,145159,16,,9623,,,,,322297,55422,3528,2351,1176,1,38944,24299,14645,3386492,,,84.54,0.93,275280
22-04-2021,40687,7019043,,390989,242029,148944,16,,9742,,,,,328809,58597,3583,2382,1200,1,46951,29307,17644,3433443,,,84.1,0.92,276885
23-04-2021,49152,7068195,,402843,249358,153469,16,,11854,,,,,335143,64057,3643,2416,1226,1,81030,49110,31920,3514473,,,83.19,0.9,278824
24-04-2021,49069,7117264,,413334,255785,157533,16,,10491,,,,,340247,69384,3703,2447,1255,1,66812,43828,22984,3581285,,,82.32,0.9,280760
25-04-2021,46989,7164253,,424319,262414,161889,16,,10985,,,,,346304,74248,3767,2490,1276,1,35909,24819,11090,3617194,,,81.61,0.89,282614
26-04-2021,35523,7199776,,435823,269533,166274,16,,11504,,,,,352515,79466,3842,2540,1301,1,51239,31580,19659,3668433,,,80.88,0.88,284015
27-04-2021,47198,7246974,,447754,276706,171032,16,,11931,,,,,359699,84129,3926,2583,1342,1,33665,21106,12559,3702098,,,80.33,0.88,285877
28-04-2021,48740,7295714,,460198,284357,175824,17,,12444,,,,,367317,88860,4021,2641,1379,1,37461,21681,15780,3739559,,,79.82,0.87,287799
29-04-2021,48705,7344419,,474145,292742,181386,17,,13947,,,,,376852,93175,4118,2697,1420,1,44041,25831,18210,3783600,,,79.48,0.87,289721
30-04-2021,50031,7394450,,487978,301079,186882,17,,13833,,,,,386200,97562,4216,2755,1460,1,29674,17520,12154,3813274,,,79.14,0.86,291694
01-05-2021,50823,7445273,,501566,309426,192123,17,,13588,,,,,394709,102516,4341,2834,1506,1,15668,9969,5699,3828942,,,78.7,0.87,293699
02-05-2021,50230,7495503,,514888,317417,197454,17,,13322,,,,,405132,105270,4486,2912,1573,1,18692,17581,1111,3847634,,,78.68,0.87,295681
03-05-2021,48566,7544069,,527773,325281,202475,17,,12885,,,,,418425,104722,4626,2993,1632,1,56172,49035,7137,3903806,,,79.28,0.88,297596
04-05-2021,58408,7602477,,543559,334541,209001,17,,15786,,,,,429950,108830,4779,3084,1694,1,67726,52988,14738,3971532,,,79.1,0.88,299900
05-05-2021,51453,7653930,,558975,343674,215284,17,,15416,,,,,440590,113425,4960,3198,1761,1,56103,36358,19745,4027635,,,78.82,0.89,301930
06-05-2021,52132,7706062,,573815,352594,221204,17,,14840,,,,,452836,115842,5137,3309,1827,1,97618,63993,33625,4125253,29.92,7.48,78.92,0.9,303987
07-05-2021,52514,7758576,,587682,360786,226879,17,,13867,,,,,466420,115963,5299,3399,1899,1,103933,60356,43577,4229186,26.27,7.6,79.37,0.9,306058
08-05-2021,55555,7814131,,602349,369591,232741,17,,14667,,,,,480786,116109,5454,3487,1966,1,71730,43732,27998,4300916,27.59,7.74,79.82,0.91,308250
10-05-2021,49703,7919278,,628615,385038,243560,17,,12718,,,,104029,509617,113232,5766,3663,2102,1,128792,74146,54646,4488920,25.3,7.97,81.07,0.92,312398
11-05-2021,64874,7984152,,640252,391916,248319,17,,11637,,,,100315,525345,108997,5910,3749,2160,1,104902,60701,44201,4593822,21.46,8.07,82.05,0.92,314957
12-05-2021,68122,8052274,,652742,399455,253270,17,,12490,,,,93665,539609,107058,6075,3841,2233,1,64544,40818,23726,4658366,18.84,8.16,82.67,0.93,317644
13-05-2021,65141,8117415,,665028,406912,258099,17,,12286,,,,91973,555650,103140,6238,3941,2296,1,97819,55569,42250,4756185,17.85,8.24,83.55,0.94,320214
14-05-2021,64912,8182327,,675636,413380,262239,17,,10608,,,,87836,570227,99007,6402,4045,2356,1,50716,29475,21241,4806901,15.94,8.3,84.4,0.95,322774
16-05-2021,60539,8299423,,694427,424674,269736,17,,9115,,,,82242,597676,90066,6685,4216,2468,1,43887,40813,3074,4896395,15.34,8.41,86.07,0.96,327393
17-05-2021,49934,8349357,,701915,429123,272775,17,,7488,,,,76310,611955,83161,6799,4294,2504,1,57284,53988,3296,4953679,14.94,8.45,87.18,0.97,329363
18-05-2021,60457,8409814,,709689,433815,275857,17,,7774,,,,67666,626852,75914,6923,4376,2546,1,57638,55360,2278,5011317,13.7,8.48,88.33,0.98,331748
19-05-2021,69780,8479594,,716507,437955,278535,17,,6818,,,,63052,638673,70758,7076,4465,2610,1,49202,45402,3800,5060519,11.27,8.5,89.14,0.99,334501
20-05-2021,50222,8529816,,722964,441883,281064,17,,6457,,,,58220,653407,62352,7205,4541,2663,1,68844,65985,2859,5129363,10.84,8.52,90.38,1,336482
21-05-2021,55446,8585262,,728607,445355,283235,17,,5643,,,,48714,666893,54397,7317,4607,2709,1,73571,71027,2544,5202934,9.83,8.53,91.53,1,338669
24-05-2021,45100,8737182,,741785,453399,288369,17,,3757,,,,31726,696059,38119,7607,4781,2825,1,91578,87457,4121,5372311,7.7,8.52,93.84,1.03,344662
25-05-2021,50545,8787727,,744602,455113,289472,17,,2817,,,,27779,702779,34088,7735,4860,2874,1,66904,61985,4919,5439215,6.47,8.51,94.38,1.04,346656
26-05-2021,52762,8840489,,747740,457044,290679,17,,3138,,,,25706,708255,31644,7841,4923,2917,1,44151,40822,3329,5483366,6.02,8.5,94.72,1.05,348737
27-05-2021,44274,8884763,,750062,458465,291580,17,,2322,,,,24215,713934,28189,7939,4982,2956,1,55559,49199,6360,5538925,5.51,8.48,95.18,1.06,350484
28-05-2021,46626,8931389,,752069,459660,292392,17,,2007,,,,21398,718959,25075,8035,5043,2991,1,53781,46782,6999,5592706,4.48,8.46,95.6,1.07,352323
29-05-2021,46994,8978383,,753937,460787,293133,17,,1868,,,,18421,722711,23094,8132,5099,3032,1,45797,37097,8700,5638503,3.88,8.44,95.86,1.08,354177
31-05-2021,29334,9050306,,756635,462401,294217,17,,1246,,,,14584,729752,18580,8303,5194,3108,1,51323,46387,4936,5712100,3.18,8.39,96.45,1.1,357014
01-06-2021,40635,9090941,,757868,463154,294697,17,,1233,,,,12972,733205,16280,8383,5247,3135,1,57919,53169,4750,5770019,2.93,8.36,96.75,1.11,358617
02-06-2021,42675,9133616,,759039,463835,295187,17,,1171,,,,11309,735910,14668,8461,5296,3164,1,61491,58320,3171,5831510,2.8,8.34,96.95,1.11,360300
03-06-2021,44334,9177950,,760019,464428,295574,17,,980,,,,10343,738799,12688,8532,5336,3195,1,67359,63211,4148,5898869,2.49,8.31,97.21,1.12,362049
04-06-2021,41083,9219033,,760914,464951,295946,17,,895,,,,9143,741255,11054,8605,5381,3223,1,53523,49310,4213,5952392,2.13,8.29,97.42,1.13,363670
05-06-2021,41467,9260500,,761637,465359,296261,17,,723,,,,8202,742999,9974,8664,5424,3239,1,43591,40328,3263,5995983,1.87,8.26,97.55,1.14,365306
07-06-2021,26744,9323986,,762931,466147,296767,17,,640,,,,6386,746156,8024,8751,5475,3275,1,42419,37508,4911,6060728,1.65,8.2,97.8,1.15,367810
08-06-2021,33930,9357916,,763566,466538,297011,17,,635,,,,5592,747246,7531,8789,5499,3289,1,47129,42153,4976,6107857,1.6,8.18,97.86,1.15,369149
09-06-2021,34997,9392913,,764094,466871,297206,17,,528,,,,4993,748186,7079,8829,5529,3299,1,85508,79707,5801,6193365,1.57,8.15,97.92,1.16,370529
10-06-2021,39189,9432102,,764633,467209,297407,17,,539,,,,4778,749407,6365,8861,5551,3309,1,122371,113000,9371,6315736,1.42,8.13,98.01,1.16,372075
11-06-2021,39365,9471467,,765096,467491,297588,17,,463,,,,4038,750443,5749,8904,5575,3328,1,97363,86844,10519,6413099,1.24,8.1,98.08,1.16,373628
12-06-2021,34784,9506251,,765522,467756,297749,17,,426,,,,3512,751387,5186,8949,5605,3343,1,74654,68167,6487,6487753,1.23,8.07,98.15,1.17,375000
14-06-2021,23827,9562451,,766129,468144,297968,17,,268,,,,2786,753020,4077,9032,5649,3382,1,86659,75558,11101,6608145,0.94,8.03,98.29,1.18,377217
15-06-2021,32216,9594667,,766357,468288,298052,17,,228,,,,2455,753584,3703,9070,5675,3394,1,74052,61615,12437,6682197,0.75,8.01,98.33,1.18,378488
16-06-2021,32555,9627222,,766606,468440,298149,17,,249,,,,2210,753918,3579,9109,5704,3404,1,61964,52141,9823,6744161,0.76,7.98,98.34,1.19,379772
17-06-2021,30596,9657818,,766838,468583,298238,17,,232,,,,2087,754464,3227,9147,5725,3421,1,123054,106628,16426,6867215,0.76,7.96,98.39,1.19,380979
18-06-2021,34168,9691986,,767047,468703,298327,17,,209,,,,1913,754924,2940,9183,5742,3440,1,83862,70594,13268,6951077,0.67,7.94,98.42,1.2,382327
21-06-2021,20429,9773565,,767580,469041,298522,17,,162,,,,1295,755968,2337,9275,5802,3472,1,627136,564273,62863,7659624,0.61,7.87,98.49,1.21,385545
22-06-2021,32518,9806083,,767726,469140,298569,17,,146,,,,1172,756231,2200,9295,5811,3483,1,71707,59428,12279,7969595,0.46,7.85,98.5,1.21,386828
23-06-2021,30061,9836144,,767900,469243,298640,17,,174,,,,1075,756426,2160,9314,5824,3489,1,60789,49049,11740,8059232,0.57,7.82,98.51,1.21,388014
24-06-2021,30352,9866496,,768002,469307,298678,17,,102,,,,1028,756679,1990,9333,5834,3498,1,68188,55495,12693,8136116,0.34,7.8,98.53,1.22,389211
25-06-2021,25250,9891746,,768142,469383,298742,17,,140,,,,893,756864,1927,9351,5842,3508,1,140408,108008,32400,8305690,0.5,7.78,98.53,1.22,390207
26-06-2021,29982,9921728,,768263,469449,298797,17,,121,,,,839,757091,1804,9368,5854,3513,1,117324,90097,27227,8423014,0.41,7.76,98.55,1.22,391390
28-06-2021,21525,9974316,,768474,469575,298882,17,,96,,,,698,757480,1593,9401,5876,3524,1,136570,97909,38661,8607083,0.4,7.72,98.57,1.22,393464
29-06-2021,31745,10006061,,768552,469619,298916,17,,78,,,,656,757640,1495,9417,5886,3530,1,138172,97205,40967,8745255,0.26,7.7,98.58,1.23,394716
30-06-2021,33106,10039167,,768639,469676,298946,17,,87,,,,597,757771,1437,9431,5894,3536,1,105274,70295,34979,8850529,0.27,7.67,98.59,1.23,396022
03-07-2021,33364,10139882,,768852,469805,299030,17,,52,,,,512,758144,1234,9474,5920,3553,1,141467,100979,40488,9350852,0.16,7.6,98.61,1.23,399995
04-07-2021,29410,10169292,,768903,469838,299048,17,,51,,,,485,758231,1186,9486,5922,3563,1,56389,39701,16688,9407241,0.18,7.58,98.61,1.23,401156
05-07-2021,22008,10191300,,768957,469873,299067,17,,54,,,,456,758348,1113,9496,5931,3564,1,102539,65208,37331,9509780,0.21,7.56,98.62,1.23,402024
06-07-2021,31838,10223138,,769030,469917,299096,17,,73,,,,415,758442,1082,9506,5936,3569,1,68852,42863,25989,9578632,0.24,7.54,98.62,1.24,403280
07-07-2021,30620,10253758,,769093,469957,299119,17,,63,,,,380,758512,1066,9515,5942,3572,1,37455,20865,16590,9616087,0.21,7.52,98.62,1.24,404487
08-07-2021,28615,10282373,,769148,470001,299130,17,,55,,,,388,758589,1034,9525,5949,3575,1,39077,21830,17247,9655164,0.19,7.5,98.63,1.24,405616
09-07-2021,29542,10311915,,769205,470037,299151,17,,57,,,,353,758678,993,9534,5955,3578,1,108241,62965,45276,9763405,0.19,7.48,98.63,1.24,406782
10-07-2021,31494,10343409,,769243,470058,299168,17,,38,,,,337,758728,973,9542,5962,3579,1,79814,49169,30645,9843219,0.13,7.46,98.63,1.24,408024
12-07-2021,18986,10391493,,769307,470095,299195,17,,28,,,,313,758849,902,9556,5969,3586,1,50250,28496,21754,9927899,0.12,7.42,98.64,1.24,409921
13-07-2021,29298,10420791,,769343,470118,299208,17,,36,,,,282,758908,872,9563,5975,3587,1,128264,72167,56097,10056163,0.13,7.4,98.64,1.24,411077
14-07-2021,28907,10449698,,769383,470146,299220,17,,40,,,,258,758958,854,9571,5981,3589,1,127926,98103,29823,10184089,0.14,7.38,98.65,1.24,412217
15-07-2021,28288,10477986,,769417,470170,299230,17,,34,,,,248,759001,838,9578,5984,3593,1,71327,42938,28389,10255416,0.12,7.36,98.65,1.24,413333
16-07-2021,27087,10505073,,769463,470203,299243,17,,46,,,,238,759041,836,9586,5987,3598,1,145977,84295,61682,10401393,0.16,7.34,98.65,1.25,414401
17-07-2021,30719,10535792,,769504,470230,299257,17,,41,,,,235,759088,823,9593,5991,3601,1,101676,60323,41353,10503069,0.14,7.32,98.65,1.25,415613
18-07-2021,25550,10561342,,769539,470252,299270,17,,35,,,,236,759123,817,9599,5995,3603,1,69763,45167,24596,10572832,0.12,7.3,98.65,1.25,416621
19-07-2021,15304,10576646,,769569,470273,299279,17,,30,,,,230,759179,785,9605,5999,3605,1,115062,73478,41584,10687894,0.15,7.29,98.65,1.25,417225
20-07-2021,24738,10601384,,769605,470296,299292,17,,36,,,,209,759213,784,9608,6001,3606,1,98282,60029,38253,10786176,0.17,7.27,98.65,1.25,418201
21-07-2021,28973,10630357,,769640,470318,299305,17,,35,,,,197,759240,789,9611,6003,3607,1,37749,20194,17555,10823925,0.14,7.26,98.65,1.25,419343
22-07-2021,19929,10650286,,769665,470331,299317,17,,25,,,,197,759287,765,9613,6004,3608,1,69534,32942,36592,10893459,0.1,7.24,98.65,1.25,420130
23-07-2021,28218,10678504,,769704,470358,299329,17,,39,,,,191,759325,763,9616,6006,3609,1,45362,26750,18612,10938821,0.16,7.22,98.65,1.25,421243
24-07-2021,26880,10705384,,769717,470365,299335,17,,13,,,,186,759360,740,9617,6007,3609,1,39962,24629,15333,10978783,0.05,7.2,98.65,1.25,422303
25-07-2021,21248,10726632,,769739,470381,299341,17,,22,,,,171,759405,715,9619,6007,3611,1,40877,25525,15352,11019660,0.09,7.19,98.66,1.25,423141
26-07-2021,16267,10742899,,769770,470399,299354,17,,31,,,,157,759437,711,9622,6009,3612,1,99971,58301,41670,11119631,0.15,7.18,98.66,1.25,423783
27-07-2021,27562,10770461,,769796,470420,299359,17,,26,,,,148,759471,701,9624,6011,3612,1,85107,47466,37641,11204738,0.12,7.16,98.66,1.25,424870
28-07-2021,25628,10796089,,769828,470441,299370,17,,32,,,,145,759499,702,9627,6012,3614,1,138399,89319,49080,11343137,0.13,7.14,98.66,1.25,425881
29-07-2021,22307,10818396,,769858,470461,299380,17,,30,,,,151,759516,712,9630,6015,3614,1,171955,107250,64705,11515092,0.12,7.13,98.66,1.25,426761
30-07-2021,27355,10845751,,769884,470477,299390,17,,26,,,,151,759539,712,9633,6017,3615,1,143965,89066,54899,11659057,0.11,7.11,98.66,1.25,427840
31-07-2021,28330,10874081,,769913,470494,299402,17,,29,,,,156,759566,712,9635,6018,3616,1,150060,98329,51731,11809117,0.11,7.1,98.66,1.25,428958
01-08-2021,20926,10895007,,769942,470510,299415,17,,29,,,,140,759589,715,9638,6020,3617,1,130772,96110,34662,11939889,0.12,7.08,98.66,1.25,429783
02-08-2021,16264,10911271,,769956,470518,299421,17,,14,,,,149,759614,703,9639,6021,3617,1,188432,126612,61820,12128321,0.07,7.07,98.66,1.25,430425
03-08-2021,30064,10941335,,769982,470536,299429,17,,26,,,,135,759633,708,9641,6022,3618,1,180651,114872,65779,12308972,0.12,7.05,98.66,1.25,431611
04-08-2021,29857,10971192,,770009,470550,299442,17,,27,,,,132,759653,712,9644,6023,3620,1,116741,70641,46100,12425713,0.09,7.03,98.66,1.25,432789
05-08-2021,28791,10999983,,770027,470563,299447,17,,18,,,,140,759678,703,9646,6025,3620,1,115069,71190,43879,12540782,0.06,7.02,98.66,1.25,433924
06-08-2021,29148,11029131,,770042,470573,299452,17,,15,,,,146,759705,690,9647,6026,3620,1,106148,73838,32310,12646930,0.05,7,98.66,1.25,435074
07-08-2021,34305,11063436,,770060,470583,299460,17,,18,,,,133,759727,685,9648,6027,3620,1,139238,85558,53680,12786168,0.05,6.98,98.66,1.25,436427
08-08-2021,25535,11088971,,770079,470597,299465,17,,19,,,,123,759751,679,9649,6028,3620,1,80846,50662,30184,12867014,0.07,6.96,98.66,1.25,437435
09-08-2021,16136,11105107,,770091,470605,299469,17,,12,,,,114,759769,672,9650,6029,3620,1,139600,86849,52751,13006614,0.05,6.95,98.66,1.25,438071
10-08-2021,30448,11135555,,770114,470621,299476,17,,23,,,,108,759790,672,9652,6030,3621,1,78637,42307,36330,13085251,0.11,6.93,98.66,1.25,439272
11-08-2021,28172,11163727,,770130,470631,299482,17,,16,,,,114,759807,670,9653,6031,3621,1,104946,61744,43202,13190197,0.06,6.91,98.66,1.25,440384
12-08-2021,27611,11191338,,770146,470643,299486,17,,16,,,,109,759820,672,9654,6032,3621,1,139646,83278,56368,13329843,0.06,6.9,98.66,1.25,441473
13-08-2021,31373,11222711,,770172,470659,299496,17,,26,,,,118,759852,664,9656,6034,3621,1,177596,109734,67862,13507439,0.09,6.88,98.66,1.25,442710
14-08-2021,30615,11253326,,770186,470669,299500,17,,14,,,,117,759875,654,9657,6035,3621,1,164227,102365,61862,13671666,0.05,6.86,98.66,1.25,443918
15-08-2021,26782,11280108,,770208,470685,299506,17,,22,,,,103,759886,664,9658,6036,3621,1,82859,56120,26739,13754525,0.07,6.84,98.66,1.25,444975
16-08-2021,14561,11294669,,770230,470702,299511,17,,22,,,,107,759904,666,9660,6037,3622,1,133258,86874,46384,13887783,0.11,6.83,98.66,1.25,445549
17-08-2021,29390,11324059,,770245,470726,299502,17,,15,,,,115,759924,660,9661,6038,3622,1,196954,131549,65405,14084737,0.06,6.82,98.66,1.25,446708
18-08-2021,28504,11352563,,770266,470731,299518,17,,21,,,,106,759938,666,9662,6039,3622,1,130434,86058,44376,14215171,0.08,6.8,98.66,1.25,447833
19-08-2021,29309,11381872,,770291,470740,299534,17,,25,,,,111,759956,671,9664,6041,3622,1,203624,139702,63922,14418795,0.08,6.78,98.66,1.25,448989
20-08-2021,27931,11409803,,770312,470755,299540,17,,21,,,,117,759972,675,9665,6041,3623,1,128019,85113,42906,14546814,0.07,6.77,98.66,1.25,450091
21-08-2021,27452,11437255,,770331,470766,299548,17,,19,,,,121,759990,675,9666,6042,3623,1,115796,73957,41839,14662610,0.07,6.75,98.66,1.25,451174
22-08-2021,24909,11462164,,770347,470776,299554,17,,16,,,,119,760004,676,9667,6043,3623,1,18094,11575,6519,14680704,0.06,6.73,98.66,1.25,452156
23-08-2021,12838,11475002,,770362,470786,299559,17,,15,,,,114,760026,668,9668,6043,3624,1,147186,92830,54356,14827890,0.07,6.72,98.66,1.25,452663
24-08-2021,28959,11503961,,770380,470798,299565,17,,18,,,,116,760047,664,9669,6043,3625,1,217686,151260,66426,15045576,0.09,6.71,98.66,1.26,453805
25-08-2021,31281,11535242,,770395,470806,299572,17,,15,,,,114,760065,660,9670,6044,3625,1,108582,70176,38406,15154158,0.05,6.69,98.66,1.26,455039
26-08-2021,30800,11566042,,770411,470814,299580,17,,16,,,,108,760080,660,9671,6045,3625,1,102300,61023,41277,15256458,0.05,6.68,98.66,1.26,456254
27-08-2021,31555,11597597,,770432,470824,299591,17,,21,,,,110,760096,664,9672,6046,3625,1,569871,363556,206315,15826329,0.07,6.66,98.66,1.26,457499
28-08-2021,29524,11627121,,770445,470834,299594,17,,13,,,,112,760115,657,9673,6046,3626,1,288211,186051,102160,16114540,0.04,6.64,98.66,1.26,458664
29-08-2021,26421,11653542,,770456,470843,299596,17,,11,,,,106,760136,646,9674,6047,3626,1,73898,45077,28821,16188438,0.04,6.62,98.66,1.26,459706
30-08-2021,15739,11669281,,770466,470850,299599,17,,10,,,,96,760152,639,9675,6048,3626,1,26160,14302,11858,16214598,0.05,6.61,98.66,1.26,460327
31-08-2021,15619,11684900,,770486,470860,299609,17,,20,,,,84,760175,290,9677,6049,36267,1,150577,105503,45074,16365175,0.11,6.6,98.66,1.26,460943
01-09-2021,28245,11713145,,770506,470870,299619,17,,20,,,,91,760189,296,9677,6049,36267,1,119754,79064,40690,16484929,0.1,6.59,98.66,1.26,462057
02-09-2021,26524,11739669,,770522,470881,299624,17,,16,,,,96,760196,303,9679,6051,3627,1,202035,140838,61197,16686964,0.07,6.58,98.66,1.26,463103
03-09-2021,29844,11769513,,770534,470888,299629,17,,12,,,,94,760208,301,9681,6051,3629,1,204607,127370,77237,16891571,0.05,6.56,98.66,1.26,464281
04-09-2021,29206,11798719,,770543,470893,299633,17,,9,,,,86,760221,295,9683,6051,3631,1,152511,87631,64880,17044082,0.03,6.55,98.66,1.26,465433
05-09-2021,25188,11823907,,770557,470901,299639,17,,14,,,,79,760243,287,9683,6051,3631,1,72654,46861,25793,17116736,0.05,6.53,98.66,1.26,466426
06-09-2021,14896,11838803,,770573,470909,299647,17,,16,,,,70,760271,273,9685,6052,3632,1,120409,78049,42360,17237145,0.07,6.52,98.66,1.26,467014
07-09-2021,31755,11870558,,770584,470915,299652,17,,11,,,,71,760276,278,9686,6052,3633,1,171212,115319,55893,17408357,0.05,6.5,98.66,1.26,468267
08-09-2021,26176,11896734,,770601,470923,299661,17,,17,,,,70,760308,263,9686,6052,3633,1,182979,124781,58198,17591336,0.07,6.49,98.66,1.26,469299
09-09-2021,29775,11926509,,770614,470932,299665,17,,13,,,,71,760344,240,9686,6052,3633,1,259633,185848,73785,17850969,0.05,6.48,98.67,1.26,470474
10-09-2021,27506,11954015,,770626,470941,299668,17,,12,,,,69,760383,213,9686,6052,3633,1,218989,154901,64088,18069958,0.04,6.46,98.67,1.26,471559
11-09-2021,26276,11980291,,770640,470950,299673,17,,14,,,,75,760423,187,9686,6052,3633,1,140022,92354,47668,18209980,0.05,6.45,98.67,1.26,472595
12-09-2021,22386,12002677,,770645,470951,299677,17,,5,,,,77,760467,148,9686,6052,3633,1,90265,66926,23339,18300245,0.02,6.43,98.68,1.26,473478
13-09-2021,14153,12016830,,770659,470958,299684,17,,14,,,,77,760501,128,9807,,,,512928,351892,161036,18813173,0.07,6.42,98.68,1.27,474037
14-09-2021,27647,12044477,,770676,470964,299695,17,,17,,,,60,760521,118,9807,,,,369413,260706,108707,19182586,0.08,6.41,98.68,1.27,475127
15-09-2021,29415,12073892,,770688,470971,299700,17,,12,,,,60,760545,105,9808,,,,605667,434610,171057,19788253,0.05,6.4,98.68,1.27,476288
16-09-2021,27222,12101114,,770697,470977,299703,17,,9,,,,55,760562,97,9808,,,,351014,261214,89800,20105787,0.03,6.38,98.68,1.27,477361
17-09-2021,28224,12129338,,770705,470982,299706,17,,8,,,,55,760574,93,9808,,,,363719,262351,101368,20469506,0.03,6.37,98.69,1.27,478475
18-09-2021,28391,12157729,,770711,470985,299709,17,,6,,,,50,760580,93,9808,,,,307129,218246,88883,20776635,0.02,6.35,98.69,1.27,479595
19-09-2021,24012,12181741,,770733,470997,299719,17,,22,,,,51,760591,104,9808,,,,150823,109643,41180,20927458,0.08,6.34,98.68,1.27,480542
20-09-2021,15385,12197126,,770746,471005,299724,17,,13,,,,56,760598,110,9808,,,,258675,180433,78242,21186133,0.05,6.33,98.68,1.27,481149
21-09-2021,27682,12224808,,770754,471011,299726,17,,8,,,,61,760618,98,9808,,,,294395,199819,94576,21186133,0.04,6.32,98.68,1.27,482241
22-09-2021,26980,12251788,,770770,471022,299731,17,,16,,,,58,760629,102,9809,,,,157509,99491,58018,21638037,0.06,6.3,98.68,1.27,483305
23-09-2021,23880,12275668,,770784,471028,299739,17,,14,,,,54,760639,106,9809,,,,141618,88814,52804,21779655,0.05,6.29,98.68,1.27,484247
24-09-2021,16600,12292268,,770796,471035,299744,17,,12,,,,58,760651,106,9809,,,,201997,115770,86227,21981652,0.06,6.28,98.68,1.27,484902
25-09-2021,25480,12317748,,770805,471040,299748,17,,9,,,,63,760663,102,9810,,,,209038,110394,98644,22190690,0.04,6.27,98.68,1.27,485907
26-09-2021,23530,12341278,,770818,471046,299755,17,,13,,,,60,760673,105,9810,,,,103394,57636,45758,22294084,0.05,6.26,98.68,1.27,486835
27-09-2021,14146,12355424,,770825,471049,299759,17,,7,,,,65,760686,99,9810,6124,3685,1,120251,63691,56560,22414335,0.03,6.25,98.68,1.27,487393
28-09-2021,19674,12375098,,770847,471066,299764,17,,22,,,,68,760696,104,9874,,,,135888,73245,62643,22550223,0.12,6.24,98.68,1.28,488170
29-09-2021,23433,12398531,,770863,471077,299769,17,,16,,,,71,760711,105,9874,,,,137198,75335,61863,22687421,0.08,6.23,98.68,1.28,489094
30-09-2021,24409,12422940,,770872,471083,299772,17,,9,,,,74,760726,99,9874,,,,231810,117130,114680,22919231,0.04,6.22,98.68,1.28,490057
01-10-2021,24824,12447764,,770890,471093,299780,17,,18,,,,75,760738,105,9874,,,,234759,117180,117579,23153990,0.08,6.2,98.68,1.28,491036
02-10-2021,24204,12471968,,770904,471102,299785,17,,14,,,,80,760746,111,9874,,,,191358,95033,96325,23345348,0.06,6.19,98.68,1.28,491991
03-10-2021,15658,12487626,,770915,471109,299789,17,,11,,,,80,760755,113,9874,,,,51688,26736,24952,23397036,0.05,6.18,98.68,1.28,492609
04-10-2021,10765,12498391,,770924,471112,299795,17,,9,,,,79,760770,107,9874,,,,105073,51788,53285,23502109,0.06,6.17,98.68,1.28,493033
05-10-2021,24588,12522979,,770938,471120,299801,17,,14,,,,76,760780,110,9875,,,,113343,55344,57999,23615452,0.09,6.17,98.68,1.28,494003
06-10-2021,22349,12545328,,770949,471124,299808,17,,11,,,,78,760801,100,9875,,,,79935,37993,41942,23695387,0.05,6.16,98.68,1.28,494885
07-10-2021,22558,12567886,,770961,471133,299811,17,,12,,,,78,760813,100,9875,,,,57357,28770,28587,23752744,0.05,6.15,98.68,1.28,495775
08-10-2021,14699,12582585,,770975,471142,299816,17,,14,,,,74,760821,106,9875,,,,121886,55586,66300,23874630,0.07,6.14,98.68,1.28,496354
10-10-2021,19578,12626075,,770993,471149,299827,17,,9,,,,78,760845,100,9875,,,,44533,20066,24467,24029261,0.04,6.12,98.68,1.28,498070
11-10-2021,13039,12639114,,771000,471153,299830,17,,7,,,,71,760860,92,9875,,,,94006,41002,53004,24123267,0.04,6.11,98.68,1.28,498584
12-10-2021,20682,12659796,,771009,471161,299831,17,,9,,,,59,760871,90,9875,,,,135421,58923,76498,24258688,0.05,6.1,98.69,1.28,499400
13-10-2021,21927,12681723,,771019,471167,299835,17,,10,,,,57,760881,90,9875,,,,140991,54678,86313,24399679,0.05,6.09,98.69,1.28,500265
14-10-2021,22237,12703960,,771035,471175,299843,17,,16,,,,57,760869,94,10049,,,,147949,59000,88949,24547628,0.08,6.08,98.68,1.3,501142
15-10-2021,20883,12724843,,771049,471181,299851,17,,14,,,,66,760884,93,10049,,,,32419,9522,22897,24580047,0.06,6.07,98.68,1.3,501966
16-10-2021,11795,12736638,,771061,471189,299855,17,,12,,,,68,760898,91,10049,,,,78834,29872,48962,24658881,0.07,6.06,98.68,1.3,502431
17-10-2021,18959,12755597,,771076,471197,299862,17,,15,,,,68,760904,100,10049,,,,46427,12017,34410,24705308,0.09,6.05,98.68,1.3,503179
18-10-2021,11550,12767147,,771092,471204,299871,17,,16,,,,69,760917,103,10049,,,,104357,36334,68023,24809665,0.1,6.05,98.68,1.3,503635
19-10-2021,20286,12787433,,771101,471208,299876,17,,9,,,,76,760926,103,10049,,,,97493,36999,60494,24907158,0.06,6.04,98.68,1.3,504435
20-10-2021,20572,12808005,,771116,471219,299880,17,,15,,,,82,760934,110,10049,,,,61862,18321,43541,24969020,0.08,6.03,98.68,1.3,505247
21-10-2021,13910,12821915,,771125,471225,299883,17,,9,,,,82,760945,108,10049,,,,149238,45276,103962,25118258,0.05,6.02,98.68,1.3,505795
22-10-2021,22215,12844130,,771133,471231,299885,17,,8,,,,83,760962,99,10049,,,,133544,38726,94818,25251802,0.05,6.01,98.68,1.3,506672
23-10-2021,21207,12865337,,771141,471235,299889,17,,8,,,,72,760977,92,10049,,,,92954,28836,64118,25344756,0.04,6,98.68,1.3,507508
24-10-2021,19057,12884394,,771157,471243,299897,17,,16,,,,62,760981,104,10049,,,,13432,3990,9442,25358188,0.07,5.99,98.68,1.3,508260
25-10-2021,12789,12897183,,771174,471254,299903,17,,17,,,,75,760999,103,10049,,,,97511,29427,68084,25455699,0.1,5.99,98.68,1.3,508765
26-10-2021,21879,12919062,,771189,471262,299910,17,,15,,,,74,761012,105,10049,,,,101799,31957,69842,25557498,0.09,5.98,98.68,1.3,509628
27-10-2021,22195,12941257,,771204,471268,299919,17,,15,,,,76,761022,110,10049,,,,78082,23554,54528,25635580,0.07,5.97,98.68,1.3,510503
28-10-2021,24055,12965312,,771217,471275,299925,17,,13,,,,86,761035,110,10049,,,,65099,19187,45912,25700679,0.06,5.96,98.68,1.3,511452
29-10-2021,23104,12988416,,771229,471279,299933,17,,12,,,,87,761047,110,10049,,,,91220,26437,64783,25791899,0.05,5.95,98.68,1.3,512364
30-10-2021,23500,13011916,,771241,471284,299940,17,,12,,,,94,761058,111,10049,,,,67812,20517,47295,25859711,0.06,5.94,98.68,1.3,513291
31-10-2021,20588,13032504,,771252,471291,299944,17,,11,,,,96,761068,112,10049,,,,25477,8847,16630,25885188,0.05,5.93,98.68,1.3,514103
01-11-2021,12576,13045080,,771262,471297,299948,17,,10,,,,103,761075,115,10049,,,,31321,10175,21146,25916509,0.05,5.92,98.68,1.3,514599
02-11-2021,11891,13056971,,771273,471304,299952,17,,11,,,,105,761096,105,10049,,,,59919,16734,43185,25976428,0.08,5.91,98.68,1.3,515068
03-11-2021,20836,13077807,,771280,471308,299955,17,,7,,,,101,761112,96,10049,,,,39880,11305,28575,26016308,0.04,5.91,98.68,1.3,515890
04-11-2021,17198,13095005,,771287,471313,299957,17,,7,,,,93,761127,87,10050,,,,,,,26016308,0.04,5.9,98.68,1.3,516568
05-11-2021,7106,13102111,,771294,471315,299962,17,,7,,,,80,761137,84,10050,,,,10949,3099,7850,26027257,0.05,5.89,98.68,1.3,516849
06-11-2021,10627,13112738,,771308,471321,299970,17,,14,,,,78,761146,89,10050,,,,50501,10412,40089,26077758,0.14,5.89,98.68,1.3,517268
07-11-2021,15913,13128651,,771326,471330,299979,17,,18,,,,78,761164,89,10050,,,,40689,9010,31679,26118447,0.14,5.88,98.68,1.3,517896
08-11-2021,11272,13139923,,771340,471336,299987,17,,14,,,,73,761181,86,10050,,,,123072,28745,94327,26241519,0.11,5.88,98.68,1.3,518340
09-11-2021,24651,13164574,,771355,471345,299993,17,,15,,,,75,761189,93,10050,,,,132446,35520,96926,26373965,0.09,5.87,98.68,1.3,519313
10-11-2021,24959,13189533,,771368,471350,300001,17,,13,,,,72,761200,95,10050,,,,112375,28225,84150,26486340,0.06,5.86,98.68,1.3,520297
11-11-2021,23848,13213381,,771388,471359,300012,17,,20,,,,80,761208,107,10050,,,,106072,26241,79831,26592412,0.09,5.85,98.68,1.3,521238
12-11-2021,24215,13237596,,771403,471369,300017,17,,15,,,,82,761223,107,10050,,,,103364,26603,76761,26695776,0.06,5.84,98.68,1.3,522193
13-11-2021,23088,13260684,,771420,471376,300027,17,,17,,,,82,761230,117,10050,,,,105163,28705,76458,26800939,0.07,5.83,98.68,1.3,523104
14-11-2021,18577,13279261,,771434,471382,300035,17,,14,,,,98,761235,126,10050,,,,47809,15994,31815,26848748,0.07,5.82,98.68,1.3,523837
15-11-2021,12678,13291939,,771448,471392,300039,17,,14,,,,106,761250,124,10051,,,,110440,31281,79159,26959188,0.08,5.81,98.68,1.3,524337
16-11-2021,22948,13314887,,771463,471400,300046,17,,15,,,,106,761266,123,10051,,,,125545,38228,87317,27084733,0.09,5.8,98.68,1.3,525242
17-11-2021,22776,13337663,,771481,471413,300051,17,,18,,,,105,761283,124,10051,,,,102324,31067,71257,27187057,0.09,5.79,98.68,1.3,526141
18-11-2021,22464,13360127,,771495,471420,300058,17,,14,,,,112,761307,113,10052,,,,130858,44337,86521,27317915,0.06,5.78,98.68,1.3,527027
19-11-2021,22259,13382386,,771517,471431,300069,17,,22,,,,96,761330,112,10052,,,,74315,29940,44375,27392230,0.1,5.77,98.68,1.3,527905
20-11-2021,14541,13396927,,771528,471436,300075,17,,11,,,,94,761343,109,10053,,,,108177,34389,73788,27500407,0.05,5.77,98.68,1.3,528478
21-11-2021,19641,13416568,,771544,471447,300080,17,,16,,,,99,761351,117,10053,,,,60563,22993,37570,27560970,0.09,5.76,98.68,1.3,529253
22-11-2021,11666,13428234,,771565,471455,300093,17,,21,,,,106,761374,115,10053,,,,132362,37719,94643,27693332,0.15,5.75,98.68,1.3,529713
23-11-2021,22180,13450414,,771582,471464,300101,17,,17,,,,105,761389,117,10053,,,,145159,42513,102646,27838491,0.11,5.75,98.68,1.3,530588
24-11-2021,21419,13471833,,771605,471474,300114,17,,23,,,,107,761398,131,10053,,,,133123,42180,90943,27971614,0.11,5.74,98.68,1.3,531433
25-11-2021,19748,13491581,,771622,471485,300120,17,,17,,,,118,761412,133,10054,,,,151311,44644,106667,28122925,0.08,5.73,98.68,1.3,532212
26-11-2021,22203,13513784,,771643,471494,300132,17,,21,,,,119,761431,135,10054,,,,137414,41117,96297,28260339,0.1,5.72,98.68,1.3,533088
27-11-2021,21507,13535291,,771654,471502,300135,17,,11,,,,118,761441,136,10054,,,,125387,37593,87794,28385726,0.05,5.71,98.68,1.3,533937
28-11-2021,18864,13554155,,771676,471518,300141,17,,22,,,,118,761454,145,10054,,,,62202,19802,42400,28447928,0.1,5.7,98.68,1.3,534681
29-11-2021,12493,13566648,,771692,471526,300149,17,,16,,,,135,761473,142,10054,,,,125368,34072,91296,28573296,0.1,5.7,98.68,1.3,535173
30-11-2021,23430,13590078,,771709,471535,300157,17,,17,,,,130,761492,140,10054,,,,131921,38204,93717,28705217,0.09,5.69,98.68,1.3,536098
01-12-2021,27174,13617252,,771733,471547,300169,17,,24,,,,123,761510,146,10054,,,,108302,28724,79578,28813519,0.11,5.68,98.68,1.3,537170
02-12-2021,31641,13648893,,771760,471562,300181,17,,27,,,,128,761528,155,10054,,,,126100,32198,93902,28939619,0.09,5.67,98.68,1.3,538418
03-12-2021,33650,13682543,,771780,471574,300189,17,,20,,,,135,761544,159,10054,,,,139509,33519,105990,29079128,0.07,5.65,98.67,1.3,539745
04-12-2021,35889,13718432,,771797,471586,300194,17,,17,,,,139,761563,157,10054,,,,140913,34524,106389,29220041,0.05,5.64,98.67,1.3,541161
05-12-2021,34379,13752811,,771819,471600,300202,17,,22,,,,129,761580,162,10054,,,,61570,16708,44862,29281611,0.06,5.63,98.67,1.3,542517
06-12-2021,21033,13773844,,771851,471615,300219,17,,32,,,,133,761594,180,10054,,,,149302,32410,116892,29430913,0.11,5.62,98.67,1.3,543347
07-12-2021,38572,13812416,,771875,471623,300235,17,,24,,,,144,761612,185,10055,,,,179099,39347,139752,29610012,0.08,5.6,98.67,1.3,544868
08-12-2021,38533,13850949,,771904,471638,300249,17,,29,,,,152,761626,200,10055,,,,141370,30640,110730,29751382,0.08,5.59,98.67,1.3,546389
09-12-2021,39144,13890093,,771939,471655,300267,17,,35,,,,168,761648,213,10055,,,,155811,32083,123728,29907193,0.09,5.57,98.67,1.3,547933
10-12-2021,38818,13928911,,771966,471671,300278,17,,27,,,,176,761671,217,10055,,,,157299,30408,126891,30064492,0.07,5.56,98.67,1.3,549464
11-12-2021,37720,13966631,,771989,471685,300287,17,,23,,,,180,761684,227,10055,,,,141460,27253,114207,30205952,0.06,5.54,98.67,1.3,550952
12-12-2021,30065,13996696,,772019,471703,300299,17,,30,,,,189,761712,229,10055,,,,45130,9598,35532,30251082,0.08,5.53,98.66,1.3,552138
13-12-2021,18867,14015563,,772032,471712,300303,17,,13,,,,199,761733,219,10057,,,,131947,22988,108959,30383029,0.05,5.52,98.67,1.3,552882
14-12-2021,34897,14050460,,772055,471727,300311,17,,23,,,,189,761768,205,10059,,,,155002,27350,127652,30538031,0.08,5.51,98.67,1.3,554259
15-12-2021,35324,14085784,,772086,471743,300326,17,,31,,,,175,761799,204,10060,,,,137792,24752,113040,30675823,0.1,5.49,98.67,1.3,555652
16-12-2021,36388,14122172,,772114,471755,300342,17,,28,,,,169,761820,211,10060,,,,122151,21543,100608,30797974,0.08,5.48,98.67,1.3,557088
17-12-2021,36132,14158304,,772141,471768,300356,17,,27,,,,177,761850,207,10061,,,,193194,36159,157035,30991168,0.08,5.47,98.67,1.3,558513
18-12-2021,35324,14193628,,772164,471778,300369,17,,23,,,,172,761877,203,10061,,,,142658,27601,115057,31133826,0.07,5.46,98.67,1.3,559906
19-12-2021,29989,14223617,,772197,471795,300385,17,,33,,,,172,761903,210,10061,,,,52466,10663,41803,31186292,0.09,5.44,98.67,1.3,561089
20-12-2021,20260,14243877,,772228,471814,300397,17,,31,,,,177,761935,209,10061,,,,193343,37752,155591,31379635,0.12,5.43,98.67,1.3,561889
21-12-2021,35515,14279392,,772271,471835,300419,17,,43,,,,180,761952,234,10062,,,,197918,41262,156656,31577553,0.15,5.42,98.66,1.3,563290
22-12-2021,36870,14316262,,772326,471866,300443,17,,55,,,,193,761966,275,10062,,,,181007,40490,140517,31758560,0.16,5.41,98.66,1.3,564744
23-12-2021,35918,14352180,,772372,471888,300467,17,,46,,,,222,761992,295,10062,,,,261959,63314,198645,32020519,0.13,5.4,98.66,1.3,566161
24-12-2021,38542,14390722,,772451,471932,300502,17,,79,,,,241,762023,343,10062,,,,296375,79447,216928,32316894,0.22,5.38,98.65,1.3,567681
25-12-2021,30686,14421408,,772541,471977,300547,17,,90,,,,277,762049,407,10062,,,,222356,63758,158598,32539250,0.24,5.37,98.64,1.3,568892
26-12-2021,26734,14448142,,772633,472026,300590,17,,92,,,,342,762076,472,10062,,,,185896,54002,131894,32725146,0.32,5.36,98.63,1.3,569946
27-12-2021,21257,14469399,,772718,472078,300623,17,,85,,,,393,762097,536,10062,,,,294374,87013,207361,33019520,0.33,5.35,98.63,1.3,570785
28-12-2021,38192,14507591,,772844,472143,300684,17,,126,,,,444,762131,627,10063,,,,344856,105946,238910,33364376,0.44,5.34,98.61,1.3,572292
29-12-2021,40303,14547894,,773061,472252,300792,17,,217,,,,530,762172,803,10063,,,,332323,108846,223477,33696699,0.61,5.33,98.59,1.3,573881
30-12-2021,40145,14588039,,773361,472402,300942,17,,300,,,,684,762228,1047,10063,,,,336409,112971,223438,34033108,0.76,5.32,98.56,1.3,575465
31-12-2021,39285,14627324,,773788,472402,300942,17,,427,,,,901,762284,1417,10064,,,,320423,113416,207007,34353531,1.17,5.31,98.51,1.3,577015
01-01-2022,34841,14662165,,774340,472915,301408,17,,552,,,,1216,762346,1907,10064,,,,185667,67468,118199,34539198,1.39,5.3,98.45,1.3,578389
02-01-2022,33841,14696006,,774917,473226,301674,17,,577,,,,1644,762430,2400,10064,,,,107196,39423,67773,34646394,1.52,5.29,98.39,1.3,579724
03-01-2022,23922,14719928,,775710,473647,302046,17,,793,,,,2118,762516,3107,10064,,,,302491,162603,139888,34948885,2.63,5.28,98.3,1.3,580668
04-01-2022,39405,14759333,,776842,474265,302560,17,,1132,,,,2743,762717,4036,10066,,,,415454,248058,167396,35364339,3.77,5.28,98.18,1.3,582222
05-01-2022,44010,14803343,,779018,475491,303510,17,,2176,,,,3638,762893,6036,10066,,,,354051,238393,115658,35718390,5.8,5.28,97.93,1.29,583958
