,level_0,index,date,cumulative_positive_cases,cumulative_positivity_rate,cumulative_recovered,cumulative_deaths,cumulative_cfr,active_cases,day,month,year,Index
0,0,101,12-09-2020,214069.0,10.28,181295.0,4715.0,2.2,28059.0,Saturday,September2020,2020,20200912
1,1,102,13-09-2020,218304.0,10.2,184748.0,4744.0,2.17,28812.0,Sunday,September2020,2020,20200913
2,2,103,14-09-2020,221533.0,10.14,188122.0,4770.0,2.15,28641.0,Monday,September2020,2020,20200914
3,3,104,15-09-2020,225796.0,10.05,191203.0,4806.0,2.13,29787.0,Tuesday,September2020,2020,20200915
4,4,105,16-09-2020,230269.0,9.97,194516.0,4839.0,2.1,30914.0,Wednesday,September2020,2020,20200916
5,5,106,17-09-2020,234701.0,9.9,198103.0,4877.0,2.08,31721.0,Thursday,September2020,2020,20200917
6,6,107,18-09-2020,238828.0,9.83,201671.0,4907.0,2.05,32250.0,Friday,September2020,2020,20200918
7,7,108,19-09-2020,242899.0,9.75,205890.0,4945.0,2.04,32064.0,Saturday,September2020,2020,20200919
8,8,109,20-09-2020,246711.0,9.66,209632.0,4982.0,2.02,32097.0,Sunday,September2020,2020,20200920
9,9,110,21-09-2020,249259.0,9.67,213304.0,5014.0,2.01,30941.0,Monday,September2020,2020,20200921
10,10,111,22-09-2020,253075.0,9.59,216401.0,5051.0,2.0,31623.0,Tuesday,September2020,2020,20200922
11,11,112,23-09-2020,256789.0,9.52,220866.0,5087.0,1.98,30836.0,Wednesday,September2020,2020,20200923
12,12,113,24-09-2020,260623.0,9.45,224375.0,5123.0,1.97,31125.0,Thursday,September2020,2020,20200924
13,13,114,25-09-2020,264450.0,9.39,228436.0,5147.0,1.95,30867.0,Friday,September2020,2020,20200925
14,14,115,26-09-2020,267822.0,9.32,232912.0,5193.0,1.94,29717.0,Saturday,September2020,2020,20200926
15,15,116,27-09-2020,271114.0,9.27,236651.0,5235.0,1.93,29228.0,Sunday,September2020,2020,20200927
16,16,117,28-09-2020,273098.0,9.22,240703.0,5272.0,1.93,27123.0,Monday,September2020,2020,20200928
17,17,118,29-09-2020,276325.0,9.15,243481.0,5320.0,1.93,27524.0,Tuesday,September2020,2020,20200929
18,18,119,30-09-2020,279715.0,9.08,247446.0,5361.0,1.92,26908.0,Wednesday,September2020,2020,20200930
19,19,120,01-10-2020,282752.0,9.02,250613.0,5401.0,1.91,26738.0,Thursday,October2020,2020,20201001
20,20,121,02-10-2020,285672.0,8.95,253784.0,5438.0,1.9,26450.0,Friday,October2020,2020,20201002
21,21,122,03-10-2020,287930.0,8.91,257224.0,5472.0,1.9,25234.0,Saturday,October2020,2020,20201003
22,22,123,04-10-2020,290613.0,8.86,260350.0,5510.0,1.9,24753.0,Sunday,October2020,2020,20201004
23,23,124,05-10-2020,292560.0,8.82,263938.0,5542.0,1.89,23080.0,Monday,October2020,2020,20201005
24,24,126,07-10-2020,298107.0,8.71,270305.0,5616.0,1.88,22186.0,Wednesday,October2020,2020,20201007
25,25,127,08-10-2020,300833.0,8.66,272948.0,5653.0,1.88,22232.0,Thursday,October2020,2020,20201008
26,26,128,09-10-2020,303693.0,8.62,276046.0,5692.0,1.87,21955.0,Friday,October2020,2020,20201009
27,27,129,10-10-2020,306559.0,8.58,278812.0,5740.0,1.87,22007.0,Saturday,October2020,2020,20201010
28,28,130,11-10-2020,309339.0,8.54,281869.0,5769.0,1.86,21701.0,Sunday,October2020,2020,20201011
29,29,131,12-10-2020,311188.0,8.5,284844.0,5809.0,1.87,20535.0,Monday,October2020,2020,20201012
30,30,132,13-10-2020,314224.0,8.46,286880.0,5854.0,1.86,21490.0,Tuesday,October2020,2020,20201013
31,31,133,14-10-2020,317548.0,8.42,289747.0,5898.0,1.86,21903.0,Wednesday,October2020,2020,20201014
32,32,134,15-10-2020,321031.0,8.38,292502.0,5924.0,1.85,22605.0,Thursday,October2020,2020,20201015
33,33,135,16-10-2020,324459.0,8.35,295699.0,5946.0,1.83,22814.0,Friday,October2020,2020,20201016
34,34,136,17-10-2020,327718.0,8.32,298853.0,5981.0,1.83,22884.0,Saturday,October2020,2020,20201017
35,35,137,18-10-2020,331017.0,8.3,301716.0,6009.0,1.82,23292.0,Sunday,October2020,2020,20201018
36,36,138,19-10-2020,333171.0,8.27,304561.0,6040.0,1.81,22570.0,Monday,October2020,2020,20201019
37,37,139,20-10-2020,336750.0,8.25,306747.0,6081.0,1.81,23922.0,Tuesday,October2020,2020,20201020
38,38,140,21-10-2020,340436.0,8.22,310191.0,6128.0,1.8,24117.0,Wednesday,October2020,2020,20201021
39,39,141,22-10-2020,344318.0,8.2,312918.0,6163.0,1.79,25237.0,Thursday,October2020,2020,20201022
40,40,142,23-10-2020,348404.0,8.18,316214.0,6189.0,1.78,26001.0,Friday,October2020,2020,20201023
41,41,143,24-10-2020,352520.0,8.17,319828.0,6225.0,1.77,26467.0,Saturday,October2020,2020,20201024
42,42,144,25-10-2020,356656.0,8.17,323654.0,6258.0,1.76,26744.0,Sunday,October2020,2020,20201025
43,43,145,26-10-2020,359488.0,8.17,327390.0,6312.0,1.76,25786.0,Monday,October2020,2020,20201026
44,44,146,27-10-2020,364341.0,8.18,330112.0,6356.0,1.74,27873.0,Tuesday,October2020,2020,20201027
45,45,147,28-10-2020,370014.0,8.19,334240.0,6396.0,1.73,29378.0,Wednesday,October2020,2020,20201028
46,46,148,29-10-2020,375753.0,8.21,338378.0,6423.0,1.71,30952.0,Thursday,October2020,2020,20201029
47,47,149,30-10-2020,381644.0,8.23,342811.0,6470.0,1.7,32363.0,Friday,October2020,2020,20201030
48,48,150,31-10-2020,386706.0,8.26,347476.0,6511.0,1.68,32719.0,Saturday,October2020,2020,20201031
49,49,151,01-11-2020,392370.0,8.3,351635.0,6562.0,1.67,34173.0,Sunday,November2020,2020,20201101
50,50,152,02-11-2020,396371.0,8.32,356459.0,6604.0,1.67,33308.0,Monday,November2020,2020,20201102
51,51,153,03-11-2020,403096.0,8.36,360069.0,6652.0,1.65,36375.0,Tuesday,November2020,2020,20201103
52,52,154,04-11-2020,409938.0,8.4,365866.0,6703.0,1.64,37369.0,Wednesday,November2020,2020,20201104
53,53,155,05-11-2020,416653.0,8.45,371155.0,6769.0,1.62,38729.0,Thursday,November2020,2020,20201105
54,54,157,07-11-2020,430784.0,8.53,383614.0,6912.0,1.61,40258.0,Saturday,November2020,2020,20201107
55,55,158,08-11-2020,438529.0,8.6,389683.0,6989.0,1.59,41857.0,Sunday,November2020,2020,20201108
56,56,159,09-11-2020,443552.0,8.63,396697.0,7060.0,1.59,39795.0,Monday,November2020,2020,20201109
57,57,160,10-11-2020,451382.0,8.68,402854.0,7143.0,1.58,41385.0,Tuesday,November2020,2020,20201110
58,58,161,11-11-2020,459975.0,8.74,410118.0,7228.0,1.57,42629.0,Wednesday,November2020,2020,20201111
59,59,162,12-11-2020,467028.0,8.77,416580.0,7332.0,1.57,43116.0,Thursday,November2020,2020,20201112
60,60,163,13-11-2020,474830.0,8.83,423078.0,7423.0,1.56,44329.0,Friday,November2020,2020,20201113
61,61,164,14-11-2020,482170.0,8.88,430195.0,7519.0,1.56,44456.0,Saturday,November2020,2020,20201114
62,62,166,16-11-2020,489202.0,8.93,441361.0,7713.0,1.58,40128.0,Monday,November2020,2020,20201116
63,63,167,17-11-2020,495598.0,8.96,445782.0,7812.0,1.58,42004.0,Tuesday,November2020,2020,20201117
64,64,168,18-11-2020,503084.0,9.0,452683.0,7943.0,1.58,42458.0,Wednesday,November2020,2020,20201118
65,65,169,19-11-2020,510630.0,9.03,459368.0,8041.0,1.57,43221.0,Thursday,November2020,2020,20201119
66,66,170,20-11-2020,517238.0,9.05,468143.0,8159.0,1.58,40936.0,Friday,November2020,2020,20201120
67,67,171,21-11-2020,523117.0,9.08,475106.0,8270.0,1.58,39741.0,Saturday,November2020,2020,20201121
68,68,172,22-11-2020,529863.0,9.11,481260.0,8391.0,1.58,40212.0,Sunday,November2020,2020,20201122
69,69,173,23-11-2020,534317.0,9.13,488476.0,8512.0,1.59,37329.0,Monday,November2020,2020,20201123
70,70,174,24-11-2020,540541.0,9.14,493419.0,8621.0,1.59,38501.0,Tuesday,November2020,2020,20201124
71,71,175,25-11-2020,545787.0,9.13,498780.0,8720.0,1.6,38287.0,Wednesday,November2020,2020,20201125
72,72,176,26-11-2020,551262.0,9.13,503717.0,8811.0,1.6,38734.0,Thursday,November2020,2020,20201126
73,73,177,27-11-2020,556744.0,9.12,509654.0,8909.0,1.6,38181.0,Friday,November2020,2020,20201127
74,74,178,28-11-2020,561742.0,9.1,516166.0,8998.0,1.6,36578.0,Saturday,November2020,2020,20201128
75,75,180,30-11-2020,570374.0,9.07,528315.0,9174.0,1.61,32885.0,Monday,November2020,2020,20201130
76,76,181,01-12-2020,574380.0,9.05,533351.0,9260.0,1.61,31769.0,Tuesday,December2020,2020,20201201
77,77,182,02-12-2020,578324.0,9.0,538680.0,9342.0,1.62,30302.0,Wednesday,December2020,2020,20201202
78,78,183,03-12-2020,582058.0,8.95,543514.0,9424.0,1.62,29120.0,Thursday,December2020,2020,20201203
79,79,185,05-12-2020,589544.0,8.84,553292.0,9574.0,1.62,26678.0,Saturday,December2020,2020,20201205
80,80,186,06-12-2020,592250.0,8.79,557914.0,9643.0,1.63,24693.0,Sunday,December2020,2020,20201206
81,81,187,07-12-2020,593924.0,8.74,561732.0,9706.0,1.63,22486.0,Monday,December2020,2020,20201207
82,82,188,08-12-2020,601150.0,8.58,572523.0,9874.0,1.64,18753.0,Tuesday,December2020,2020,20201208
83,83,189,09-12-2020,599575.0,8.64,569216.0,9813.0,1.64,20546.0,Wednesday,December2020,2020,20201209
84,84,190,10-12-2020,601150.0,8.58,572523.0,9874.0,1.64,18753.0,Thursday,December2020,2020,20201210
85,85,191,11-12-2020,603535.0,8.53,574925.0,9934.0,1.65,18676.0,Friday,December2020,2020,20201211
86,86,192,12-12-2020,605470.0,8.47,578116.0,9981.0,1.65,17373.0,Saturday,December2020,2020,20201212
87,87,193,13-12-2020,607454.0,8.41,580655.0,10014.0,1.65,16785.0,Sunday,December2020,2020,20201213
88,88,194,14-12-2020,608830.0,8.36,583509.0,10074.0,1.65,15247.0,Monday,December2020,2020,20201214
89,89,196,16-12-2020,611994.0,8.21,588586.0,10147.0,1.66,13261.0,Wednesday,December2020,2020,20201216
90,90,197,17-12-2020,613357.0,8.13,590977.0,10182.0,1.66,12198.0,Thursday,December2020,2020,20201217
91,91,198,18-12-2020,614775.0,8.06,593137.0,10219.0,1.66,11419.0,Friday,December2020,2020,20201218
92,92,199,19-12-2020,615914.0,7.98,595305.0,10251.0,1.66,10358.0,Saturday,December2020,2020,20201219
93,93,200,20-12-2020,617005.0,7.91,596580.0,10277.0,1.67,10148.0,Sunday,December2020,2020,20201220
94,94,201,21-12-2020,617808.0,7.86,598249.0,10304.0,1.67,9255.0,Monday,December2020,2020,20201221
95,95,202,22-12-2020,618747.0,7.79,599683.0,10329.0,1.67,8735.0,Tuesday,December2020,2020,20201222
96,96,203,23-12-2020,619618.0,7.71,601268.0,10347.0,1.67,8003.0,Wednesday,December2020,2020,20201223
97,97,204,24-12-2020,620681.0,7.64,602388.0,10384.0,1.67,7909.0,Thursday,December2020,2020,20201224
98,98,205,25-12-2020,621439.0,7.57,603758.0,10414.0,1.68,7267.0,Friday,December2020,2020,20201225
99,99,206,26-12-2020,622094.0,7.52,604746.0,10437.0,1.68,6911.0,Saturday,December2020,2020,20201226
100,100,207,27-12-2020,622851.0,7.46,605685.0,10453.0,1.68,6713.0,Sunday,December2020,2020,20201227
101,101,208,28-12-2020,623415.0,7.41,606644.0,10474.0,1.68,6297.0,Monday,December2020,2020,20201228
102,102,209,29-12-2020,624118.0,7.35,607494.0,10502.0,1.68,6122.0,Tuesday,December2020,2020,20201229
103,103,210,30-12-2020,624795.0,7.28,608434.0,10523.0,1.68,5838.0,Wednesday,December2020,2020,20201230
104,104,211,31-12-2020,625369.0,7.22,609322.0,10536.0,1.68,5511.0,Thursday,December2020,2020,20201231
105,105,212,01-01-2021,625954.0,7.16,610039.0,10557.0,1.69,5358.0,Friday,January2021,2021,20210101
106,106,213,02-01-2021,626448.0,7.11,610535.0,10571.0,1.69,5342.0,Saturday,January2021,2021,20210102
107,107,214,03-01-2021,626872.0,7.06,611243.0,10585.0,1.69,5044.0,Sunday,January2021,2021,20210103
108,108,215,04-01-2021,627256.0,7.03,611970.0,10597.0,1.69,4689.0,Monday,January2021,2021,20210104
109,109,216,05-01-2021,627698.0,6.97,612527.0,10609.0,1.69,4562.0,Tuesday,January2021,2021,20210105
110,110,217,06-01-2021,628352.0,6.92,613246.0,10625.0,1.69,4481.0,Wednesday,January2021,2021,20210106
111,111,218,07-01-2021,628838.0,6.87,614026.0,10644.0,1.69,4168.0,Thursday,January2021,2021,20210107
112,112,219,08-01-2021,629282.0,6.81,614849.0,10654.0,1.69,3779.0,Friday,January2021,2021,20210108
113,113,220,09-01-2021,629801.0,6.76,615452.0,10666.0,1.69,3683.0,Saturday,January2021,2021,20210109
114,114,221,10-01-2021,630200.0,6.71,616054.0,10678.0,1.69,3468.0,Sunday,January2021,2021,20210110
115,115,222,11-01-2021,630506.0,6.67,616461.0,10691.0,1.7,3354.0,Monday,January2021,2021,20210111
116,116,224,13-01-2021,631249.0,6.58,617540.0,10718.0,1.7,2991.0,Wednesday,January2021,2021,20210113
117,117,225,14-01-2021,631589.0,6.53,617930.0,10722.0,1.7,2937.0,Thursday,January2021,2021,20210114
118,118,226,15-01-2021,631884.0,6.49,618357.0,10732.0,1.7,2795.0,Friday,January2021,2021,20210115
119,119,227,16-01-2021,632183.0,6.45,618754.0,10738.0,1.7,2691.0,Saturday,January2021,2021,20210116
120,120,228,17-01-2021,632429.0,6.4,619139.0,10746.0,1.7,2544.0,Sunday,January2021,2021,20210117
121,121,229,18-01-2021,632590.0,6.37,619501.0,10754.0,1.7,2335.0,Monday,January2021,2021,20210118
122,122,230,19-01-2021,632821.0,6.33,619723.0,10764.0,1.7,2334.0,Tuesday,January2021,2021,20210119
123,123,231,20-01-2021,633049.0,6.29,620128.0,10774.0,1.7,2147.0,Wednesday,January2021,2021,20210120
124,124,232,21-01-2021,633276.0,6.24,620374.0,10782.0,1.7,2120.0,Thursday,January2021,2021,20210121
125,125,233,22-01-2021,633542.0,6.2,620693.0,10789.0,1.7,2060.0,Friday,January2021,2021,20210122
126,126,234,23-01-2021,633739.0,6.16,621060.0,10799.0,1.7,1880.0,Saturday,January2021,2021,20210123
127,127,235,24-01-2021,633924.0,6.12,621375.0,10808.0,1.7,1741.0,Sunday,January2021,2021,20210124
128,128,236,25-01-2021,634072.0,6.1,621565.0,10813.0,1.7,1694.0,Monday,January2021,2021,20210125
129,129,237,26-01-2021,634229.0,6.06,621783.0,10820.0,1.71,1626.0,Tuesday,January2021,2021,20210126
130,130,238,27-01-2021,634325.0,6.04,621995.0,10829.0,1.71,1501.0,Wednesday,January2021,2021,20210127
131,131,239,28-01-2021,634524.0,6.01,622114.0,10835.0,1.71,1575.0,Thursday,January2021,2021,20210128
132,132,240,29-01-2021,634773.0,5.98,622381.0,10841.0,1.71,1551.0,Friday,January2021,2021,20210129
133,133,241,30-01-2021,634956.0,5.94,622671.0,10849.0,1.71,1436.0,Saturday,January2021,2021,20210130
134,134,242,31-01-2021,635096.0,5.91,622882.0,10853.0,1.71,1361.0,Sunday,January2021,2021,20210131
135,135,243,01-02-2021,635217.0,5.89,623096.0,10856.0,1.71,1265.0,Monday,February2021,2021,20210201
136,136,244,02-02-2021,635331.0,5.86,623256.0,10858.0,1.71,1217.0,Tuesday,February2021,2021,20210202
137,137,245,03-02-2021,635481.0,5.83,623409.0,10864.0,1.71,1208.0,Wednesday,February2021,2021,20210203
138,138,246,04-02-2021,635639.0,5.8,623574.0,10871.0,1.71,1194.0,Thursday,February2021,2021,20210204
139,139,247,05-02-2021,635793.0,5.77,623714.0,10873.0,1.71,1206.0,Friday,February2021,2021,20210205
140,140,248,06-02-2021,635916.0,5.73,623865.0,10877.0,1.71,1174.0,Saturday,February2021,2021,20210206
141,141,250,09-02-2021,636260.0,5.65,624326.0,10882.0,1.71,1052.0,Tuesday,February2021,2021,20210209
142,142,251,10-02-2021,636387.0,5.62,624457.0,10884.0,1.71,1046.0,Wednesday,February2021,2021,20210210
143,143,252,11-02-2021,636529.0,5.59,624592.0,10886.0,1.71,1051.0,Thursday,February2021,2021,20210211
144,144,253,12-02-2021,636670.0,5.56,624728.0,10889.0,1.71,1053.0,Friday,February2021,2021,20210212
145,145,254,13-02-2021,636796.0,5.53,624866.0,10889.0,1.71,1041.0,Saturday,February2021,2021,20210213
146,146,255,14-02-2021,636946.0,5.51,625024.0,10891.0,1.71,1031.0,Sunday,February2021,2021,20210214
147,147,256,15-02-2021,637087.0,5.49,625158.0,10893.0,1.71,1036.0,Monday,February2021,2021,20210215
148,148,257,16-02-2021,637181.0,5.46,625268.0,10894.0,1.71,1019.0,Tuesday,February2021,2021,20210216
149,149,258,17-02-2021,637315.0,5.44,625343.0,10894.0,1.71,1078.0,Wednesday,February2021,2021,20210217
150,150,259,18-02-2021,637445.0,5.41,625496.0,10896.0,1.71,1053.0,Thursday,February2021,2021,20210218
151,151,260,19-02-2021,637603.0,5.38,625653.0,10897.0,1.71,1053.0,Friday,February2021,2021,20210219
152,152,261,20-02-2021,637755.0,5.36,625832.0,10898.0,1.71,1025.0,Saturday,February2021,2021,20210220
153,153,262,21-02-2021,637900.0,5.33,625929.0,10900.0,1.71,1071.0,Sunday,February2021,2021,20210221
154,154,263,22-02-2021,638028.0,5.31,626086.0,10901.0,1.71,1041.0,Monday,February2021,2021,20210222
155,155,264,23-02-2021,638173.0,5.29,626216.0,10903.0,1.71,1054.0,Tuesday,February2021,2021,20210223
156,156,265,24-02-2021,638373.0,5.26,626331.0,10905.0,1.71,1137.0,Wednesday,February2021,2021,20210224
157,157,266,25-02-2021,638593.0,5.24,626519.0,10905.0,1.71,1169.0,Thursday,February2021,2021,20210225
158,158,267,26-02-2021,638849.0,5.21,626712.0,10906.0,1.71,1231.0,Friday,February2021,2021,20210226
159,159,268,27-02-2021,639092.0,5.19,626876.0,10909.0,1.71,1307.0,Saturday,February2021,2021,20210227
160,160,270,01-03-2021,639464.0,5.15,627149.0,10911.0,1.71,1404.0,Monday,March2021,2021,20210301
161,161,271,02-03-2021,639681.0,5.12,627227.0,10911.0,1.71,1543.0,Tuesday,March2021,2021,20210302
162,162,272,03-03-2021,639921.0,5.1,627423.0,10914.0,1.71,1584.0,Wednesday,March2021,2021,20210303
163,163,273,04-03-2021,640182.0,5.07,627566.0,10915.0,1.7,1701.0,Thursday,March2021,2021,20210304
164,164,274,05-03-2021,640494.0,5.05,627797.0,10918.0,1.7,1779.0,Friday,March2021,2021,20210305
165,165,275,06-03-2021,640815.0,5.03,628117.0,10919.0,1.7,1779.0,Saturday,March2021,2021,20210306
166,166,277,08-03-2021,641340.0,4.98,628686.0,10924.0,1.7,1730.0,Monday,March2021,2021,20210308
167,167,278,09-03-2021,641660.0,4.96,628920.0,10928.0,1.7,1812.0,Tuesday,March2021,2021,20210309
168,168,279,10-03-2021,642030.0,4.93,629199.0,10931.0,1.7,1900.0,Wednesday,March2021,2021,20210310
169,169,280,11-03-2021,642439.0,4.91,629485.0,10934.0,1.7,2020.0,Thursday,March2021,2021,20210311
170,170,281,12-03-2021,642870.0,4.89,629841.0,10936.0,1.7,2093.0,Friday,March2021,2021,20210312
171,171,282,13-03-2021,643289.0,4.86,630143.0,10939.0,1.7,2207.0,Saturday,March2021,2021,20210313
172,172,283,14-03-2021,643696.0,4.84,630493.0,10941.0,1.7,2262.0,Sunday,March2021,2021,20210314
173,173,284,15-03-2021,644064.0,4.82,630799.0,10944.0,1.7,2321.0,Monday,March2021,2021,20210315
174,174,285,16-03-2021,644489.0,4.8,631056.0,10945.0,1.7,2488.0,Tuesday,March2021,2021,20210316
175,175,286,17-03-2021,645025.0,4.77,631375.0,10948.0,1.7,2702.0,Wednesday,March2021,2021,20210317
176,176,287,18-03-2021,645632.0,4.75,631759.0,10949.0,1.7,2924.0,Thursday,March2021,2021,20210318
177,177,288,19-03-2021,645632.0,4.75,631759.0,10949.0,1.7,2924.0,Friday,March2021,2021,20210319
178,178,289,20-03-2021,647161.0,4.71,632797.0,10955.0,1.69,3409.0,Saturday,March2021,2021,20210320
179,179,290,21-03-2021,647984.0,4.69,633410.0,10956.0,1.69,3618.0,Sunday,March2021,2021,20210321
180,180,291,22-03-2021,648872.0,4.67,633975.0,10963.0,1.69,3934.0,Monday,March2021,2021,20210322
181,181,292,23-03-2021,649973.0,4.65,634595.0,10967.0,1.69,4411.0,Tuesday,March2021,2021,20210323
182,182,293,24-03-2021,651227.0,4.63,635364.0,10973.0,1.68,4890.0,Wednesday,March2021,2021,20210324
183,183,294,25-03-2021,652742.0,4.61,636267.0,10978.0,1.68,5497.0,Thursday,March2021,2021,20210325
184,184,295,26-03-2021,654276.0,4.6,637238.0,10987.0,1.68,6051.0,Friday,March2021,2021,20210326
185,185,296,27-03-2021,655834.0,4.58,638212.0,10997.0,1.68,6625.0,Saturday,March2021,2021,20210327
186,186,297,28-03-2021,657715.0,4.57,639164.0,11006.0,1.67,7545.0,Sunday,March2021,2021,20210328
187,187,298,29-03-2021,659619.0,4.56,640575.0,11012.0,1.67,8032.0,Monday,March2021,2021,20210329
188,188,299,30-03-2021,660611.0,4.55,642166.0,11016.0,1.67,7429.0,Tuesday,March2021,2021,20210330
189,189,300,31-03-2021,662430.0,4.54,642565.0,11027.0,1.66,8838.0,Wednesday,March2021,2021,20210331
190,190,301,01-04-2021,665220.0,4.54,643686.0,11036.0,1.66,10498.0,Thursday,April2021,2021,20210401
191,191,302,02-04-2021,668814.0,4.54,645770.0,11050.0,1.65,11994.0,Friday,April2021,2021,20210402
192,192,303,03-04-2021,672381.0,4.54,648674.0,11060.0,1.65,12647.0,Saturday,April2021,2021,20210403
193,193,304,04-04-2021,676414.0,4.54,651351.0,11081.0,1.64,13982.0,Sunday,April2021,2021,20210404
194,194,305,05-04-2021,679962.0,4.54,654277.0,11096.0,1.63,14589.0,Monday,April2021,2021,20210405
195,195,306,06-04-2021,685062.0,4.54,656617.0,11113.0,1.62,17332.0,Tuesday,April2021,2021,20210406
196,196,307,07-04-2021,690568.0,4.55,659980.0,11133.0,1.61,19455.0,Wednesday,April2021,2021,20210407
197,197,308,08-04-2021,698005.0,4.57,663667.0,11157.0,1.6,23181.0,Thursday,April2021,2021,20210408
198,198,309,09-04-2021,706526.0,4.6,668699.0,11196.0,1.58,26631.0,Friday,April2021,2021,20210409
199,199,310,10-04-2021,714423.0,4.63,674415.0,11235.0,1.57,28773.0,Saturday,April2021,2021,20210410
200,200,311,11-04-2021,725197.0,4.66,679573.0,11283.0,1.56,34341.0,Sunday,April2021,2021,20210411
201,201,312,12-04-2021,736688.0,4.71,687238.0,11355.0,1.54,38095.0,Monday,April2021,2021,20210412
202,202,313,13-04-2021,750156.0,4.76,695210.0,11436.0,1.52,43510.0,Tuesday,April2021,2021,20210413
203,203,315,15-04-2021,784137.0,4.92,718176.0,11652.0,1.49,54309.0,Thursday,April2021,2021,20210415
204,204,318,18-04-2021,853460.0,5.26,766398.0,12121.0,1.42,74941.0,Sunday,April2021,2021,20210418
205,205,321,21-04-2021,930179.0,5.64,831928.0,12887.0,1.39,85364.0,Wednesday,April2021,2021,20210421
206,206,322,22-04-2021,956348.0,5.78,851537.0,13193.0,1.38,91618.0,Thursday,April2021,2021,20210422
207,207,323,23-04-2021,980679.0,5.9,875109.0,13541.0,1.38,92029.0,Friday,April2021,2021,20210423
208,208,324,24-04-2021,1004782.0,6.01,897804.0,13898.0,1.38,93080.0,Saturday,April2021,2021,20210424
209,209,325,25-04-2021,1027715.0,6.12,918875.0,14248.0,1.39,94592.0,Sunday,April2021,2021,20210425
210,210,326,26-04-2021,1047916.0,6.22,940930.0,14628.0,1.4,92358.0,Monday,April2021,2021,20210426
211,211,327,27-04-2021,1072065.0,6.34,958792.0,15009.0,1.4,98264.0,Tuesday,April2021,2021,20210427
212,212,328,28-04-2021,1098051.0,6.46,982922.0,15377.0,1.4,99752.0,Wednesday,April2021,2021,20210428
213,213,330,30-04-2021,1149333.0,6.7,1033825.0,16147.0,1.4,99361.0,Friday,April2021,2021,20210430
214,214,331,01-05-2021,1174552.0,6.82,1061246.0,16559.0,1.41,96747.0,Saturday,May2021,2021,20210501
215,215,332,02-05-2021,1194946.0,6.91,1085690.0,16966.0,1.42,92290.0,Sunday,May2021,2021,20210502
216,216,334,04-05-2021,1232942.0,7.07,1124771.0,17752.0,1.44,90419.0,Tuesday,May2021,2021,20210504
217,217,335,05-05-2021,1253902.0,7.16,1143980.0,18063.0,1.44,91859.0,Wednesday,May2021,2021,20210505
218,218,336,06-05-2021,1273035.0,7.27,1164008.0,18398.0,1.45,90629.0,Thursday,May2021,2021,20210506
219,219,337,07-05-2021,1292867.0,7.31,1183093.0,18739.0,1.45,91035.0,Friday,May2021,2021,20210507
220,220,338,08-05-2021,1310231.0,7.38,1203253.0,19071.0,1.46,87907.0,Saturday,May2021,2021,20210508
221,221,339,09-05-2021,1323567.0,7.43,1217991.0,19344.0,1.46,86232.0,Sunday,May2021,2021,20210509
222,222,340,10-05-2021,1336218.0,7.47,1231297.0,19663.0,1.47,85258.0,Monday,May2021,2021,20210510
223,223,341,11-05-2021,1348699.0,7.51,1244880.0,20010.0,1.48,83809.0,Tuesday,May2021,2021,20210511
224,224,342,12-05-2021,1361986.0,7.56,1258951.0,20310.0,1.49,82725.0,Wednesday,May2021,2021,20210512
225,225,344,14-05-2021,1380981.0,7.6,1288280.0,20907.0,1.51,71794.0,Friday,May2021,2021,20210514
226,226,345,15-05-2021,1387411.0,7.61,1299872.0,21244.0,1.53,66295.0,Saturday,May2021,2021,20210515
227,227,346,16-05-2021,1393867.0,7.62,1309578.0,21506.0,1.55,62783.0,Sunday,May2021,2021,20210516
228,228,347,17-05-2021,1398391.0,7.62,1320496.0,21846.0,1.56,56049.0,Monday,May2021,2021,20210517
229,229,348,18-05-2021,1402873.0,7.62,1329899.0,22111.0,1.58,50863.0,Tuesday,May2021,2021,20210518
230,230,349,19-05-2021,1406719.0,7.61,1339326.0,22346.0,1.59,45047.0,Wednesday,May2021,2021,20210519
231,231,350,20-05-2021,1409950.0,7.61,1347157.0,22579.0,1.6,40214.0,Thursday,May2021,2021,20210520
232,232,351,21-05-2021,1412959.0,7.6,1354445.0,22831.0,1.62,35683.0,Friday,May2021,2021,20210521
233,233,352,22-05-2021,1415219.0,7.58,1360898.0,23013.0,1.63,31308.0,Saturday,May2021,2021,20210522
234,234,353,23-05-2021,1416868.0,7.57,1366056.0,23202.0,1.64,27610.0,Sunday,May2021,2021,20210523
235,235,354,24-05-2021,1418418.0,7.55,1370431.0,23409.0,1.65,24578.0,Monday,May2021,2021,20210524
236,236,355,25-05-2021,1419986.0,7.53,1374682.0,23565.0,1.66,21739.0,Tuesday,May2021,2021,20210525
237,237,357,27-05-2021,1422549.0,7.48,1382359.0,23812.0,1.67,16378.0,Thursday,May2021,2021,20210527
238,238,358,28-05-2021,1423690.0,7.46,1385158.0,23951.0,1.68,14581.0,Friday,May2021,2021,20210528
239,239,359,29-05-2021,1424646.0,7.43,1387538.0,24073.0,1.69,13035.0,Saturday,May2021,2021,20210529
240,240,361,31-05-2021,1426240.0,7.39,1390963.0,24237.0,1.7,11040.0,Monday,May2021,2021,20210531
241,241,362,01-06-2021,1426863.0,7.37,1392386.0,24299.0,1.7,10178.0,Tuesday,June2021,2021,20210601
242,242,363,02-06-2021,1427439.0,7.34,1393673.0,24402.0,1.71,9364.0,Wednesday,June2021,2021,20210602
243,243,364,03-06-2021,1427926.0,7.31,1394731.0,24447.0,1.71,8748.0,Thursday,June2021,2021,20210603
244,244,365,04-06-2021,1428449.0,7.29,1395892.0,24497.0,1.71,8060.0,Friday,June2021,2021,20210604
245,245,366,05-06-2021,1428863.0,7.26,1397575.0,24557.0,1.72,6731.0,Saturday,June2021,2021,20210605
246,246,367,06-06-2021,1429244.0,7.23,1398764.0,24591.0,1.72,5889.0,Sunday,June2021,2021,20210606
247,247,368,07-06-2021,1429475.0,7.21,1399640.0,24627.0,1.72,5208.0,Monday,June2021,2021,20210607
248,248,369,08-06-2021,1429791.0,7.19,1400161.0,24668.0,1.73,4962.0,Tuesday,June2021,2021,20210608
249,249,371,10-06-2021,1430433.0,7.14,1401473.0,24748.0,1.73,4212.0,Thursday,June2021,2021,20210610
250,250,372,11-06-2021,1430671.0,7.11,1401977.0,24772.0,1.73,3922.0,Friday,June2021,2021,20210611
251,251,373,12-06-2021,1430884.0,7.09,1402474.0,24800.0,1.73,3610.0,Saturday,June2021,2021,20210612
252,252,374,13-06-2021,1431139.0,7.06,1402850.0,24823.0,1.73,3466.0,Sunday,June2021,2021,20210613
253,253,375,14-06-2021,1431270.0,7.04,1403205.0,24839.0,1.74,3226.0,Monday,June2021,2021,20210614
254,254,376,15-06-2021,1431498.0,7.02,1403569.0,24851.0,1.74,3078.0,Tuesday,June2021,2021,20210615
255,255,377,16-06-2021,1431710.0,6.99,1404085.0,24876.0,1.74,2749.0,Wednesday,June2021,2021,20210616
256,256,378,17-06-2021,1431868.0,6.97,1404428.0,24886.0,1.74,2554.0,Thursday,June2021,2021,20210617
257,257,379,18-06-2021,1432033.0,6.94,1404688.0,24900.0,1.74,2445.0,Friday,June2021,2021,20210618
258,258,380,19-06-2021,1432168.0,6.92,1404889.0,24907.0,1.74,2372.0,Saturday,June2021,2021,20210619
259,259,381,20-06-2021,1432292.0,6.89,1405287.0,24914.0,1.74,2091.0,Sunday,June2021,2021,20210620
260,260,383,25-06-2021,1433590.0,6.78,1406958.0,24952.0,1.74,1680.0,Friday,June2021,2021,20210625
261,261,384,26-06-2021,1433675.0,6.76,1407116.0,24961.0,1.74,1598.0,Saturday,June2021,2021,20210626
262,262,385,27-06-2021,1433934.0,6.74,1407401.0,24965.0,1.74,1568.0,Sunday,June2021,2021,20210627
263,263,386,28-06-2021,1433993.0,6.72,1407473.0,24967.0,1.74,1553.0,Monday,June2021,2021,20210628
264,264,387,29-06-2021,1434094.0,6.7,1407592.0,24971.0,1.74,1531.0,Tuesday,June2021,2021,20210629
265,265,388,30-06-2021,1434188.0,6.68,1407832.0,24977.0,1.74,1379.0,Wednesday,June2021,2021,20210630
266,266,389,01-07-2021,1434281.0,6.65,1407943.0,24981.0,1.74,1357.0,Thursday,July2021,2021,20210701
267,267,390,02-07-2021,1434374.0,6.63,1408350.0,24983.0,1.74,1041.0,Friday,July2021,2021,20210702
268,268,391,03-07-2021,1434460.0,6.61,1408456.0,24988.0,1.74,1016.0,Saturday,July2021,2021,20210703
269,269,393,05-07-2021,1434608.0,6.57,1408699.0,24997.0,1.74,912.0,Monday,July2021,2021,20210705
270,270,394,06-07-2021,1434687.0,6.55,1408853.0,25001.0,1.74,833.0,Tuesday,July2021,2021,20210706
271,271,395,07-07-2021,1434780.0,6.52,1408917.0,25005.0,1.74,858.0,Wednesday,July2021,2021,20210707
272,272,396,08-07-2021,1434873.0,6.5,1409018.0,25008.0,1.74,847.0,Thursday,July2021,2021,20210708
273,273,397,09-07-2021,1434954.0,6.48,1409145.0,25011.0,1.74,798.0,Friday,July2021,2021,20210709
274,274,398,10-07-2021,1435030.0,6.46,1409226.0,25012.0,1.74,792.0,Saturday,July2021,2021,20210710
275,275,399,11-07-2021,1435083.0,6.43,1409325.0,25015.0,1.74,743.0,Sunday,July2021,2021,20210711
276,276,400,12-07-2021,1435128.0,6.42,1409417.0,25018.0,1.74,693.0,Monday,July2021,2021,20210712
277,277,401,13-07-2021,1435204.0,6.4,1409501.0,25020.0,1.74,683.0,Tuesday,July2021,2021,20210713
278,278,402,14-07-2021,1435281.0,6.38,1409572.0,25021.0,1.74,688.0,Wednesday,July2021,2021,20210714
279,279,403,15-07-2021,1435353.0,6.36,1409660.0,25022.0,1.74,671.0,Thursday,July2021,2021,20210715
280,280,404,16-07-2021,1435419.0,6.34,1409739.0,25023.0,1.74,657.0,Friday,July2021,2021,20210716
281,281,405,17-07-2021,1435478.0,6.32,1409830.0,25027.0,1.74,621.0,Saturday,July2021,2021,20210717
282,282,406,18-07-2021,1435529.0,6.3,1409910.0,25027.0,1.74,592.0,Sunday,July2021,2021,20210718
283,283,407,19-07-2021,1435565.0,6.28,1409968.0,25030.0,1.74,567.0,Monday,July2021,2021,20210719
284,284,408,20-07-2021,1435609.0,6.26,1410005.0,25035.0,1.74,569.0,Tuesday,July2021,2021,20210720
285,285,409,21-07-2021,1435671.0,6.25,1410066.0,25039.0,1.74,566.0,Wednesday,July2021,2021,20210721
286,286,410,22-07-2021,1435720.0,6.23,1410095.0,25040.0,1.74,585.0,Thursday,July2021,2021,20210722
287,287,411,23-07-2021,1435778.0,6.21,1410164.0,25041.0,1.74,573.0,Friday,July2021,2021,20210723
288,288,412,24-07-2021,1435844.0,6.19,1410216.0,25041.0,1.74,587.0,Saturday,July2021,2021,20210724
289,289,413,25-07-2021,1435910.0,6.17,1410288.0,25043.0,1.74,579.0,Sunday,July2021,2021,20210725
290,290,414,26-07-2021,1435949.0,6.16,1410368.0,25044.0,1.74,537.0,Monday,July2021,2021,20210726
291,291,415,27-07-2021,1436026.0,6.14,1410410.0,25046.0,1.74,570.0,Tuesday,July2021,2021,20210727
292,292,416,28-07-2021,1436093.0,6.12,1410471.0,25049.0,1.74,573.0,Wednesday,July2021,2021,20210728
293,293,417,29-07-2021,1436144.0,6.1,1410541.0,25049.0,1.74,554.0,Thursday,July2021,2021,20210729
294,294,418,30-07-2021,1436207.0,6.09,1410575.0,25052.0,1.74,580.0,Friday,July2021,2021,20210730
295,295,419,31-07-2021,1436265.0,6.07,1410631.0,25053.0,1.74,581.0,Saturday,July2021,2021,20210731
296,296,420,01-08-2021,1436350.0,6.05,1410714.0,25054.0,1.74,582.0,Sunday,August2021,2021,20210801
297,297,421,02-08-2021,1436401.0,6.04,1410809.0,25054.0,1.74,538.0,Monday,August2021,2021,20210802
298,298,422,03-08-2021,1436451.0,6.02,1410874.0,25058.0,1.74,519.0,Tuesday,August2021,2021,20210803
299,299,423,04-08-2021,1436518.0,6.0,1410947.0,25058.0,1.74,513.0,Wednesday,August2021,2021,20210804
300,300,424,05-08-2021,1436579.0,5.99,1411001.0,25060.0,1.74,518.0,Thursday,August2021,2021,20210805
301,301,425,06-08-2021,1436623.0,5.97,1411042.0,25065.0,1.74,516.0,Friday,August2021,2021,20210806
302,302,426,07-08-2021,1436695.0,5.95,1411064.0,25066.0,1.74,565.0,Saturday,August2021,2021,20210807
303,303,427,08-08-2021,1436761.0,5.93,1411159.0,25066.0,1.74,536.0,Sunday,August2021,2021,20210808
304,304,428,09-08-2021,1436800.0,5.92,1411235.0,25067.0,1.74,498.0,Monday,August2021,2021,20210809
305,305,429,10-08-2021,1436852.0,5.9,1411280.0,25068.0,1.74,504.0,Tuesday,August2021,2021,20210810
306,306,430,11-08-2021,1436889.0,5.89,1411327.0,25068.0,1.74,494.0,Wednesday,August2021,2021,20210811
307,307,432,13-08-2021,1436988.0,5.85,1411452.0,25068.0,1.74,468.0,Friday,August2021,2021,20210813
308,308,433,14-08-2021,1437038.0,5.84,1411491.0,25069.0,1.74,478.0,Saturday,August2021,2021,20210814
309,309,434,15-08-2021,1437091.0,5.82,1411509.0,25069.0,1.74,513.0,Sunday,August2021,2021,20210815
310,310,435,16-08-2021,1437118.0,5.81,1411582.0,25069.0,1.74,467.0,Monday,August2021,2021,20210816
311,311,436,17-08-2021,1437156.0,5.8,1411612.0,25073.0,1.74,471.0,Tuesday,August2021,2021,20210817
312,312,437,18-08-2021,1437192.0,5.79,1411688.0,25077.0,1.74,427.0,Wednesday,August2021,2021,20210818
313,313,438,19-08-2021,1437217.0,5.77,1411690.0,25079.0,1.74,448.0,Thursday,August2021,2021,20210819
314,314,439,20-08-2021,1437274.0,5.75,1411736.0,25079.0,1.74,459.0,Friday,August2021,2021,20210820
315,315,440,21-08-2021,1437293.0,5.74,1411784.0,25079.0,1.74,430.0,Saturday,August2021,2021,20210821
316,316,441,22-08-2021,1437317.0,5.73,1411840.0,25079.0,1.74,398.0,Sunday,August2021,2021,20210822
317,317,442,23-08-2021,1437334.0,5.72,1411881.0,25079.0,1.74,374.0,Monday,August2021,2021,20210823
318,318,443,24-08-2021,1437485.0,5.7,1411995.0,25079.0,1.74,411.0,Tuesday,August2021,2021,20210824
319,319,444,25-08-2021,1437550.0,5.69,1412081.0,25080.0,1.74,389.0,Wednesday,August2021,2021,20210825
320,320,445,26-08-2021,1437595.0,5.67,1412102.0,25080.0,1.74,413.0,Thursday,August2021,2021,20210826
321,321,446,27-08-2021,1437656.0,5.65,1412164.0,25080.0,1.74,412.0,Friday,August2021,2021,20210827
322,322,447,28-08-2021,1437685.0,5.64,1412212.0,25080.0,1.74,393.0,Saturday,August2021,2021,20210828
323,323,448,29-08-2021,1437716.0,5.62,1412244.0,25080.0,1.74,392.0,Sunday,August2021,2021,20210829
324,324,449,30-08-2021,1437736.0,5.61,1412280.0,25081.0,1.74,375.0,Monday,August2021,2021,20210830
325,325,450,31-08-2021,1437764.0,5.6,1412333.0,25082.0,1.74,349.0,Tuesday,August2021,2021,20210831
326,326,451,01-09-2021,1437800.0,5.59,1412375.0,25082.0,1.74,343.0,Wednesday,September2021,2021,20210901
327,327,452,02-09-2021,1437839.0,5.57,1412413.0,25082.0,1.74,344.0,Thursday,September2021,2021,20210902
328,328,453,03-09-2021,1437874.0,5.56,1412430.0,25082.0,1.74,362.0,Friday,September2021,2021,20210903
329,329,454,04-09-2021,1437929.0,5.54,1412493.0,25082.0,1.74,354.0,Saturday,September2021,2021,20210904
330,330,455,05-09-2021,1437959.0,5.53,1412526.0,25082.0,1.74,351.0,Sunday,September2021,2021,20210905
331,331,456,06-09-2021,1437991.0,5.52,1412542.0,25082.0,1.74,367.0,Monday,September2021,2021,20210906
332,332,457,07-09-2021,1438041.0,5.51,1412572.0,25083.0,1.74,386.0,Tuesday,September2021,2021,20210907
333,333,458,08-09-2021,1438082.0,5.49,1412585.0,25083.0,1.74,414.0,Wednesday,September2021,2021,20210908
334,334,459,09-09-2021,1438118.0,5.47,1412620.0,25083.0,1.74,415.0,Thursday,September2021,2021,20210909
335,335,460,10-09-2021,1438154.0,5.46,1412672.0,25083.0,1.74,399.0,Friday,September2021,2021,20210910
336,336,461,11-09-2021,1438211.0,5.44,1412716.0,25083.0,1.74,412.0,Saturday,September2021,2021,20210911
337,337,462,12-09-2021,1438233.0,5.43,1412760.0,25083.0,1.74,390.0,Sunday,September2021,2021,20210912
338,338,463,14-09-2021,1438288.0,5.41,1412805.0,25083.0,1.74,400.0,Tuesday,September2021,2021,20210914
339,339,464,15-09-2021,1438345.0,5.39,1412858.0,25083.0,1.74,404.0,Wednesday,September2021,2021,20210915
340,340,465,16-09-2021,1438373.0,5.38,1412880.0,25084.0,1.74,409.0,Thursday,September2021,2021,20210916
341,341,466,17-09-2021,1438428.0,5.36,1412936.0,25085.0,1.74,407.0,Friday,September2021,2021,20210917
342,342,467,18-09-2021,1438469.0,5.35,1412980.0,25085.0,1.74,404.0,Saturday,September2021,2021,20210918
343,343,468,19-09-2021,1438497.0,5.34,1413025.0,25085.0,1.74,387.0,Sunday,September2021,2021,20210919
344,344,469,20-09-2021,1438517.0,5.33,1413053.0,25085.0,1.74,379.0,Monday,September2021,2021,20210920
345,345,470,21-09-2021,1438556.0,5.31,1413071.0,25085.0,1.74,400.0,Tuesday,September2021,2021,20210921
346,346,471,22-09-2021,1438586.0,5.3,1413090.0,25085.0,1.74,411.0,Wednesday,September2021,2021,20210922
347,347,472,23-09-2021,1438634.0,5.29,1413116.0,25085.0,1.74,433.0,Thursday,September2021,2021,20210923
348,348,473,24-09-2021,1438658.0,5.27,1413182.0,25085.0,1.74,391.0,Friday,September2021,2021,20210924
349,349,474,25-09-2021,1438685.0,5.26,1413221.0,25085.0,1.74,379.0,Saturday,September2021,2021,20210925
350,350,475,26-09-2021,1438714.0,5.25,1413258.0,25085.0,1.74,371.0,Sunday,September2021,2021,20210926
351,351,476,27-09-2021,1438746.0,5.24,1413295.0,25085.0,1.74,366.0,Monday,September2021,2021,20210927
352,352,477,28-09-2021,1438780.0,5.23,1413320.0,25087.0,1.74,373.0,Tuesday,September2021,2021,20210928
353,353,478,29-09-2021,1438821.0,5.21,1413342.0,25087.0,1.74,392.0,Wednesday,September2021,2021,20210929
354,354,479,30-09-2021,1438868.0,5.2,1413381.0,25087.0,1.74,400.0,Thursday,September2021,2021,20210930
355,355,480,01-10-2021,1438900.0,5.19,1413404.0,25087.0,1.74,409.0,Friday,October2021,2021,20211001
356,356,481,02-10-2021,1438933.0,5.17,1413462.0,25088.0,1.74,383.0,Saturday,October2021,2021,20211002
357,357,482,03-10-2021,1438966.0,5.17,1413492.0,25088.0,1.74,386.0,Sunday,October2021,2021,20211003
358,358,483,04-10-2021,1439000.0,5.16,1413514.0,25088.0,1.74,398.0,Monday,October2021,2021,20211004
359,359,484,05-10-2021,1439027.0,5.15,1413590.0,25088.0,1.74,349.0,Tuesday,October2021,2021,20211005
360,360,485,06-10-2021,1439053.0,5.14,1413611.0,25088.0,1.74,354.0,Wednesday,October2021,2021,20211006
361,361,486,07-10-2021,1439097.0,5.13,1413626.0,25088.0,1.74,383.0,Thursday,October2021,2021,20211007
362,362,487,08-10-2021,1439136.0,5.11,1413649.0,25088.0,1.74,399.0,Friday,October2021,2021,20211008
363,363,488,09-10-2021,1439166.0,5.1,1413701.0,25088.0,1.74,377.0,Saturday,October2021,2021,20211009
364,364,489,10-10-2021,1439195.0,5.09,1413759.0,25089.0,1.74,347.0,Sunday,October2021,2021,20211010
365,365,490,11-10-2021,1439218.0,5.09,1413760.0,25089.0,1.74,369.0,Monday,October2021,2021,20211011
366,366,491,12-10-2021,1439252.0,5.07,1413798.0,25089.0,1.74,365.0,Tuesday,October2021,2021,20211012
367,367,492,13-10-2021,1439283.0,5.06,1413856.0,25089.0,1.74,338.0,Wednesday,October2021,2021,20211013
368,368,493,14-10-2021,1439311.0,5.05,1413885.0,25089.0,1.74,337.0,Thursday,October2021,2021,20211014
369,369,494,15-10-2021,1439337.0,5.04,1413921.0,25089.0,1.74,327.0,Friday,October2021,2021,20211015
370,370,495,16-10-2021,1439358.0,5.03,1413943.0,25089.0,1.74,326.0,Saturday,October2021,2021,20211016
371,371,496,17-10-2021,1439390.0,5.02,1413981.0,25089.0,1.74,320.0,Sunday,October2021,2021,20211017
372,372,497,18-10-2021,1439405.0,5.02,1414018.0,25089.0,1.74,298.0,Monday,October2021,2021,20211018
373,373,498,19-10-2021,1439441.0,5.01,1414029.0,25090.0,1.74,322.0,Tuesday,October2021,2021,20211019
374,374,499,20-10-2021,1439466.0,5.0,1414066.0,25090.0,1.74,310.0,Wednesday,October2021,2021,20211020
375,375,500,21-10-2021,1439488.0,4.99,1414087.0,25090.0,1.74,311.0,Thursday,October2021,2021,20211021
376,376,501,22-10-2021,1439526.0,4.98,1414095.0,25091.0,1.74,340.0,Friday,October2021,2021,20211022
377,377,502,23-10-2021,1439566.0,4.97,1414141.0,25091.0,1.74,334.0,Saturday,October2021,2021,20211023
378,378,503,24-10-2021,1439603.0,4.96,1414192.0,25091.0,1.74,320.0,Sunday,October2021,2021,20211024
379,379,504,25-10-2021,1439630.0,4.95,1414232.0,25091.0,1.74,307.0,Monday,October2021,2021,20211025
380,380,505,26-10-2021,1439671.0,4.94,1414257.0,25091.0,1.74,323.0,Tuesday,October2021,2021,20211026
381,381,506,27-10-2021,1439709.0,4.93,1414270.0,25091.0,1.74,348.0,Wednesday,October2021,2021,20211027
382,382,507,28-10-2021,1439751.0,4.92,1414315.0,25091.0,1.74,345.0,Thursday,October2021,2021,20211028
383,383,508,29-10-2021,1439788.0,4.91,1414363.0,25091.0,1.74,334.0,Friday,October2021,2021,20211029
384,384,509,30-10-2021,1439825.0,4.9,1414385.0,25091.0,1.74,349.0,Saturday,October2021,2021,20211030
385,385,510,31-10-2021,1439870.0,4.89,1414431.0,25091.0,1.74,348.0,Sunday,October2021,2021,20211031
386,386,511,01-11-2021,1439888.0,4.89,1414480.0,25091.0,1.74,317.0,Monday,November2021,2021,20211101
387,387,512,02-11-2021,1439922.0,4.89,1414522.0,25091.0,1.74,309.0,Tuesday,November2021,2021,20211102
388,388,513,03-11-2021,1439963.0,4.87,1414552.0,25091.0,1.74,320.0,Wednesday,November2021,2021,20211103
389,389,514,04-11-2021,1440003.0,4.86,1414609.0,25091.0,1.74,303.0,Thursday,November2021,2021,20211104
390,390,515,05-11-2021,1440035.0,4.86,1414616.0,25091.0,1.74,328.0,Friday,November2021,2021,20211105
391,391,516,06-11-2021,1440071.0,4.85,1414629.0,25091.0,1.74,351.0,Saturday,November2021,2021,20211106
392,392,517,07-11-2021,1440118.0,4.85,1414662.0,25091.0,1.74,365.0,Sunday,November2021,2021,20211107
393,393,518,08-11-2021,1440143.0,4.84,1414710.0,25091.0,1.74,342.0,Monday,November2021,2021,20211108
394,394,519,09-11-2021,1440176.0,4.83,1414736.0,25091.0,1.74,349.0,Tuesday,November2021,2021,20211109
395,395,520,10-11-2021,1440230.0,4.82,1414751.0,25091.0,1.74,388.0,Wednesday,November2021,2021,20211110
396,396,521,11-11-2021,1440270.0,4.81,1414812.0,25091.0,1.74,367.0,Thursday,November2021,2021,20211111
397,397,522,12-11-2021,1440332.0,4.81,1414868.0,25093.0,1.74,371.0,Friday,November2021,2021,20211112
398,398,523,13-11-2021,1440388.0,4.8,1414934.0,25093.0,1.74,361.0,Saturday,November2021,2021,20211113
399,399,524,14-11-2021,1440424.0,4.79,1414981.0,25094.0,1.74,349.0,Sunday,November2021,2021,20211114
400,400,525,15-11-2021,1440440.0,4.78,1415008.0,25095.0,1.74,337.0,Monday,November2021,2021,20211115
401,401,526,16-11-2021,1440484.0,4.77,1415032.0,25095.0,1.74,357.0,Tuesday,November2021,2021,20211116
402,402,527,17-11-2021,1440528.0,4.76,1415087.0,25095.0,1.74,346.0,Wednesday,November2021,2021,20211117
403,403,528,18-11-2021,1440575.0,4.76,1415118.0,25095.0,1.74,362.0,Thursday,November2021,2021,20211118
404,404,529,19-11-2021,1440605.0,4.75,1415185.0,25095.0,1.74,325.0,Friday,November2021,2021,20211119
405,405,530,20-11-2021,1440637.0,4.74,1415217.0,25095.0,1.74,325.0,Saturday,November2021,2021,20211120
406,406,531,21-11-2021,1440666.0,4.73,1415262.0,25095.0,1.74,309.0,Sunday,November2021,2021,20211121
407,407,532,22-11-2021,1440692.0,4.72,1415300.0,25095.0,1.74,297.0,Monday,November2021,2021,20211122
408,408,533,23-11-2021,1440719.0,4.72,1415328.0,25095.0,1.74,296.0,Tuesday,November2021,2021,20211123
409,409,534,24-11-2021,1440754.0,4.71,1415348.0,25095.0,1.74,311.0,Wednesday,November2021,2021,20211124
410,410,535,25-11-2021,1440784.0,4.7,1415380.0,25095.0,1.74,309.0,Thursday,November2021,2021,20211125
411,411,536,26-11-2021,1440807.0,4.69,1415411.0,25095.0,1.74,301.0,Friday,November2021,2021,20211126
412,412,537,27-11-2021,1440866.0,4.67,1415481.0,25097.0,1.74,288.0,Saturday,November2021,2021,20211127
413,413,538,28-11-2021,1440866.0,4.67,1415481.0,25097.0,1.74,288.0,Sunday,November2021,2021,20211128
414,414,539,29-11-2021,1440973.0,4.65,1415589.0,25098.0,1.74,286.0,Monday,November2021,2021,20211129
415,415,540,30-11-2021,1441190.0,4.64,1415785.0,25098.0,1.74,307.0,Tuesday,November2021,2021,20211130
416,416,541,01-12-2021,1440973.0,4.65,1415589.0,25098.0,1.74,286.0,Wednesday,December2021,2021,20211201
417,417,542,02-12-2021,1441190.0,4.64,1415785.0,25098.0,1.74,307.0,Thursday,December2021,2021,20211202
418,418,543,03-12-2021,1441244.0,4.63,1415814.0,25098.0,1.74,332.0,Friday,December2021,2021,20211203
419,419,544,04-12-2021,1441295.0,4.62,1415875.0,25098.0,1.74,322.0,Saturday,December2021,2021,20211204
420,420,545,05-12-2021,1441358.0,4.62,1415890.0,25098.0,1.74,370.0,Sunday,December2021,2021,20211205
421,421,546,06-12-2021,1441398.0,4.61,1415955.0,25099.0,1.74,344.0,Monday,December2021,2021,20211206
422,422,547,07-12-2021,1441449.0,4.6,1415974.0,25099.0,1.74,376.0,Tuesday,December2021,2021,20211207
423,423,548,08-12-2021,1441514.0,4.59,1416010.0,25100.0,1.74,404.0,Wednesday,December2021,2021,20211208
424,424,549,09-12-2021,1441569.0,4.59,1416083.0,25100.0,1.74,386.0,Thursday,December2021,2021,20211209
425,425,550,10-12-2021,1441610.0,4.58,1416140.0,25100.0,1.74,370.0,Friday,December2021,2021,20211210
426,426,551,11-12-2021,1441662.0,4.57,1416177.0,25100.0,1.74,385.0,Saturday,December2021,2021,20211211
427,427,552,12-12-2021,1441718.0,4.56,1416221.0,25100.0,1.74,397.0,Sunday,December2021,2021,20211212
428,428,553,13-12-2021,1441748.0,4.55,1416255.0,25100.0,1.74,393.0,Monday,December2021,2021,20211213
429,429,554,14-12-2021,1441793.0,4.55,1416286.0,25100.0,1.74,407.0,Tuesday,December2021,2021,20211214
430,430,555,15-12-2021,1441850.0,4.54,1416322.0,25100.0,1.74,428.0,Wednesday,December2021,2021,20211215
431,431,556,16-12-2021,1441935.0,4.53,1416360.0,25100.0,1.74,475.0,Thursday,December2021,2021,20211216
432,432,557,17-12-2021,1442004.0,4.52,1416438.0,25100.0,1.74,466.0,Friday,December2021,2021,20211217
433,433,558,18-12-2021,1442090.0,4.51,1416506.0,25100.0,1.74,484.0,Saturday,December2021,2021,20211218
434,434,559,19-12-2021,1442197.0,4.51,1416556.0,25101.0,1.74,540.0,Sunday,December2021,2021,20211219
435,435,560,20-12-2021,1442288.0,4.5,1416656.0,25101.0,1.74,531.0,Monday,December2021,2021,20211220
436,436,561,21-12-2021,1442390.0,4.49,1416731.0,25102.0,1.74,557.0,Tuesday,December2021,2021,20211221
437,437,562,22-12-2021,1442515.0,4.48,1416789.0,25102.0,1.74,624.0,Wednesday,December2021,2021,20211222
438,438,563,23-12-2021,1442633.0,4.48,1416846.0,25103.0,1.74,684.0,Thursday,December2021,2021,20211223
439,439,564,24-12-2021,1442813.0,4.47,1416928.0,25103.0,1.74,782.0,Friday,December2021,2021,20211224
440,440,565,25-12-2021,1443062.0,4.46,1417024.0,25104.0,1.74,934.0,Saturday,December2021,2021,20211225
441,441,566,26-12-2021,1443352.0,4.45,1417144.0,25105.0,1.74,1103.0,Sunday,December2021,2021,20211226
442,442,567,27-12-2021,1443683.0,4.45,1417288.0,25106.0,1.74,1289.0,Monday,December2021,2021,20211227
443,443,568,28-12-2021,1444179.0,4.44,1417460.0,25107.0,1.74,1612.0,Tuesday,December2021,2021,20211228
444,444,569,29-12-2021,1445102.0,4.44,1417804.0,25107.0,1.74,2191.0,Wednesday,December2021,2021,20211229
445,445,570,30-12-2021,1446415.0,4.43,1418227.0,25107.0,1.74,3081.0,Thursday,December2021,2021,20211230
446,446,571,31-12-2021,1448211.0,4.43,1418694.0,25107.0,1.73,4410.0,Friday,December2021,2021,20211231
447,447,572,01-01-2022,1450927.0,4.42,1419459.0,25108.0,1.73,6360.0,Saturday,January2022,2022,20220101
448,448,573,02-01-2022,1454121.0,4.42,1420615.0,25109.0,1.73,8397.0,Sunday,January2022,2022,20220102
449,449,574,03-01-2022,1458220.0,4.43,1422124.0,25110.0,1.72,10986.0,Monday,January2022,2022,20220103
450,450,575,04-01-2022,1463701.0,4.44,1423699.0,25113.0,1.72,14889.0,Tuesday,January2022,2022,20220104
