date,airport,flights_arrived,passengers,positive_cases
13-12-2021,chennai,46188,4649812,448
13-12-2021,coimbatore,7223,789729,370
13-12-2021,madurai,4738,460399,159
13-12-2021,trichy,2327,136860,108
13-12-2021,total,60476,6036800,1085
11-12-2021,chennai,45924,4614038,448
11-12-2021,coimbatore,7180,783335,370
11-12-2021,madurai,4711,457723,159
11-12-2021,trichy,2317,136186,108
11-12-2021,total,60132,5991282,1085
10-12-2021,chennai,45796,4596685,448
10-12-2021,coimbatore,7158,780357,370
10-12-2021,madurai,4698,456462,159
10-12-2021,trichy,2312,135844,108
10-12-2021,total,59964,5969348,1085
09-12-2021,chennai,45665,4579187,448
09-12-2021,coimbatore,7137,777196,370
09-12-2021,madurai,4685,455195,159
09-12-2021,trichy,2307,135342,108
09-12-2021,total,59794,5946920,1085
08-12-2021,chennai,45536,4562244,448
08-12-2021,coimbatore,7118,774352,370
08-12-2021,madurai,4672,453922,159
08-12-2021,trichy,2302,134943,108
08-12-2021,total,59628,5925461,1085
07-12-2021,chennai,45406,4546397,448
07-12-2021,coimbatore,7097,771439,370
07-12-2021,madurai,4658,452591,159
07-12-2021,trichy,2297,134631,108
07-12-2021,total,59458,5905058,1085
06-12-2021,chennai,45277,4530009,448
06-12-2021,coimbatore,7078,768665,370
06-12-2021,madurai,4645,451340,159
06-12-2021,trichy,2292,134333,108
06-12-2021,total,59292,5884347,1085
05-12-2021,chennai,45142,4512322,448
05-12-2021,coimbatore,7057,765845,370
05-12-2021,madurai,4632,450021,159
05-12-2021,trichy,2286,133929,108
05-12-2021,total,59117,5862117,1085
04-12-2021,chennai,45007,4495541,448
04-12-2021,coimbatore,7036,762954,370
04-12-2021,madurai,4618,448643,159
04-12-2021,trichy,2282,133642,108
04-12-2021,total,58943,5840780,1085
03-12-2021,chennai,44879,4480025,448
03-12-2021,coimbatore,7017,760426,370
03-12-2021,madurai,4605,447444,159
03-12-2021,trichy,2277,133307,108
03-12-2021,total,58778,5821202,1085
02-12-2021,chennai,44749,4464546,448
02-12-2021,coimbatore,6996,757536,370
02-12-2021,madurai,4592,446289,159
02-12-2021,trichy,2270,133020,108
02-12-2021,total,58607,5801391,1085
01-12-2021,chennai,44622,4449534,448
01-12-2021,coimbatore,6977,755070,370
01-12-2021,madurai,4579,445233,159
01-12-2021,trichy,2263,132711,108
01-12-2021,total,58441,5782548,1085
30-11-2021,chennai,44492,4434259,448
30-11-2021,coimbatore,6957,752519,370
30-11-2021,madurai,4564,443944,159
30-11-2021,trichy,2256,132395,108
30-11-2021,total,58269,5763117,1085
29-11-2021,chennai,44359,4418030,448
29-11-2021,coimbatore,6939,750229,370
29-11-2021,madurai,4551,442950,159
29-11-2021,trichy,2249,132137,108
29-11-2021,total,58098,5743346,1085
28-11-2021,chennai,44228,4401675,448
28-11-2021,coimbatore,6921,747705,370
28-11-2021,madurai,4538,441865,159
28-11-2021,trichy,2243,131864,108
28-11-2021,total,57930,5723109,1085
27-11-2021,chennai,44093,4385082,448
27-11-2021,coimbatore,6901,744900,370
27-11-2021,madurai,4525,440688,159
27-11-2021,trichy,2237,131650,108
27-11-2021,total,57756,5702320,1085
26-11-2021,chennai,43961,4369218,448
26-11-2021,coimbatore,6882,742328,370
26-11-2021,madurai,4512,439631,159
26-11-2021,trichy,2230,131319,108
26-11-2021,total,57585,5682496,1085
25-11-2021,chennai,43832,4353349,448
25-11-2021,coimbatore,6862,739428,370
25-11-2021,madurai,4499,438546,159
25-11-2021,trichy,2225,131051,108
25-11-2021,total,57418,5662374,1085
24-11-2021,chennai,43701,4336803,448
24-11-2021,coimbatore,6843,736867,370
24-11-2021,madurai,4485,437379,159
24-11-2021,trichy,2219,130710,108
24-11-2021,total,57248,5641759,1085
23-11-2021,chennai,43575,4320685,448
23-11-2021,coimbatore,6822,733984,370
23-11-2021,madurai,4470,435943,159
23-11-2021,trichy,2213,130420,108
23-11-2021,total,57080,5621032,1085
22-11-2021,chennai,43441,4302139,448
22-11-2021,coimbatore,6805,731332,370
22-11-2021,madurai,4457,434778,159
22-11-2021,trichy,2207,130127,108
22-11-2021,total,56910,5598376,1085
21-11-2021,chennai,43311,4284299,448
21-11-2021,coimbatore,6787,728760,370
21-11-2021,madurai,4443,433408,159
21-11-2021,trichy,2201,129788,108
21-11-2021,total,56742,5576255,1085
20-11-2021,chennai,43178,4268545,448
20-11-2021,coimbatore,6769,726280,370
20-11-2021,madurai,4429,432040,159
20-11-2021,trichy,2195,129544,108
20-11-2021,total,56571,5556409,1085
19-11-2021,chennai,43052,4253966,448
19-11-2021,coimbatore,6751,723982,370
19-11-2021,madurai,4416,430856,159
19-11-2021,trichy,2189,129297,108
19-11-2021,total,56408,5538101,1085
18-11-2021,chennai,42926,4239849,448
18-11-2021,coimbatore,6731,721336,370
18-11-2021,madurai,4405,429768,159
18-11-2021,trichy,2183,129058,108
18-11-2021,total,56245,5520011,1085
17-11-2021,chennai,42805,4225641,448
17-11-2021,coimbatore,6713,718949,370
17-11-2021,madurai,4394,428760,159
17-11-2021,trichy,2177,128795,108
17-11-2021,total,56089,5502145,1085
16-11-2021,chennai,42684,4211666,448
16-11-2021,coimbatore,6694,716613,370
16-11-2021,madurai,4382,427607,159
16-11-2021,trichy,2171,128555,108
16-11-2021,total,55931,5484441,1085
15-11-2021,chennai,42557,4196123,448
15-11-2021,coimbatore,6676,714280,370
15-11-2021,madurai,4371,426588,159
15-11-2021,trichy,2165,128259,108
15-11-2021,total,55769,5465250,1085
14-11-2021,chennai,42433,4180264,448
14-11-2021,coimbatore,6657,711440,370
14-11-2021,madurai,4360,425414,159
14-11-2021,trichy,2159,127931,108
14-11-2021,total,55609,5445049,1085
13-11-2021,chennai,42301,4166024,448
13-11-2021,coimbatore,6638,709093,370
13-11-2021,madurai,4348,424249,159
13-11-2021,trichy,2154,127674,108
13-11-2021,total,55441,5427040,1085
12-11-2021,chennai,42178,4153324,448
12-11-2021,coimbatore,6619,706766,370
12-11-2021,madurai,4337,423166,159
12-11-2021,trichy,2148,127389,108
12-11-2021,total,55282,5410645,1085
11-11-2021,chennai,42103,4146685,448
11-11-2021,coimbatore,6601,704838,370
11-11-2021,madurai,4326,422185,159
11-11-2021,trichy,2143,127196,108
11-11-2021,total,55173,5400904,1085
10-11-2021,chennai,41982,4134344,448
10-11-2021,coimbatore,6582,702441,370
10-11-2021,madurai,4315,420968,159
10-11-2021,trichy,2138,126992,108
10-11-2021,total,55017,5384745,1085
09-11-2021,chennai,41858,4121691,448
09-11-2021,coimbatore,6567,700381,370
09-11-2021,madurai,4303,419779,159
09-11-2021,trichy,2132,126694,108
09-11-2021,total,54860,5368545,1085
08-11-2021,chennai,41729,4105870,448
08-11-2021,coimbatore,6548,697675,370
08-11-2021,madurai,4292,418737,159
08-11-2021,trichy,2126,126392,108
08-11-2021,total,54695,5348674,1085
07-11-2021,chennai,41472,4074703,448
07-11-2021,coimbatore,6529,694628,370
07-11-2021,madurai,4280,417504,159
07-11-2021,trichy,2120,126029,108
07-11-2021,total,54401,5312864,1085
06-11-2021,chennai,41472,4074703,448
06-11-2021,coimbatore,6512,692324,370
06-11-2021,madurai,4268,416404,159
06-11-2021,trichy,2114,125806,108
06-11-2021,total,54366,5309237,1085
05-11-2021,chennai,41357,4063587,448
05-11-2021,coimbatore,6495,690650,370
05-11-2021,madurai,4257,415362,159
05-11-2021,trichy,2108,125578,108
05-11-2021,total,54217,5295177,1085
04-11-2021,chennai,41246,4055490,448
04-11-2021,coimbatore,6476,689146,370
04-11-2021,madurai,4245,414230,159
04-11-2021,trichy,2102,125322,108
04-11-2021,total,54069,5284188,1085
03-11-2021,chennai,41122,4042612,448
03-11-2021,coimbatore,6457,686375,370
03-11-2021,madurai,4234,413090,159
03-11-2021,trichy,2096,124900,108
03-11-2021,total,53909,5266977,1085
02-11-2021,chennai,41000,4030518,448
02-11-2021,coimbatore,6437,683965,370
02-11-2021,madurai,4223,412043,159
02-11-2021,trichy,2090,124546,108
02-11-2021,total,53750,5251072,1085
01-11-2021,chennai,40876,4017910,448
01-11-2021,coimbatore,6418,681739,370
01-11-2021,madurai,4212,410939,159
01-11-2021,trichy,2084,124240,108
01-11-2021,total,53590,5234828,1085
31-10-2021,chennai,40755,4002585,448
31-10-2021,coimbatore,6399,679128,370
31-10-2021,madurai,4201,409828,159
31-10-2021,trichy,2078,123853,108
31-10-2021,total,53433,5215394,1085
30-10-2021,chennai,40650,3987744,448
30-10-2021,coimbatore,6382,676532,370
30-10-2021,madurai,4192,408732,159
30-10-2021,trichy,2073,123512,108
30-10-2021,total,53297,5196520,1085
29-10-2021,chennai,40542,3973619,448
29-10-2021,coimbatore,6365,674345,370
29-10-2021,madurai,4182,407661,159
29-10-2021,trichy,2069,123274,108
29-10-2021,total,53158,5178899,1085
28-10-2021,chennai,40446,3961983,448
28-10-2021,coimbatore,6348,672288,370
28-10-2021,madurai,4173,406638,159
28-10-2021,trichy,2064,123017,108
28-10-2021,total,53031,5163926,1085
27-10-2021,chennai,40341,3948737,448
27-10-2021,coimbatore,6332,670179,370
27-10-2021,madurai,4163,405463,159
27-10-2021,trichy,2060,122740,108
27-10-2021,total,52896,5147119,1085
26-10-2021,chennai,40248,3937065,448
26-10-2021,coimbatore,6316,668074,370
26-10-2021,madurai,4155,404560,159
26-10-2021,trichy,2055,122489,108
26-10-2021,total,52774,5132188,1085
25-10-2021,chennai,40140,3922255,448
25-10-2021,coimbatore,6301,666050,370
25-10-2021,madurai,4145,403483,159
25-10-2021,trichy,2051,122237,108
25-10-2021,total,52637,5114025,1085
24-10-2021,chennai,40037,3907764,448
24-10-2021,coimbatore,6285,663622,370
24-10-2021,madurai,4135,402258,159
24-10-2021,trichy,2047,121968,108
24-10-2021,total,52504,5095612,1085
23-10-2021,chennai,39937,3894588,448
23-10-2021,coimbatore,6269,661086,370
23-10-2021,madurai,4125,400971,159
23-10-2021,trichy,2042,121648,108
23-10-2021,total,52373,5078293,1085
22-10-2021,chennai,39832,3880895,448
22-10-2021,coimbatore,6254,659078,370
22-10-2021,madurai,4115,399861,159
22-10-2021,trichy,2038,121405,108
22-10-2021,total,52239,5061239,1085
21-10-2021,chennai,39732,3867579,448
21-10-2021,coimbatore,6240,656715,370
21-10-2021,madurai,4106,398875,159
21-10-2021,trichy,2033,121178,108
21-10-2021,total,52111,5044347,1085
20-10-2021,chennai,39625,3853243,448
20-10-2021,coimbatore,6226,654773,370
20-10-2021,madurai,4096,397714,159
20-10-2021,trichy,2029,120942,108
20-10-2021,total,51976,5026672,1085
19-10-2021,chennai,39528,3839752,448
19-10-2021,coimbatore,6210,652641,370
19-10-2021,madurai,4088,396758,159
19-10-2021,trichy,2024,120676,108
19-10-2021,total,51850,5009827,1085
18-10-2021,chennai,39417,3824330,448
18-10-2021,coimbatore,6194,650644,370
18-10-2021,madurai,4077,395561,159
18-10-2021,trichy,2020,120425,108
18-10-2021,total,51708,4990960,1085
17-10-2021,chennai,39311,3808925,448
17-10-2021,coimbatore,6178,648591,370
17-10-2021,madurai,4067,394403,159
17-10-2021,trichy,2016,120208,108
17-10-2021,total,51572,4972127,1085
16-10-2021,chennai,39214,3797634,448
16-10-2021,coimbatore,6162,646763,370
16-10-2021,madurai,4058,393443,159
16-10-2021,trichy,2011,119994,108
16-10-2021,total,51445,4957834,1085
15-10-2021,chennai,39109,3785864,448
15-10-2021,coimbatore,6147,645028,370
15-10-2021,madurai,4048,392401,159
15-10-2021,trichy,2007,119780,108
15-10-2021,total,51311,4943073,1085
14-10-2021,chennai,39007,3774303,447
14-10-2021,coimbatore,6130,642680,370
14-10-2021,madurai,4039,391341,159
14-10-2021,trichy,2002,119520,107
14-10-2021,total,51178,4927844,1083
12-10-2021,chennai,38807,3751787,447
12-10-2021,coimbatore,6103,639433,370
12-10-2021,madurai,4021,389601,159
12-10-2021,trichy,1993,119052,107
12-10-2021,total,50924,4899873,1083
10-10-2021,chennai,38597,3727399,447
10-10-2021,coimbatore,6074,635453,370
10-10-2021,madurai,4001,387482,159
10-10-2021,trichy,1986,118644,107
10-10-2021,total,50658,4868978,1083
09-10-2021,chennai,38500,3715769,447
09-10-2021,coimbatore,6058,633395,370
09-10-2021,madurai,3992,386556,159
09-10-2021,trichy,1982,118393,107
09-10-2021,total,50532,4854113,1083
08-10-2021,chennai,38399,3703647,447
08-10-2021,coimbatore,6044,631587,370
08-10-2021,madurai,3983,385702,159
08-10-2021,trichy,1978,118149,107
08-10-2021,total,50404,4839085,1083
07-10-2021,chennai,38301,3692817,447
07-10-2021,coimbatore,6029,629696,370
07-10-2021,madurai,3974,384884,159
07-10-2021,trichy,1973,117928,107
07-10-2021,total,50277,4825325,1083
06-10-2021,chennai,38202,3681466,447
06-10-2021,coimbatore,6015,628082,370
06-10-2021,madurai,3965,384073,159
06-10-2021,trichy,1969,117725,107
06-10-2021,total,50151,4811346,1083
05-10-2021,chennai,38109,3671486,447
05-10-2021,coimbatore,6000,626454,370
05-10-2021,madurai,3957,383325,159
05-10-2021,trichy,1964,117513,107
05-10-2021,total,50030,4798778,1083
04-10-2021,chennai,38004,3659772,447
04-10-2021,coimbatore,5987,624989,370
04-10-2021,madurai,3947,382482,159
04-10-2021,trichy,1960,117338,107
04-10-2021,total,49898,4784581,1083
03-10-2021,chennai,37901,3647020,447
03-10-2021,coimbatore,5972,623207,370
03-10-2021,madurai,3938,381546,159
03-10-2021,trichy,1956,117124,107
03-10-2021,total,49767,4768897,1083
02-10-2021,chennai,37807,3636541,447
02-10-2021,coimbatore,5953,620716,370
02-10-2021,madurai,3929,380587,159
02-10-2021,trichy,1952,116893,107
02-10-2021,total,49641,4754737,1083
01-10-2021,chennai,37707,3624938,447
01-10-2021,coimbatore,5938,618845,370
01-10-2021,madurai,3920,379788,159
01-10-2021,trichy,1948,116662,107
01-10-2021,total,49513,4740233,1083
30-09-2021,chennai,37615,3614598,447
30-09-2021,coimbatore,5924,617100,370
30-09-2021,madurai,3911,379071,159
30-09-2021,trichy,1945,116495,107
30-09-2021,total,49395,4727264,1083
28-09-2021,chennai,37435,3594464,447
28-09-2021,coimbatore,5896,614120,370
28-09-2021,madurai,3894,377579,159
28-09-2021,trichy,1938,116197,107
28-09-2021,total,49163,4702360,1083
26-09-2021,chennai,37236,3569481,447
26-09-2021,coimbatore,5866,610624,370
26-09-2021,madurai,3874,375699,159
26-09-2021,trichy,1930,115811,107
26-09-2021,total,48906,4671615,1083
25-09-2021,chennai,37142,3558276,447
25-09-2021,coimbatore,5851,608870,370
25-09-2021,madurai,3865,374902,159
25-09-2021,trichy,1926,115616,107
25-09-2021,total,48784,4657664,1083
24-09-2021,chennai,37044,3546867,447
24-09-2021,coimbatore,5836,607198,370
24-09-2021,madurai,3855,373950,159
24-09-2021,trichy,1922,115424,107
24-09-2021,total,48657,4643439,1083
23-09-2021,chennai,36953,3536447,447
23-09-2021,coimbatore,5821,605488,370
23-09-2021,madurai,3846,373124,159
23-09-2021,trichy,1919,115275,107
23-09-2021,total,48539,4630334,1083
22-09-2021,chennai,36856,3525537,447
22-09-2021,coimbatore,5806,603741,370
22-09-2021,madurai,3836,372185,159
22-09-2021,trichy,1915,115105,107
22-09-2021,total,48413,4616568,1083
21-09-2021,chennai,36769,3515734,447
21-09-2021,coimbatore,5792,602211,370
21-09-2021,madurai,3827,371486,159
21-09-2021,trichy,1912,114985,107
21-09-2021,total,48300,4604416,1083
20-09-2021,chennai,36672,3504059,447
20-09-2021,coimbatore,5776,600389,370
20-09-2021,madurai,3817,370604,159
20-09-2021,trichy,1908,114781,107
20-09-2021,total,48173,4589833,1083
19-09-2021,chennai,36572,3483042,447
19-09-2021,coimbatore,5761,598446,370
19-09-2021,madurai,3807,369586,159
19-09-2021,trichy,1904,114532,107
19-09-2021,total,48044,4565606,1083
18-09-2021,chennai,36480,3472559,447
18-09-2021,coimbatore,5746,596603,370
18-09-2021,madurai,3798,368685,159
18-09-2021,trichy,1900,114329,107
18-09-2021,total,47924,4552176,1083
15-09-2021,chennai,36196,3439258,447
15-09-2021,coimbatore,5700,591012,370
15-09-2021,madurai,3768,365708,158
15-09-2021,trichy,1889,113713,107
15-09-2021,total,47553,4509691,1082
14-09-2021,chennai,36106,3429016,447
14-09-2021,coimbatore,5685,589357,370
14-09-2021,madurai,3759,364933,158
14-09-2021,trichy,1886,113535,107
14-09-2021,total,47436,4496841,1082
13-09-2021,chennai,36007,3416751,447
13-09-2021,coimbatore,5670,587711,370
13-09-2021,madurai,3749,364018,158
13-09-2021,trichy,1882,113369,107
13-09-2021,total,47308,4481849,1082
12-09-2021,chennai,35906,3403582,447
12-09-2021,coimbatore,5655,585574,370
12-09-2021,madurai,3739,362915,158
12-09-2021,trichy,1878,113140,107
12-09-2021,total,47178,4465211,1082
11-09-2021,chennai,35819,3394251,447
11-09-2021,coimbatore,5640,584066,370
11-09-2021,madurai,3730,362002,158
11-09-2021,trichy,1874,112932,107
11-09-2021,total,47063,4453251,1082
10-09-2021,chennai,35718,3383519,447
10-09-2021,coimbatore,5625,582180,370
10-09-2021,madurai,3720,360881,158
10-09-2021,trichy,1870,112685,107
10-09-2021,total,46933,4439265,1082
09-09-2021,chennai,35626,3372979,447
09-09-2021,coimbatore,5610,580010,370
09-09-2021,madurai,3711,359802,158
09-09-2021,trichy,1867,112471,107
09-09-2021,total,46814,4425262,1082
08-09-2021,chennai,35531,3360750,447
08-09-2021,coimbatore,5595,578053,370
08-09-2021,madurai,3701,358625,158
08-09-2021,trichy,1863,112168,107
08-09-2021,total,46690,4409596,1082
07-09-2021,chennai,35442,3350837,447
07-09-2021,coimbatore,5579,576197,370
07-09-2021,madurai,3692,357683,158
07-09-2021,trichy,1860,111988,107
07-09-2021,total,46573,4396705,1082
06-09-2021,chennai,35344,3339272,447
06-09-2021,coimbatore,5566,574687,370
06-09-2021,madurai,3682,356592,158
06-09-2021,trichy,1856,111775,107
06-09-2021,total,46448,4382326,1082
05-09-2021,chennai,35246,3326727,447
05-09-2021,coimbatore,5551,572652,370
05-09-2021,madurai,3672,355440,158
05-09-2021,trichy,1852,111526,107
05-09-2021,total,46321,4366345,1082
04-09-2021,chennai,35156,3315580,447
04-09-2021,coimbatore,5535,570386,370
04-09-2021,madurai,3663,354473,158
04-09-2021,trichy,1848,111292,107
04-09-2021,total,46202,4351731,1082
03-09-2021,chennai,35056,3303716,447
03-09-2021,coimbatore,5521,568633,370
03-09-2021,madurai,3653,353389,158
03-09-2021,trichy,1844,111075,107
03-09-2021,total,46074,4336813,1082
02-09-2021,chennai,35056,3303716,447
02-09-2021,coimbatore,5521,568633,370
02-09-2021,madurai,3653,353389,158
02-09-2021,trichy,1844,111075,107
02-09-2021,total,46074,4336813,1082
01-09-2021,chennai,34963,3292790,447
01-09-2021,coimbatore,5506,566811,370
01-09-2021,madurai,3644,352407,158
01-09-2021,trichy,1841,110901,107
01-09-2021,total,45954,4322909,1082
31-08-2021,chennai,34788,3270865,447
31-08-2021,coimbatore,5479,563355,370
31-08-2021,madurai,3624,350668,158
31-08-2021,trichy,1835,110541,107
31-08-2021,total,45726,4295429,1082
30-08-2021,chennai,34703,3260954,447
30-08-2021,coimbatore,5465,561985,370
30-08-2021,madurai,3615,349986,158
30-08-2021,trichy,1831,110342,107
30-08-2021,total,45614,4283267,1082
29-08-2021,chennai,34619,3250581,447
29-08-2021,coimbatore,5451,560369,370
29-08-2021,madurai,3605,349064,158
29-08-2021,trichy,1827,110140,107
29-08-2021,total,45502,4270154,1082
28-08-2021,chennai,34542,3241161,447
28-08-2021,coimbatore,5438,558927,370
28-08-2021,madurai,3595,348045,158
28-08-2021,trichy,1824,109974,107
28-08-2021,total,45399,4258107,1082
27-08-2021,chennai,34456,3230856,447
27-08-2021,coimbatore,5424,557248,370
27-08-2021,madurai,3586,347182,158
27-08-2021,trichy,1820,109701,107
27-08-2021,total,45286,4244987,1082
26-08-2021,chennai,34380,3221701,447
26-08-2021,coimbatore,5412,555764,370
26-08-2021,madurai,3576,346191,158
26-08-2021,trichy,1818,109597,107
26-08-2021,total,45186,4233253,1082
25-08-2021,chennai,34298,3211383,447
25-08-2021,coimbatore,5397,554033,370
25-08-2021,madurai,3567,345333,158
25-08-2021,trichy,1815,109404,107
25-08-2021,total,45077,4220153,1082
24-08-2021,chennai,34219,3202393,447
24-08-2021,coimbatore,5383,552653,370
24-08-2021,madurai,3557,344423,158
24-08-2021,trichy,1813,109303,107
24-08-2021,total,44972,4208772,1082
23-08-2021,chennai,34134,3192022,446
23-08-2021,coimbatore,5368,551153,370
23-08-2021,madurai,3548,343639,158
23-08-2021,trichy,1809,109092,107
23-08-2021,total,44859,4195906,1081
22-08-2021,chennai,34049,3181245,446
22-08-2021,coimbatore,5354,549623,370
22-08-2021,madurai,3538,342650,158
22-08-2021,trichy,1805,108865,107
22-08-2021,total,44746,4182383,1081
21-08-2021,chennai,33969,3172096,446
21-08-2021,coimbatore,5339,547980,370
21-08-2021,madurai,3528,341716,158
21-08-2021,trichy,1802,108699,107
21-08-2021,total,44638,4170491,1081
20-08-2021,chennai,33884,3162192,446
20-08-2021,coimbatore,5325,546371,370
20-08-2021,madurai,3519,340889,158
20-08-2021,trichy,1798,108431,107
20-08-2021,total,44526,4157883,1081
19-08-2021,chennai,33808,3152682,445
19-08-2021,coimbatore,5312,544696,370
19-08-2021,madurai,3509,339754,158
19-08-2021,trichy,1796,108291,107
19-08-2021,total,44425,4145423,1080
18-08-2021,chennai,31195,2858934,440
18-08-2021,coimbatore,4937,501254,370
18-08-2021,madurai,3210,313092,158
18-08-2021,trichy,1685,102424,107
18-08-2021,total,41027,3775704,1075
17-08-2021,chennai,33652,3133458,445
17-08-2021,coimbatore,5285,541557,370
17-08-2021,madurai,3490,337951,158
17-08-2021,trichy,1791,107989,107
17-08-2021,total,44218,4120955,1080
16-08-2021,chennai,33566,3122736,445
16-08-2021,coimbatore,5271,540104,370
16-08-2021,madurai,3481,337167,158
16-08-2021,trichy,1787,107792,107
16-08-2021,total,44105,4107799,1080
15-08-2021,chennai,33479,3111564,445
15-08-2021,coimbatore,5257,538497,370
15-08-2021,madurai,3471,336096,158
15-08-2021,trichy,1783,107541,107
15-08-2021,total,43990,4093698,1080
14-08-2021,chennai,33402,3101527,445
14-08-2021,coimbatore,5244,536987,370
14-08-2021,madurai,3462,335020,158
14-08-2021,trichy,1780,107355,107
14-08-2021,total,43888,4080889,1080
13-08-2021,chennai,33318,3090992,445
13-08-2021,coimbatore,5230,535369,370
13-08-2021,madurai,3453,334135,158
13-08-2021,trichy,1776,107114,107
13-08-2021,total,43777,4067610,1080
12-08-2021,chennai,33230,3081327,445
12-08-2021,coimbatore,5218,533970,370
12-08-2021,madurai,3443,333175,158
12-08-2021,trichy,1773,106948,107
12-08-2021,total,43664,4055420,1080
11-08-2021,chennai,33146,3071084,445
11-08-2021,coimbatore,5205,532537,370
11-08-2021,madurai,3434,332409,158
11-08-2021,trichy,1770,106755,107
11-08-2021,total,43555,4042785,1080
10-08-2021,chennai,33067,3062326,445
10-08-2021,coimbatore,5192,531318,370
10-08-2021,madurai,3424,331578,158
10-08-2021,trichy,1766,106511,107
10-08-2021,total,43449,4031733,1080
09-08-2021,chennai,32979,3051538,445
09-08-2021,coimbatore,5180,530227,370
09-08-2021,madurai,3415,330790,158
09-08-2021,trichy,1763,106344,107
09-08-2021,total,43337,4018899,1080
08-08-2021,chennai,32888,3040319,445
08-08-2021,coimbatore,5164,528576,370
08-08-2021,madurai,3405,329733,158
08-08-2021,trichy,1759,106127,107
08-08-2021,total,43216,4004755,1080
07-08-2021,chennai,32802,3030164,445
07-08-2021,coimbatore,5152,527125,370
07-08-2021,madurai,3395,328752,158
07-08-2021,trichy,1755,105873,107
07-08-2021,total,43104,3991914,1080
06-08-2021,chennai,32712,3018732,445
06-08-2021,coimbatore,5138,525356,370
06-08-2021,madurai,3386,327872,158
06-08-2021,trichy,1752,105693,107
06-08-2021,total,42988,3977653,1080
05-08-2021,chennai,32625,3008716,445
05-08-2021,coimbatore,5125,523674,370
05-08-2021,madurai,3375,326982,158
05-08-2021,trichy,1749,105492,107
05-08-2021,total,42874,3964864,1080
04-08-2021,chennai,32540,2997900,443
04-08-2021,coimbatore,5112,522148,370
04-08-2021,madurai,3366,326191,158
04-08-2021,trichy,1747,105372,107
04-08-2021,total,42765,3951611,1078
03-08-2021,chennai,32456,2988167,443
03-08-2021,coimbatore,5099,520605,370
03-08-2021,madurai,3356,325240,158
03-08-2021,trichy,1745,105264,107
03-08-2021,total,42656,3939276,1078
02-08-2021,chennai,32364,2976655,443
02-08-2021,coimbatore,5085,518979,370
02-08-2021,madurai,3347,324397,158
02-08-2021,trichy,1742,105112,107
02-08-2021,total,42538,3925143,1078
01-08-2021,chennai,32264,2963099,443
01-08-2021,coimbatore,5069,516759,370
01-08-2021,madurai,3337,323322,158
01-08-2021,trichy,1738,104855,107
01-08-2021,total,42408,3908035,1078
31-07-2021,chennai,32190,2954888,443
31-07-2021,coimbatore,5061,515591,370
31-07-2021,madurai,3328,322404,158
31-07-2021,trichy,1734,104641,107
31-07-2021,total,42313,3897524,1078
30-07-2021,chennai,32112,2946777,443
30-07-2021,coimbatore,5051,514326,370
30-07-2021,madurai,3319,321627,158
30-07-2021,trichy,1730,104473,107
30-07-2021,total,42212,3887203,1078
29-07-2021,chennai,32042,2939746,443
29-07-2021,coimbatore,5043,513346,370
29-07-2021,madurai,3311,320927,158
29-07-2021,trichy,1726,104277,107
29-07-2021,total,42122,3878296,1078
28-07-2021,chennai,31964,2932156,443
28-07-2021,coimbatore,5032,512275,370
28-07-2021,madurai,3302,320300,158
28-07-2021,trichy,1722,104107,107
28-07-2021,total,42020,3868838,1078
27-07-2021,chennai,31896,2925799,443
27-07-2021,coimbatore,5024,511320,370
27-07-2021,madurai,3293,319723,158
27-07-2021,trichy,1719,103946,107
27-07-2021,total,41932,3860788,1078
26-07-2021,chennai,31819,2917969,443
26-07-2021,coimbatore,5014,510290,370
26-07-2021,madurai,3285,319092,158
26-07-2021,trichy,1717,103844,107
26-07-2021,total,41835,3851195,1078
25-07-2021,chennai,31734,2908567,443
25-07-2021,coimbatore,5003,508961,370
25-07-2021,madurai,3275,318268,158
25-07-2021,trichy,1713,103642,107
25-07-2021,total,41725,3839438,1078
24-07-2021,chennai,31657,2901103,442
24-07-2021,coimbatore,4995,507868,370
24-07-2021,madurai,3265,317434,158
24-07-2021,trichy,1709,103453,107
24-07-2021,total,41626,3829858,1077
23-07-2021,chennai,31576,2893447,442
23-07-2021,coimbatore,4984,506603,370
23-07-2021,madurai,3256,316659,158
23-07-2021,trichy,1705,103263,107
23-07-2021,total,41521,3819972,1077
22-07-2021,chennai,31504,2886904,441
22-07-2021,coimbatore,4976,505561,370
22-07-2021,madurai,3246,315923,158
22-07-2021,trichy,1701,103073,107
22-07-2021,total,41427,3811461,1076
21-07-2021,chennai,31425,2879325,441
21-07-2021,coimbatore,4965,504354,370
21-07-2021,madurai,3237,315209,158
21-07-2021,trichy,1697,102913,107
21-07-2021,total,41324,3801801,1076
20-07-2021,chennai,31345,2874871,440
20-07-2021,coimbatore,4957,503514,370
20-07-2021,madurai,3228,314627,158
20-07-2021,trichy,1693,102754,107
20-07-2021,total,41223,3795766,1075
19-07-2021,chennai,31271,2867393,440
19-07-2021,coimbatore,4948,502634,370
19-07-2021,madurai,3219,313880,158
19-07-2021,trichy,1689,102586,107
19-07-2021,total,41127,3786493,1075
17-07-2021,chennai,31118,2853163,440
17-07-2021,coimbatore,4929,500126,370
17-07-2021,madurai,3201,312306,158
17-07-2021,trichy,1681,102246,107
17-07-2021,total,40929,3767841,1075
16-07-2021,chennai,31042,2845273,440
16-07-2021,coimbatore,4918,498634,370
16-07-2021,madurai,3192,311549,158
16-07-2021,trichy,1677,102041,107
16-07-2021,total,40829,3757497,1075
15-07-2021,chennai,30978,2838128,440
15-07-2021,coimbatore,4911,497461,370
15-07-2021,madurai,3184,310819,158
15-07-2021,trichy,1674,101870,107
15-07-2021,total,40747,3748278,1075
14-07-2021,chennai,30916,2830509,440
14-07-2021,coimbatore,4905,496551,370
14-07-2021,madurai,3176,310063,158
14-07-2021,trichy,1671,101700,107
14-07-2021,total,40668,3738823,1075
13-07-2021,chennai,30860,2824334,440
13-07-2021,coimbatore,4901,495936,370
13-07-2021,madurai,3168,309305,158
13-07-2021,trichy,1668,101540,107
13-07-2021,total,40597,3731115,1075
11-07-2021,chennai,30730,2807947,440
11-07-2021,coimbatore,4884,493831,370
11-07-2021,madurai,3151,307769,158
11-07-2021,trichy,1663,101273,107
11-07-2021,total,40428,3710820,1075
10-07-2021,chennai,30667,2800645,440
10-07-2021,coimbatore,4879,492976,370
10-07-2021,madurai,3142,306825,158
10-07-2021,trichy,1661,101142,107
10-07-2021,total,40349,3701588,1075
09-07-2021,chennai,30609,2793733,440
09-07-2021,coimbatore,4873,492276,370
09-07-2021,madurai,3133,306134,158
09-07-2021,trichy,1659,101001,107
09-07-2021,total,40274,3693144,1075
08-07-2021,chennai,30549,2787106,440
08-07-2021,coimbatore,4866,491270,370
08-07-2021,madurai,3125,305431,158
08-07-2021,trichy,1657,100886,107
08-07-2021,total,40197,3684693,1075
07-07-2021,chennai,30490,2779861,440
07-07-2021,coimbatore,4860,490465,370
07-07-2021,madurai,3117,304821,158
07-07-2021,trichy,1655,100886,107
07-07-2021,total,40122,3676033,1075
06-07-2021,chennai,30433,2773674,440
06-07-2021,coimbatore,4856,489947,370
06-07-2021,madurai,3109,304200,158
06-07-2021,trichy,1653,100886,107
06-07-2021,total,40051,3668707,1075
05-07-2021,chennai,30372,2766399,440
05-07-2021,coimbatore,4850,489276,370
05-07-2021,madurai,3101,303601,158
05-07-2021,trichy,1651,100886,107
05-07-2021,total,39974,3660162,1075
04-07-2021,chennai,30303,2758059,440
04-07-2021,coimbatore,4841,488051,370
04-07-2021,madurai,3092,302846,158
04-07-2021,trichy,1648,100886,107
04-07-2021,total,39884,3649842,1075
03-07-2021,chennai,30242,2751563,440
03-07-2021,coimbatore,4834,487174,370
03-07-2021,madurai,3083,302091,158
03-07-2021,trichy,1646,100886,107
03-07-2021,total,39805,3641714,1075
02-07-2021,chennai,30242,2751563,440
02-07-2021,coimbatore,4826,486262,370
02-07-2021,madurai,3075,301524,158
02-07-2021,trichy,1644,100886,107
02-07-2021,total,39787,3640235,1075
01-07-2021,chennai,30181,2745113,440
01-07-2021,coimbatore,4819,485451,370
01-07-2021,madurai,3067,300871,158
01-07-2021,trichy,1642,100886,107
01-07-2021,total,39709,3632321,1075
30-06-2021,chennai,30120,2738964,440
30-06-2021,coimbatore,4811,484712,370
30-06-2021,madurai,3060,300370,158
30-06-2021,trichy,1639,100886,107
30-06-2021,total,39630,3624932,1075
29-06-2021,chennai,30065,2733761,440
29-06-2021,coimbatore,4805,484209,370
29-06-2021,madurai,3053,299947,158
29-06-2021,trichy,1636,100886,107
29-06-2021,total,39559,3618803,1075
28-06-2021,chennai,30007,2728104,440
28-06-2021,coimbatore,4797,483577,370
28-06-2021,madurai,3046,299565,158
28-06-2021,trichy,1633,100886,107
28-06-2021,total,39483,3612132,1075
26-06-2021,chennai,29887,2715702,440
26-06-2021,coimbatore,4783,482186,370
26-06-2021,madurai,3031,298404,158
26-06-2021,trichy,1627,100886,107
26-06-2021,total,39328,3597178,1075
25-06-2021,chennai,29826,2710375,440
25-06-2021,coimbatore,4775,481477,370
25-06-2021,madurai,3023,297849,158
25-06-2021,trichy,1624,100886,107
25-06-2021,total,39248,3590587,1075
24-06-2021,chennai,29779,2705929,440
24-06-2021,coimbatore,4769,480977,370
24-06-2021,madurai,3016,297391,158
24-06-2021,trichy,1621,100886,107
24-06-2021,total,39185,3585183,1075
23-06-2021,chennai,29727,2701395,440
23-06-2021,coimbatore,4762,480385,370
23-06-2021,madurai,3009,296996,158
23-06-2021,trichy,1618,100886,107
23-06-2021,total,39116,3579662,1075
21-06-2021,chennai,29620,2692048,440
21-06-2021,coimbatore,4748,479431,370
21-06-2021,madurai,2995,296140,158
21-06-2021,trichy,1612,100886,107
21-06-2021,total,38975,3568505,1075
20-06-2021,chennai,29559,2685876,440
20-06-2021,coimbatore,4740,478822,370
20-06-2021,madurai,2988,295619,158
20-06-2021,trichy,1609,100886,107
20-06-2021,total,38896,3561203,1075
19-06-2021,chennai,29503,2681014,440
19-06-2021,coimbatore,4735,478412,370
19-06-2021,madurai,2981,295126,158
19-06-2021,trichy,1606,100886,107
19-06-2021,total,38825,3555438,1075
18-06-2021,chennai,29451,2676779,440
18-06-2021,coimbatore,4728,477999,370
18-06-2021,madurai,2974,294705,158
18-06-2021,trichy,1603,100886,107
18-06-2021,total,38756,3550369,1075
17-06-2021,chennai,29400,2673002,440
17-06-2021,coimbatore,4722,477678,370
17-06-2021,madurai,2968,294285,158
17-06-2021,trichy,1600,100886,107
17-06-2021,total,38690,3545851,1075
16-06-2021,chennai,29350,2669052,440
16-06-2021,coimbatore,4714,477241,370
16-06-2021,madurai,2961,293920,158
16-06-2021,trichy,1597,100886,107
16-06-2021,total,38622,3541099,1075
15-06-2021,chennai,29297,2664988,440
15-06-2021,coimbatore,4708,476841,370
15-06-2021,madurai,2954,293513,158
15-06-2021,trichy,1594,100886,107
15-06-2021,total,38553,3536228,1075
14-06-2021,chennai,29244,2662384,440
14-06-2021,coimbatore,4700,476362,370
14-06-2021,madurai,2947,293108,158
14-06-2021,trichy,1588,100886,107
14-06-2021,total,38479,3532740,1075
13-06-2021,chennai,29191,2657640,440
13-06-2021,coimbatore,4692,475779,370
13-06-2021,madurai,2940,292665,158
13-06-2021,trichy,1588,100886,107
13-06-2021,total,38411,3526970,1075
12-06-2021,chennai,29134,2653116,440
12-06-2021,coimbatore,4684,474998,370
12-06-2021,madurai,2933,292211,158
12-06-2021,trichy,1586,100886,107
12-06-2021,total,38337,3521211,1075
11-06-2021,chennai,29076,2649781,440
11-06-2021,coimbatore,4676,474413,370
11-06-2021,madurai,2926,291725,158
11-06-2021,trichy,1583,100886,107
11-06-2021,total,38261,3516805,1075
10-06-2021,chennai,29036,2646701,440
10-06-2021,coimbatore,4672,474176,370
10-06-2021,madurai,2920,291301,158
10-06-2021,trichy,1582,100886,107
10-06-2021,total,38210,3513064,1075
09-06-2021,chennai,28993,2643356,440
09-06-2021,coimbatore,4666,473709,370
09-06-2021,madurai,2914,290967,158
09-06-2021,trichy,1580,100886,107
09-06-2021,total,38153,3508918,1075
08-06-2021,chennai,28952,2640468,440
08-06-2021,coimbatore,4662,473548,370
08-06-2021,madurai,2908,290609,158
08-06-2021,trichy,1579,100886,107
08-06-2021,total,38101,3505511,1075
07-06-2021,chennai,28912,2637270,440
07-06-2021,coimbatore,4656,473244,370
07-06-2021,madurai,2902,290257,158
07-06-2021,trichy,1577,100886,107
07-06-2021,total,38047,3501657,1075
06-06-2021,chennai,28871,2633732,440
06-06-2021,coimbatore,4650,472847,370
06-06-2021,madurai,2897,289868,158
06-06-2021,trichy,1575,100886,107
06-06-2021,total,37993,3497333,1075
05-06-2021,chennai,28831,2630390,440
05-06-2021,coimbatore,4646,472678,370
05-06-2021,madurai,2891,289514,158
05-06-2021,trichy,1574,100886,107
05-06-2021,total,37942,3493468,1075
04-06-2021,chennai,28793,2627961,440
04-06-2021,coimbatore,4640,472317,370
04-06-2021,madurai,2885,289124,158
04-06-2021,trichy,1573,100886,107
04-06-2021,total,37891,3490288,1075
03-06-2021,chennai,28756,2625396,440
03-06-2021,coimbatore,4636,472182,370
03-06-2021,madurai,2879,288810,158
03-06-2021,trichy,1572,100886,107
03-06-2021,total,37843,3487274,1075
02-06-2021,chennai,28714,2622580,440
02-06-2021,coimbatore,4630,471826,370
02-06-2021,madurai,2873,288434,158
02-06-2021,trichy,1570,100886,107
02-06-2021,total,37787,3483726,1075
30-05-2021,chennai,28599,2615085,440
30-05-2021,coimbatore,4614,471108,370
30-05-2021,madurai,2855,287541,158
30-05-2021,trichy,1565,100886,107
30-05-2021,total,37633,3474620,1075
27-05-2021,chennai,28387,2611997,440
27-05-2021,coimbatore,4593,470414,370
27-05-2021,madurai,2840,286842,158
27-05-2021,trichy,1559,100886,107
27-05-2021,total,37379,3470139,1075
26-05-2021,chennai,28356,2610565,440
26-05-2021,coimbatore,4587,470181,370
26-05-2021,madurai,2835,286615,158
26-05-2021,trichy,1557,100886,107
26-05-2021,total,37335,3468247,1075
24-05-2021,chennai,28287,2607327,440
24-05-2021,coimbatore,4574,469737,370
24-05-2021,madurai,2823,286168,158
24-05-2021,trichy,1554,100886,107
24-05-2021,total,37238,3464118,1075
23-05-2021,chennai,28248,2605062,440
23-05-2021,coimbatore,4562,469099,370
23-05-2021,madurai,2817,285755,158
23-05-2021,trichy,1552,100886,107
23-05-2021,total,37179,3460802,1075
22-05-2021,chennai,28209,2603024,440
22-05-2021,coimbatore,4556,468834,370
22-05-2021,madurai,2812,285468,158
22-05-2021,trichy,1550,100886,107
22-05-2021,total,37127,3458212,1075
21-05-2021,chennai,28172,2601377,440
21-05-2021,coimbatore,4550,468534,370
21-05-2021,madurai,2807,285173,158
21-05-2021,trichy,1548,100886,107
21-05-2021,total,37077,3455970,1075
20-05-2021,chennai,28141,2599903,440
20-05-2021,coimbatore,4544,468323,370
20-05-2021,madurai,2802,284882,158
20-05-2021,trichy,1546,100886,107
20-05-2021,total,37033,3453994,1075
19-05-2021,chennai,28105,2598069,440
19-05-2021,coimbatore,4540,468129,370
19-05-2021,madurai,2798,284659,158
19-05-2021,trichy,1544,100886,107
19-05-2021,total,36987,3451743,1075
18-05-2021,chennai,28075,2596670,440
18-05-2021,coimbatore,4535,467964,370
18-05-2021,madurai,2793,284440,158
18-05-2021,trichy,1542,100886,107
18-05-2021,total,36945,3449960,1075
17-05-2021,chennai,28040,2595303,440
17-05-2021,coimbatore,4531,467791,370
17-05-2021,madurai,2789,284167,158
17-05-2021,trichy,1540,100886,107
17-05-2021,total,36900,3448147,1075
16-05-2021,chennai,27997,2592918,440
16-05-2021,coimbatore,4525,467411,370
16-05-2021,madurai,2784,283789,158
16-05-2021,trichy,1537,100886,107
16-05-2021,total,36843,3445004,1075
15-05-2021,chennai,27957,2591168,440
15-05-2021,coimbatore,4520,467245,370
15-05-2021,madurai,2778,283435,158
15-05-2021,trichy,1535,100886,107
15-05-2021,total,36790,3442734,1075
14-05-2021,chennai,27915,2589216,440
14-05-2021,coimbatore,4514,466909,370
14-05-2021,madurai,2772,283003,158
14-05-2021,trichy,1532,100886,107
14-05-2021,total,36733,3440014,1075
12-05-2021,chennai,27840,2585862,440
12-05-2021,coimbatore,4502,466344,370
12-05-2021,madurai,2764,282403,158
12-05-2021,trichy,1528,100886,107
12-05-2021,total,36634,3435495,1075
11-05-2021,chennai,27801,2584189,440
11-05-2021,coimbatore,4497,466150,370
11-05-2021,madurai,2759,282086,158
11-05-2021,trichy,1526,100886,107
11-05-2021,total,36583,3433311,1075
10-05-2021,chennai,27754,2582070,440
10-05-2021,coimbatore,4491,465868,370
10-05-2021,madurai,2755,281764,158
10-05-2021,trichy,1524,100886,107
10-05-2021,total,36524,3430588,1075
09-05-2021,chennai,27713,2578993,440
09-05-2021,coimbatore,4485,465083,370
09-05-2021,madurai,2750,281304,158
09-05-2021,trichy,1522,100886,107
09-05-2021,total,36470,3426266,1075
08-05-2021,chennai,27665,2576126,440
08-05-2021,coimbatore,4479,464516,370
08-05-2021,madurai,2745,280868,158
08-05-2021,trichy,1520,100886,107
08-05-2021,total,36409,3422396,1075
07-05-2021,chennai,27611,2573633,440
07-05-2021,coimbatore,4473,464204,370
07-05-2021,madurai,2740,280488,158
07-05-2021,trichy,1518,100886,107
07-05-2021,total,36342,3419211,1075
06-05-2021,chennai,27559,2570548,440
06-05-2021,coimbatore,4466,463744,370
06-05-2021,madurai,2736,280128,158
06-05-2021,trichy,1515,100886,107
06-05-2021,total,36276,3415306,1075
05-05-2021,chennai,27500,2567861,440
05-05-2021,coimbatore,4459,463246,370
05-05-2021,madurai,2731,279627,157
05-05-2021,trichy,1512,100886,107
05-05-2021,total,36202,3411620,1074
04-05-2021,chennai,27439,2564348,440
04-05-2021,coimbatore,4334,445403,370
04-05-2021,madurai,2726,279292,157
04-05-2021,trichy,1511,100886,107
04-05-2021,total,36010,3389929,1074
03-05-2021,chennai,27386,2560325,440
03-05-2021,coimbatore,4323,444762,370
03-05-2021,madurai,2720,278819,157
03-05-2021,trichy,1508,100886,107
03-05-2021,total,35937,3384792,1074
02-05-2021,chennai,27315,2555960,439
02-05-2021,coimbatore,4308,443663,370
02-05-2021,madurai,2714,278337,157
02-05-2021,trichy,1505,100886,107
02-05-2021,total,35842,3378846,1073
01-05-2021,chennai,27238,2551287,439
01-05-2021,coimbatore,4294,442545,370
01-05-2021,madurai,2708,277800,157
01-05-2021,trichy,1501,100886,107
01-05-2021,total,35741,3372518,1073
30-04-2021,chennai,27145,2545752,439
30-04-2021,coimbatore,4280,441380,370
30-04-2021,madurai,2701,277029,157
30-04-2021,trichy,1498,100886,107
30-04-2021,total,35624,3365047,1073
29-04-2021,chennai,27061,2541079,439
29-04-2021,coimbatore,4271,441022,370
29-04-2021,madurai,2694,276349,157
29-04-2021,trichy,1494,100886,107
29-04-2021,total,35520,3359336,1073
28-04-2021,chennai,26976,2536090,439
28-04-2021,coimbatore,4253,440922,370
28-04-2021,madurai,2686,275628,157
28-04-2021,trichy,1490,100886,107
28-04-2021,total,35405,3353526,1073
27-04-2021,chennai,26892,2531720,437
27-04-2021,coimbatore,4247,440804,370
27-04-2021,madurai,2680,275054,157
27-04-2021,trichy,1486,100886,107
27-04-2021,total,35305,3348464,1071
26-04-2021,chennai,26790,2526196,435
26-04-2021,coimbatore,4234,439924,370
26-04-2021,madurai,2672,274287,157
26-04-2021,trichy,1483,100886,107
26-04-2021,total,35179,3341293,1069
25-04-2021,chennai,26706,2521232,435
25-04-2021,coimbatore,4221,439276,370
25-04-2021,madurai,2665,273666,157
25-04-2021,trichy,1479,100886,107
25-04-2021,total,35071,3335060,1069
24-04-2021,chennai,26613,2515979,435
24-04-2021,coimbatore,4186,435022,370
24-04-2021,madurai,2657,272789,157
24-04-2021,trichy,1475,100886,107
24-04-2021,total,34931,3324676,1069
23-04-2021,chennai,26513,2509132,435
23-04-2021,coimbatore,4185,435001,370
23-04-2021,madurai,2649,271997,157
23-04-2021,trichy,1471,100886,106
23-04-2021,total,34818,3317016,1068
22-04-2021,chennai,26415,2502751,435
22-04-2021,coimbatore,4173,434003,370
22-04-2021,madurai,2641,271327,157
22-04-2021,trichy,1467,100886,106
22-04-2021,total,34696,3308967,1068
21-04-2021,chennai,26309,2494299,435
21-04-2021,coimbatore,4161,432994,370
21-04-2021,madurai,2632,270409,157
21-04-2021,trichy,1463,100886,106
21-04-2021,total,34565,3298588,1068
20-04-2021,chennai,26211,2488069,434
20-04-2021,coimbatore,4151,433957,370
20-04-2021,madurai,2623,269656,157
20-04-2021,trichy,1460,100886,106
20-04-2021,total,34445,3292568,1067
19-04-2021,chennai,26099,2479914,434
19-04-2021,coimbatore,4125,430480,370
19-04-2021,madurai,2613,268944,157
19-04-2021,trichy,1456,100886,106
19-04-2021,total,34293,3280224,1067
18-04-2021,chennai,25995,2470766,433
18-04-2021,coimbatore,4113,429432,370
18-04-2021,madurai,2604,268138,157
18-04-2021,trichy,1452,100886,106
18-04-2021,total,34164,3269222,1066
17-04-2021,chennai,25915,2462197,432
17-04-2021,coimbatore,4097,428345,370
17-04-2021,madurai,2595,267377,157
17-04-2021,trichy,1448,100886,106
17-04-2021,total,34055,3258805,1065
16-04-2021,chennai,25769,2454422,432
16-04-2021,coimbatore,4081,427015,370
16-04-2021,madurai,2586,266718,157
16-04-2021,trichy,1444,100886,106
16-04-2021,total,33880,3249041,1065
15-04-2021,chennai,25659,2446514,432
15-04-2021,coimbatore,4064,425905,370
15-04-2021,madurai,2576,266002,157
15-04-2021,trichy,1440,100886,106
15-04-2021,total,33739,3239307,1065
14-04-2021,chennai,25538,2437277,428
14-04-2021,coimbatore,4045,425232,370
14-04-2021,madurai,2566,265278,157
14-04-2021,trichy,1436,100886,106
14-04-2021,total,33585,3228673,1061
13-04-2021,chennai,25424,2430462,427
13-04-2021,coimbatore,4045,425232,370
13-04-2021,madurai,2557,264623,157
13-04-2021,trichy,1432,100886,106
13-04-2021,total,33458,3221203,1060
12-04-2021,chennai,25305,2422666,426
12-04-2021,coimbatore,4012,422021,370
12-04-2021,madurai,2548,263994,157
12-04-2021,trichy,1428,100886,106
12-04-2021,total,33293,3209567,1059
11-04-2021,chennai,25183,2413854,426
11-04-2021,coimbatore,3995,420517,370
11-04-2021,madurai,2538,263124,157
11-04-2021,trichy,1424,100886,106
11-04-2021,total,33140,3198381,1059
10-04-2021,chennai,25054,2404713,426
10-04-2021,coimbatore,3978,418726,370
10-04-2021,madurai,2528,262222,157
10-04-2021,trichy,1420,100886,106
10-04-2021,total,32980,3186547,1059
09-04-2021,chennai,24929,2395227,426
09-04-2021,coimbatore,3960,417171,370
09-04-2021,madurai,2518,261374,157
09-04-2021,trichy,1416,100886,106
09-04-2021,total,32823,3174658,1059
08-04-2021,chennai,24806,2387271,425
08-04-2021,coimbatore,3942,415773,370
08-04-2021,madurai,2508,260509,157
08-04-2021,trichy,1412,100886,106
08-04-2021,total,32668,3164439,1058
07-04-2021,chennai,24684,2377375,425
07-04-2021,coimbatore,3925,414300,370
07-04-2021,madurai,2499,259765,157
07-04-2021,trichy,1408,100886,106
07-04-2021,total,32516,3152326,1058
06-04-2021,chennai,24557,2366998,425
06-04-2021,coimbatore,3907,412858,370
06-04-2021,madurai,2489,258940,157
06-04-2021,trichy,1404,100886,106
06-04-2021,total,32357,3139682,1058
05-04-2021,chennai,24431,2356884,425
05-04-2021,coimbatore,3889,411242,370
05-04-2021,madurai,2479,257945,157
05-04-2021,trichy,1400,100886,106
05-04-2021,total,32199,3126957,1058
04-04-2021,chennai,24307,2345555,425
04-04-2021,coimbatore,3870,409618,370
04-04-2021,madurai,2469,256780,157
04-04-2021,trichy,1396,100886,106
04-04-2021,total,32042,3112839,1058
03-04-2021,chennai,24181,2334402,425
03-04-2021,coimbatore,3832,406149,370
03-04-2021,madurai,2459,255671,157
03-04-2021,trichy,1392,100886,106
03-04-2021,total,31864,3097108,1058
02-04-2021,chennai,24047,2322903,425
02-04-2021,coimbatore,3832,406149,370
02-04-2021,madurai,2449,254459,156
02-04-2021,trichy,1388,100886,106
02-04-2021,total,31716,3084397,1057
01-04-2021,chennai,23918,2311095,425
01-04-2021,coimbatore,3817,404292,370
01-04-2021,madurai,2439,253294,156
01-04-2021,trichy,1384,100886,106
01-04-2021,total,31558,3069567,1057
31-03-2021,chennai,23796,2300873,424
31-03-2021,coimbatore,3800,402897,370
31-03-2021,madurai,2429,252382,156
31-03-2021,trichy,1380,100886,106
31-03-2021,total,31405,3057038,1056
30-03-2021,chennai,23671,2292623,423
30-03-2021,coimbatore,3785,401473,366
30-03-2021,madurai,2419,251505,156
30-03-2021,trichy,1376,100886,106
30-03-2021,total,31251,3046487,1051
29-03-2021,chennai,23549,2283225,423
29-03-2021,coimbatore,3767,400091,366
29-03-2021,madurai,2409,250638,156
29-03-2021,trichy,1372,100886,106
29-03-2021,total,31097,3034840,1051
28-03-2021,chennai,23429,2273165,423
28-03-2021,coimbatore,3749,398713,366
28-03-2021,madurai,2399,249484,156
28-03-2021,trichy,1368,100886,106
28-03-2021,total,30945,3022248,1051
27-03-2021,chennai,23315,2262512,422
27-03-2021,coimbatore,3732,396449,366
27-03-2021,madurai,2390,248106,156
27-03-2021,trichy,1363,100886,106
27-03-2021,total,30800,3007953,1050
26-03-2021,chennai,23194,2250689,422
26-03-2021,coimbatore,3714,394557,366
26-03-2021,madurai,2380,246953,156
26-03-2021,trichy,1358,100886,106
26-03-2021,total,30646,2993085,1050
25-03-2021,chennai,23084,2242396,421
25-03-2021,coimbatore,3698,392863,365
25-03-2021,madurai,2371,245833,156
25-03-2021,trichy,1353,100886,106
25-03-2021,total,30506,2981978,1048
24-03-2021,chennai,22961,2231109,421
24-03-2021,coimbatore,3680,391097,365
24-03-2021,madurai,2362,244943,156
24-03-2021,trichy,1348,100886,106
24-03-2021,total,30351,2968035,1048
23-03-2021,chennai,22853,2222087,420
23-03-2021,coimbatore,3665,389506,365
23-03-2021,madurai,2353,243909,156
23-03-2021,trichy,1343,100886,106
23-03-2021,total,30214,2956388,1047
22-03-2021,chennai,22731,2211094,420
22-03-2021,coimbatore,3647,387724,365
22-03-2021,madurai,2345,243050,156
22-03-2021,trichy,1338,100886,106
22-03-2021,total,30061,2942754,1047
21-03-2021,chennai,22615,2199667,420
21-03-2021,coimbatore,3631,385915,365
21-03-2021,madurai,2336,241963,156
21-03-2021,trichy,1333,100886,106
21-03-2021,total,29915,2928431,1047
20-03-2021,chennai,22497,2189339,420
20-03-2021,coimbatore,3614,383802,365
20-03-2021,madurai,2327,240947,156
20-03-2021,trichy,1328,100886,106
20-03-2021,total,29766,2914974,1047
19-03-2021,chennai,22377,2177156,420
19-03-2021,coimbatore,3597,382062,365
19-03-2021,madurai,2317,239965,156
19-03-2021,trichy,1323,100886,106
19-03-2021,total,29614,2900069,1047
18-03-2021,chennai,22265,2166162,419
18-03-2021,coimbatore,3580,380261,364
18-03-2021,madurai,2308,238973,156
18-03-2021,trichy,1318,100886,106
18-03-2021,total,29471,2886282,1045
17-03-2021,chennai,22148,2154306,419
17-03-2021,coimbatore,3562,378434,364
17-03-2021,madurai,2299,238059,156
17-03-2021,trichy,1313,100886,106
17-03-2021,total,29322,2871685,1045
16-03-2021,chennai,22032,2142944,419
16-03-2021,coimbatore,3548,376906,364
16-03-2021,madurai,2290,237101,156
16-03-2021,trichy,1308,100886,106
16-03-2021,total,29178,2857837,1045
15-03-2021,chennai,21908,2129903,418
15-03-2021,coimbatore,3530,374767,364
15-03-2021,madurai,2280,236139,156
15-03-2021,trichy,1303,100886,106
15-03-2021,total,29021,2841695,1044
14-03-2021,chennai,21789,2116863,418
14-03-2021,coimbatore,3514,372862,364
14-03-2021,madurai,2271,235022,156
14-03-2021,trichy,1298,100886,106
14-03-2021,total,28872,2825633,1044
13-03-2021,chennai,21682,2106184,418
13-03-2021,coimbatore,3497,370770,364
13-03-2021,madurai,2262,233778,156
13-03-2021,trichy,1293,100886,106
13-03-2021,total,28734,2811618,1044
12-03-2021,chennai,21562,2095157,418
12-03-2021,coimbatore,3479,368809,364
12-03-2021,madurai,2252,232663,156
12-03-2021,trichy,1293,100886,106
12-03-2021,total,28586,2797515,1044
11-03-2021,chennai,21444,2086060,418
11-03-2021,coimbatore,3462,366683,364
11-03-2021,madurai,2243,231328,156
11-03-2021,trichy,1283,100886,106
11-03-2021,total,28432,2784957,1044
10-03-2021,chennai,21321,2074698,418
10-03-2021,coimbatore,3444,364425,364
10-03-2021,madurai,2234,230161,156
10-03-2021,trichy,1278,100886,106
10-03-2021,total,28277,2770170,1044
09-03-2021,chennai,21208,2065147,418
09-03-2021,coimbatore,3429,362797,364
09-03-2021,madurai,2225,229121,156
09-03-2021,trichy,1273,100886,106
09-03-2021,total,28135,2757951,1044
08-03-2021,chennai,21081,2053800,418
08-03-2021,coimbatore,3412,361080,364
08-03-2021,madurai,2216,228210,156
08-03-2021,trichy,1268,100886,106
08-03-2021,total,27977,2743976,1044
07-03-2021,chennai,20963,2042010,418
07-03-2021,coimbatore,3398,359290,364
07-03-2021,madurai,2207,227035,156
07-03-2021,trichy,1263,100886,106
07-03-2021,total,27831,2729221,1044
06-03-2021,chennai,20846,2030861,418
06-03-2021,coimbatore,3380,357087,364
06-03-2021,madurai,2198,225981,156
06-03-2021,trichy,1258,100886,106
06-03-2021,total,27682,2714815,1044
05-03-2021,chennai,20728,2019695,418
05-03-2021,coimbatore,3363,355159,364
05-03-2021,madurai,2188,224909,156
05-03-2021,trichy,1253,100886,106
05-03-2021,total,27532,2700649,1044
04-03-2021,chennai,20614,2009256,418
04-03-2021,coimbatore,3346,352988,364
04-03-2021,madurai,2179,223884,156
04-03-2021,trichy,1248,100886,105
04-03-2021,total,27387,2687014,1043
03-03-2021,chennai,20489,1997537,418
03-03-2021,coimbatore,3328,350931,364
03-03-2021,madurai,2170,222899,156
03-03-2021,trichy,1243,100886,105
03-03-2021,total,27230,2672253,1043
02-03-2021,chennai,20375,1986734,418
02-03-2021,coimbatore,3314,349281,364
02-03-2021,madurai,2161,221893,156
02-03-2021,trichy,1238,100886,105
02-03-2021,total,27088,2658794,1043
01-03-2021,chennai,20247,1973819,418
01-03-2021,coimbatore,3297,347260,364
01-03-2021,madurai,2151,220874,156
01-03-2021,trichy,1233,100886,105
01-03-2021,total,26928,2642839,1043
28-02-2021,chennai,20125,1958505,418
28-02-2021,coimbatore,3281,345127,364
28-02-2021,madurai,2142,219657,156
28-02-2021,trichy,1228,100886,105
28-02-2021,total,26776,2624175,1043
27-02-2021,chennai,20005,1947831,418
27-02-2021,coimbatore,3264,343398,364
27-02-2021,madurai,2133,218477,156
27-02-2021,trichy,1223,100886,105
27-02-2021,total,26625,2610592,1043
26-02-2021,chennai,19876,1934316,418
26-02-2021,coimbatore,3247,341576,364
26-02-2021,madurai,2123,217278,156
26-02-2021,trichy,1218,100886,105
26-02-2021,total,26464,2594056,1043
25-02-2021,chennai,19759,1922069,418
25-02-2021,coimbatore,3230,339488,364
25-02-2021,madurai,2114,216089,156
25-02-2021,trichy,1213,100886,105
25-02-2021,total,26316,2578532,1043
24-02-2021,chennai,19632,1908732,418
24-02-2021,coimbatore,3212,337141,364
24-02-2021,madurai,2105,214758,156
24-02-2021,trichy,1209,100886,105
24-02-2021,total,26158,2561517,1043
23-02-2021,chennai,19514,1897536,418
23-02-2021,coimbatore,3197,335017,364
23-02-2021,madurai,2096,213440,156
23-02-2021,trichy,1205,100886,105
23-02-2021,total,26012,2546879,1043
22-02-2021,chennai,19394,1884677,418
22-02-2021,coimbatore,3179,332598,364
22-02-2021,madurai,2086,212160,156
22-02-2021,trichy,1201,100886,105
22-02-2021,total,25860,2530321,1043
21-02-2021,chennai,19272,1869801,418
21-02-2021,coimbatore,3162,330453,364
21-02-2021,madurai,2077,210764,156
21-02-2021,trichy,1197,100886,105
21-02-2021,total,25708,2511904,1043
20-02-2021,chennai,19160,1858982,418
20-02-2021,coimbatore,3146,328265,364
20-02-2021,madurai,2068,209425,156
20-02-2021,trichy,1193,100886,105
20-02-2021,total,25567,2497558,1043
19-02-2021,chennai,19039,1847432,418
19-02-2021,coimbatore,3128,325910,364
19-02-2021,madurai,2059,208351,156
19-02-2021,trichy,1119,100886,105
19-02-2021,total,25345,2482579,1043
18-02-2021,chennai,18916,1834242,418
18-02-2021,coimbatore,3109,323759,364
18-02-2021,madurai,2050,207225,156
18-02-2021,trichy,1119,100886,105
18-02-2021,total,25194,2466112,1043
17-02-2021,chennai,18788,1820277,418
17-02-2021,coimbatore,3092,321750,364
17-02-2021,madurai,2040,206133,154
17-02-2021,trichy,1119,100886,105
17-02-2021,total,25039,2449046,1041
16-02-2021,chennai,18672,1809268,417
16-02-2021,coimbatore,3075,319892,364
16-02-2021,madurai,2031,205241,154
16-02-2021,trichy,1119,100886,105
16-02-2021,total,24897,2435287,1040
15-02-2021,chennai,18552,1796318,417
15-02-2021,coimbatore,3058,317747,364
15-02-2021,madurai,2021,204047,154
15-02-2021,trichy,1119,100886,105
15-02-2021,total,24750,2418998,1040
14-02-2021,chennai,18434,1782171,417
14-02-2021,coimbatore,3041,315427,364
14-02-2021,madurai,2012,202651,154
14-02-2021,trichy,1119,100886,105
14-02-2021,total,24606,2401135,1040
13-02-2021,chennai,18317,1770576,417
13-02-2021,coimbatore,3021,312702,364
13-02-2021,madurai,2003,201244,154
13-02-2021,trichy,1119,100886,105
13-02-2021,total,24460,2385408,1040
12-02-2021,chennai,18183,1757206,417
12-02-2021,coimbatore,3003,310422,364
12-02-2021,madurai,1993,199944,154
12-02-2021,trichy,1119,100886,105
12-02-2021,total,24298,2368458,1040
11-02-2021,chennai,18064,1746310,417
11-02-2021,coimbatore,2984,308126,364
11-02-2021,madurai,1983,198912,154
11-02-2021,trichy,1119,100886,105
11-02-2021,total,24150,2354234,1040
10-02-2021,chennai,17938,1734560,416
10-02-2021,coimbatore,2966,305923,364
10-02-2021,madurai,1973,197779,154
10-02-2021,trichy,1119,100886,105
10-02-2021,total,23996,2339148,1039
09-02-2021,chennai,17819,1723929,416
09-02-2021,coimbatore,2949,303913,364
09-02-2021,madurai,1964,196740,154
09-02-2021,trichy,1119,100886,105
09-02-2021,total,23851,2325468,1039
08-02-2021,chennai,17703,1711401,416
08-02-2021,coimbatore,2933,302000,364
08-02-2021,madurai,1955,195823,154
08-02-2021,trichy,1119,100886,105
08-02-2021,total,23710,2310110,1039
07-02-2021,chennai,17587,1701213,416
07-02-2021,coimbatore,2917,299991,364
07-02-2021,madurai,1946,194586,154
07-02-2021,trichy,1119,100886,105
07-02-2021,total,23569,2296676,1039
06-02-2021,chennai,17476,1690461,416
06-02-2021,coimbatore,2899,297783,364
06-02-2021,madurai,1937,193309,154
06-02-2021,trichy,1119,100886,105
06-02-2021,total,23431,2282439,1039
05-02-2021,chennai,17355,1678905,416
05-02-2021,coimbatore,2883,295828,364
05-02-2021,madurai,1928,192225,154
05-02-2021,trichy,1119,100886,105
05-02-2021,total,23285,2267844,1039
04-02-2021,chennai,17234,1668105,416
04-02-2021,coimbatore,2865,293873,364
04-02-2021,madurai,1919,191196,154
04-02-2021,trichy,1119,100886,104
04-02-2021,total,23137,2254060,1038
03-02-2021,chennai,17111,1656126,416
03-02-2021,coimbatore,2847,292010,364
03-02-2021,madurai,1910,190159,154
03-02-2021,trichy,1119,100886,104
03-02-2021,total,22987,2239181,1038
02-02-2021,chennai,16985,1644143,416
02-02-2021,coimbatore,2829,290094,364
02-02-2021,madurai,1901,189037,154
02-02-2021,trichy,1119,100886,104
02-02-2021,total,22834,2224160,1038
01-02-2021,chennai,16859,1631581,416
01-02-2021,coimbatore,2811,288033,364
01-02-2021,madurai,1892,188121,154
01-02-2021,trichy,1119,100886,104
01-02-2021,total,22681,2208621,1038
31-01-2021,chennai,16746,1618103,416
31-01-2021,coimbatore,2794,286105,364
31-01-2021,madurai,1883,186905,154
31-01-2021,trichy,1119,100886,104
31-01-2021,total,22542,2191999,1038
30-01-2021,chennai,16631,1608709,416
30-01-2021,coimbatore,2778,284189,364
30-01-2021,madurai,1874,185658,154
30-01-2021,trichy,1119,100886,104
30-01-2021,total,22402,2179442,1038
29-01-2021,chennai,16505,1597284,416
29-01-2021,coimbatore,2759,282524,364
29-01-2021,madurai,1864,184660,154
29-01-2021,trichy,1119,100886,104
29-01-2021,total,22247,2165354,1038
28-01-2021,chennai,16379,1586736,414
28-01-2021,coimbatore,2739,280449,364
28-01-2021,madurai,1855,183701,154
28-01-2021,trichy,1119,100886,104
28-01-2021,total,22092,2151772,1036
27-01-2021,chennai,16253,1574505,414
27-01-2021,coimbatore,2720,278414,364
27-01-2021,madurai,1845,182731,154
27-01-2021,trichy,1119,100886,104
27-01-2021,total,21937,2136536,1036
26-01-2021,chennai,16133,1563503,412
26-01-2021,coimbatore,2703,276647,364
26-01-2021,madurai,1837,181489,154
26-01-2021,trichy,1119,100886,104
26-01-2021,total,21792,2122525,1034
25-01-2021,chennai,16009,1552561,412
25-01-2021,coimbatore,2685,274644,364
25-01-2021,madurai,1827,180237,154
25-01-2021,trichy,1119,100886,104
25-01-2021,total,21640,2108328,1034
24-01-2021,chennai,15892,1539375,412
24-01-2021,coimbatore,2668,272326,363
24-01-2021,madurai,1818,178828,154
24-01-2021,trichy,1119,100886,104
24-01-2021,total,21497,2091415,1033
23-01-2021,chennai,15775,1526274,412
23-01-2021,coimbatore,2648,269783,363
23-01-2021,madurai,1809,177420,154
23-01-2021,trichy,1119,100886,104
23-01-2021,total,21351,2074363,1033
22-01-2021,chennai,15645,1513616,412
22-01-2021,coimbatore,2631,267591,363
22-01-2021,madurai,1799,176117,154
22-01-2021,trichy,1119,100886,104
22-01-2021,total,21194,2058210,1033
21-01-2021,chennai,15524,1502781,411
21-01-2021,coimbatore,2611,265279,363
21-01-2021,madurai,1790,175144,154
21-01-2021,trichy,1119,100886,104
21-01-2021,total,21044,2044090,1032
19-01-2021,chennai,15275,1478003,410
19-01-2021,coimbatore,2577,261083,363
19-01-2021,madurai,1771,173035,154
19-01-2021,trichy,1119,100886,104
19-01-2021,total,20742,2013007,1031
18-01-2021,chennai,15149,1462292,410
18-01-2021,coimbatore,2565,259525,363
18-01-2021,madurai,1761,171911,154
18-01-2021,trichy,1119,100886,104
18-01-2021,total,20594,1994614,1031
17-01-2021,chennai,15028,1444867,410
17-01-2021,coimbatore,2548,257270,363
17-01-2021,madurai,1752,170630,154
17-01-2021,trichy,1119,100886,104
17-01-2021,total,20447,1973653,1031
16-01-2021,chennai,14911,1432421,410
16-01-2021,coimbatore,2528,255056,363
16-01-2021,madurai,1743,169472,154
16-01-2021,trichy,1119,100886,104
16-01-2021,total,20301,1957835,1031
15-01-2021,chennai,14787,1421814,410
15-01-2021,coimbatore,2509,253389,363
15-01-2021,madurai,1733,168270,154
15-01-2021,trichy,1119,100886,104
15-01-2021,total,20148,1944359,1031
14-01-2021,chennai,14668,1413601,410
14-01-2021,coimbatore,2489,251282,363
14-01-2021,madurai,1724,166953,154
14-01-2021,trichy,1119,100886,104
14-01-2021,total,20000,1932722,1031
13-01-2021,chennai,14537,1402666,410
13-01-2021,coimbatore,2472,249015,363
13-01-2021,madurai,1714,165346,154
13-01-2021,trichy,1119,100886,103
13-01-2021,total,19842,1917913,1030
12-01-2021,chennai,14420,1391116,409
12-01-2021,coimbatore,2456,247343,363
12-01-2021,madurai,1705,163968,154
12-01-2021,trichy,1119,100886,103
12-01-2021,total,19700,1903313,1029
11-01-2021,chennai,14291,1378977,409
11-01-2021,coimbatore,2439,245541,363
11-01-2021,madurai,1695,162484,154
11-01-2021,trichy,1119,100886,103
11-01-2021,total,19544,1887888,1029
10-01-2021,chennai,14176,1366717,407
10-01-2021,coimbatore,2424,243531,363
10-01-2021,madurai,1686,161081,154
10-01-2021,trichy,1119,100886,103
10-01-2021,total,19405,1872215,1027
09-01-2021,chennai,14062,1354464,407
09-01-2021,coimbatore,2405,241203,363
09-01-2021,madurai,1677,159750,154
09-01-2021,trichy,1119,100886,103
09-01-2021,total,19263,1856303,1027
08-01-2021,chennai,13928,1340573,407
08-01-2021,coimbatore,2388,239161,363
08-01-2021,madurai,1667,158479,154
08-01-2021,trichy,1119,100886,103
08-01-2021,total,19102,1839099,1027
07-01-2021,chennai,13813,1330364,407
07-01-2021,coimbatore,2370,237546,363
07-01-2021,madurai,1658,157454,154
07-01-2021,trichy,1119,100886,103
07-01-2021,total,18960,1826250,1027
06-01-2021,chennai,13688,1318203,406
06-01-2021,coimbatore,2353,235872,363
06-01-2021,madurai,1648,156434,154
06-01-2021,trichy,1119,100886,103
06-01-2021,total,18808,1811395,1026
05-01-2021,chennai,13571,1307928,406
05-01-2021,coimbatore,2337,234484,363
05-01-2021,madurai,1639,155547,154
05-01-2021,trichy,1119,100886,103
05-01-2021,total,18666,1798845,1026
04-01-2021,chennai,13492,1295065,406
04-01-2021,coimbatore,2320,232621,363
04-01-2021,madurai,1629,154591,154
04-01-2021,trichy,1119,100886,103
04-01-2021,total,18560,1783163,1026
03-01-2021,chennai,13378,1280824,406
03-01-2021,coimbatore,2305,230740,363
03-01-2021,madurai,1620,153420,154
03-01-2021,trichy,1119,100886,103
03-01-2021,total,18422,1765870,1026
02-01-2021,chennai,13266,1270477,406
02-01-2021,coimbatore,2286,229070,363
02-01-2021,madurai,1611,152436,154
02-01-2021,trichy,1119,100886,103
02-01-2021,total,18282,1752869,1026
01-01-2021,chennai,13146,1260681,406
01-01-2021,coimbatore,2272,227834,363
01-01-2021,madurai,1601,151322,154
01-01-2021,trichy,1119,100886,103
01-01-2021,total,18138,1740723,1026
31-12-2020,chennai,13039,1251569,406
31-12-2020,coimbatore,2253,226210,363
31-12-2020,madurai,1592,150395,154
31-12-2020,trichy,1119,100886,103
31-12-2020,total,18003,1729060,1026
30-12-2020,chennai,12915,1241482,406
30-12-2020,coimbatore,2235,224276,363
30-12-2020,madurai,1582,149314,154
30-12-2020,trichy,1119,100886,103
30-12-2020,total,17851,1715958,1026
29-12-2020,chennai,12798,1231469,405
29-12-2020,coimbatore,2219,222652,363
29-12-2020,madurai,1573,148306,154
29-12-2020,trichy,1119,100886,102
29-12-2020,total,17709,1703313,1024
28-12-2020,chennai,12673,1220368,405
28-12-2020,coimbatore,2202,220629,363
28-12-2020,madurai,1563,147303,154
28-12-2020,trichy,1119,100886,102
28-12-2020,total,17557,1689186,1024
27-12-2020,chennai,12587,1207399,405
27-12-2020,coimbatore,2187,218662,363
27-12-2020,madurai,1554,146292,154
27-12-2020,trichy,1119,100886,102
27-12-2020,total,17447,1673239,1024
26-12-2020,chennai,12479,1198055,405
26-12-2020,coimbatore,2170,216901,363
26-12-2020,madurai,1546,145409,154
26-12-2020,trichy,1119,100886,102
26-12-2020,total,17314,1661251,1024
25-12-2020,chennai,12359,1186993,405
25-12-2020,coimbatore,2153,214567,363
25-12-2020,madurai,1536,143916,154
25-12-2020,trichy,1119,100886,102
25-12-2020,total,17167,1646362,1024
24-12-2020,chennai,12243,1176785,405
24-12-2020,coimbatore,2134,212130,363
24-12-2020,madurai,1527,142537,154
24-12-2020,trichy,1119,100886,102
24-12-2020,total,17023,1632338,1024
23-12-2020,chennai,12123,1166357,405
23-12-2020,coimbatore,2117,209981,363
23-12-2020,madurai,1517,141240,154
23-12-2020,trichy,1119,100886,102
23-12-2020,total,16876,1618464,1024
22-12-2020,chennai,12012,1157106,405
22-12-2020,coimbatore,2103,208307,363
22-12-2020,madurai,1508,140210,154
22-12-2020,trichy,1119,100886,102
22-12-2020,total,16742,1606509,1024
21-12-2020,chennai,11892,1145918,404
21-12-2020,coimbatore,2087,206362,362
21-12-2020,madurai,1497,139204,154
21-12-2020,trichy,1119,100886,102
21-12-2020,total,16595,1592370,1022
20-12-2020,chennai,11782,1133991,404
20-12-2020,coimbatore,2075,204782,362
20-12-2020,madurai,1487,137891,154
20-12-2020,trichy,1119,100886,102
20-12-2020,total,16463,1577550,1022
19-12-2020,chennai,11672,1123246,404
19-12-2020,coimbatore,2059,202958,362
19-12-2020,madurai,1476,136530,154
19-12-2020,trichy,1119,100886,102
19-12-2020,total,16326,1563620,1022
18-12-2020,chennai,11556,1112822,402
18-12-2020,coimbatore,2044,201321,362
18-12-2020,madurai,1467,135505,154
18-12-2020,trichy,1119,100886,102
18-12-2020,total,16186,1550534,1020
17-12-2020,chennai,11448,1103274,401
17-12-2020,coimbatore,2028,199654,362
17-12-2020,madurai,1458,134596,153
17-12-2020,trichy,1119,100886,101
17-12-2020,total,16053,1538410,1017
15-12-2020,chennai,11232,1083260,400
15-12-2020,coimbatore,1998,196132,362
15-12-2020,madurai,1441,132768,153
15-12-2020,trichy,1119,100886,101
15-12-2020,total,15790,1513046,1016
14-12-2020,chennai,11122,1071533,400
14-12-2020,coimbatore,1983,194305,362
14-12-2020,madurai,1432,131876,152
14-12-2020,trichy,1119,100886,101
14-12-2020,total,15656,1498600,1015
13-12-2020,chennai,11017,1059421,399
13-12-2020,coimbatore,1972,192786,360
13-12-2020,madurai,1423,130742,152
13-12-2020,trichy,1119,100886,101
13-12-2020,total,15531,1483835,1012
12-12-2020,chennai,10913,1047777,399
12-12-2020,coimbatore,1957,190887,362
12-12-2020,madurai,1413,129544,152
12-12-2020,trichy,1119,100886,101
12-12-2020,total,15402,1469094,1014
11-12-2020,chennai,10801,1036399,399
11-12-2020,coimbatore,1942,189188,361
11-12-2020,madurai,1403,128508,152
11-12-2020,trichy,1119,100886,101
11-12-2020,total,15265,1454981,1013
10-12-2020,chennai,10694,1025524,399
10-12-2020,coimbatore,1927,187289,360
10-12-2020,madurai,1394,127367,152
10-12-2020,trichy,1119,100886,101
10-12-2020,total,15134,1441066,1012
09-12-2020,chennai,10581,1017007,399
09-12-2020,coimbatore,1910,185597,357
09-12-2020,madurai,1383,122709,152
09-12-2020,trichy,1119,100886,101
09-12-2020,total,14993,1426199,1009
08-12-2020,chennai,10474,1007628,396
08-12-2020,coimbatore,1897,184260,356
08-12-2020,madurai,1375,122709,152
08-12-2020,trichy,1119,100886,101
08-12-2020,total,14865,1415483,1005
07-12-2020,chennai,10360,996502,396
07-12-2020,coimbatore,1882,182569,356
07-12-2020,madurai,1364,122709,152
07-12-2020,trichy,1119,100886,101
07-12-2020,total,14725,1402666,1005
06-12-2020,chennai,10255,985455,396
06-12-2020,coimbatore,1870,181205,356
06-12-2020,madurai,1354,122709,152
06-12-2020,trichy,1119,100886,101
06-12-2020,total,14598,1390255,1005
05-12-2020,chennai,10152,975246,396
05-12-2020,coimbatore,1855,179525,356
05-12-2020,madurai,1343,122615,152
05-12-2020,trichy,1119,100886,101
05-12-2020,total,14469,1378272,1005
03-12-2020,chennai,9955,956583,396
03-12-2020,coimbatore,1826,176658,356
03-12-2020,madurai,1322,120686,152
03-12-2020,trichy,1119,100886,100
03-12-2020,total,14222,1354813,1004
02-12-2020,chennai,9847,946042,394
02-12-2020,coimbatore,1810,175051,355
02-12-2020,madurai,1312,119737,152
02-12-2020,trichy,1119,100886,99
02-12-2020,total,14088,1341716,1000
01-12-2020,chennai,9748,936296,394
01-12-2020,coimbatore,1797,173778,355
01-12-2020,madurai,1302,118916,152
01-12-2020,trichy,1119,100886,99
01-12-2020,total,13966,1329876,1000
29-11-2020,chennai,9550,914491,394
29-11-2020,coimbatore,1770,170452,354
29-11-2020,madurai,1281,117721,152
29-11-2020,trichy,1119,100886,99
29-11-2020,total,13720,1303550,999
28-11-2020,chennai,9447,905176,394
28-11-2020,coimbatore,1756,168619,354
28-11-2020,madurai,1270,116635,152
28-11-2020,trichy,1119,100886,99
28-11-2020,total,13592,1291316,999
27-11-2020,chennai,9346,895668,394
27-11-2020,coimbatore,1742,167032,354
27-11-2020,madurai,1260,115680,152
27-11-2020,trichy,1119,100886,99
27-11-2020,total,13467,1279266,999
26-11-2020,chennai,9291,889693,394
26-11-2020,coimbatore,1728,165571,354
26-11-2020,madurai,1251,114701,152
26-11-2020,trichy,1119,100886,99
26-11-2020,total,13389,1270851,999
25-11-2020,chennai,9233,882997,394
25-11-2020,coimbatore,1712,163620,353
25-11-2020,madurai,1240,113445,152
25-11-2020,trichy,1119,100886,99
25-11-2020,total,13304,1260948,998
24-11-2020,chennai,9139,874899,394
24-11-2020,coimbatore,1700,162460,353
24-11-2020,madurai,1232,112411,152
24-11-2020,trichy,1119,100886,99
24-11-2020,total,13190,1250656,998
23-11-2020,chennai,9037,864648,394
23-11-2020,coimbatore,1685,160846,352
23-11-2020,madurai,1221,111453,152
23-11-2020,trichy,1119,100886,99
23-11-2020,total,13062,1237833,997
22-11-2020,chennai,8940,854092,394
22-11-2020,coimbatore,1674,159635,348
22-11-2020,madurai,1210,110219,152
22-11-2020,trichy,1119,100886,99
22-11-2020,total,12943,1224832,993
21-11-2020,chennai,8847,846324,394
21-11-2020,coimbatore,1663,158610,348
21-11-2020,madurai,1199,109086,152
21-11-2020,trichy,1119,100886,99
21-11-2020,total,12828,1214906,993
20-11-2020,chennai,8748,837589,394
20-11-2020,coimbatore,1650,157486,348
20-11-2020,madurai,1188,108083,152
20-11-2020,trichy,1119,100886,98
20-11-2020,total,12705,1204044,992
19-11-2020,chennai,8651,830374,393
19-11-2020,coimbatore,1634,156070,347
19-11-2020,madurai,1179,107107,152
19-11-2020,trichy,1119,100886,98
19-11-2020,total,12583,1194437,990
18-11-2020,chennai,8555,821485,393
18-11-2020,coimbatore,1618,154731,347
18-11-2020,madurai,1168,106142,151
18-11-2020,trichy,1119,100886,98
18-11-2020,total,12460,1183244,989
17-11-2020,chennai,8460,813680,391
17-11-2020,coimbatore,1605,153570,347
17-11-2020,madurai,1158,105266,150
17-11-2020,trichy,1119,100886,98
17-11-2020,total,12342,1173402,986
16-11-2020,chennai,8357,803635,391
16-11-2020,coimbatore,1589,152255,347
16-11-2020,madurai,1148,104465,150
16-11-2020,trichy,1119,100886,98
16-11-2020,total,12213,1161241,986
13-11-2020,chennai,8081,782822,387
13-11-2020,coimbatore,1550,148563,347
13-11-2020,madurai,1119,100886,150
13-11-2020,trichy,1119,100886,98
13-11-2020,total,11869,1133157,982
12-11-2020,chennai,7989,774414,387
12-11-2020,coimbatore,1535,146641,347
12-11-2020,madurai,1109,99437,150
12-11-2020,trichy,752,45212,98
12-11-2020,total,11385,1065704,982
11-11-2020,chennai,7889,765567,387
11-11-2020,coimbatore,1518,145013,347
11-11-2020,madurai,1099,97889,150
11-11-2020,trichy,747,44754,98
11-11-2020,total,11253,1053223,982
10-11-2020,chennai,7798,758053,387
10-11-2020,coimbatore,1506,143763,347
10-11-2020,madurai,1088,96672,150
10-11-2020,trichy,742,44374,98
10-11-2020,total,11134,1042862,982
09-11-2020,chennai,7707,749792,387
09-11-2020,coimbatore,1492,142526,347
09-11-2020,madurai,1079,95797,150
09-11-2020,trichy,737,44038,98
09-11-2020,total,11015,1032153,982
08-11-2020,chennai,7610,740750,387
08-11-2020,coimbatore,1479,141233,347
08-11-2020,madurai,1067,94399,150
08-11-2020,trichy,732,43615,98
08-11-2020,total,10888,1019997,982
07-11-2020,chennai,7518,733024,387
07-11-2020,coimbatore,1465,139717,347
07-11-2020,madurai,1056,93172,150
07-11-2020,trichy,727,43187,98
07-11-2020,total,10766,1009100,982
06-11-2020,chennai,7422,724799,387
06-11-2020,coimbatore,1450,138454,347
06-11-2020,madurai,1045,92165,150
06-11-2020,trichy,722,42907,98
06-11-2020,total,10639,998325,982
05-11-2020,chennai,7334,717924,387
05-11-2020,coimbatore,1435,137173,347
05-11-2020,madurai,1036,91280,150
05-11-2020,trichy,717,42566,98
05-11-2020,total,10522,988943,982
04-11-2020,chennai,7243,709562,387
04-11-2020,coimbatore,1420,135836,347
04-11-2020,madurai,1026,90415,150
04-11-2020,trichy,712,42263,98
04-11-2020,total,10401,978076,982
03-11-2020,chennai,7160,702404,387
03-11-2020,coimbatore,1408,134915,347
03-11-2020,madurai,1017,89497,150
03-11-2020,trichy,707,42007,98
03-11-2020,total,10292,968823,982
02-11-2020,chennai,7069,693607,387
02-11-2020,coimbatore,1393,133492,347
02-11-2020,madurai,1008,88721,150
02-11-2020,trichy,702,41689,98
02-11-2020,total,10172,957509,982
01-11-2020,chennai,6977,683700,387
01-11-2020,coimbatore,1380,132233,347
01-11-2020,madurai,999,87572,150
01-11-2020,trichy,697,41336,98
01-11-2020,total,10053,944841,982
31-10-2020,chennai,6892,675839,387
31-10-2020,coimbatore,1365,130890,347
31-10-2020,madurai,988,86471,150
31-10-2020,trichy,692,41024,98
31-10-2020,total,9937,934224,982
30-10-2020,chennai,6803,667343,387
30-10-2020,coimbatore,1350,129900,347
30-10-2020,madurai,978,85496,150
30-10-2020,trichy,687,40740,98
30-10-2020,total,9818,923479,982
29-10-2020,chennai,6716,660450,387
29-10-2020,coimbatore,1335,129710,347
29-10-2020,madurai,968,84400,150
29-10-2020,trichy,682,40411,98
29-10-2020,total,9701,914971,982
28-10-2020,chennai,6629,652712,387
28-10-2020,coimbatore,1318,129010,347
28-10-2020,madurai,958,83302,150
28-10-2020,trichy,677,40104,98
28-10-2020,total,9582,905128,982
27-10-2020,chennai,6553,646226,387
27-10-2020,coimbatore,1306,128205,347
27-10-2020,madurai,948,82217,150
27-10-2020,trichy,672,39847,98
27-10-2020,total,9479,896495,982
26-10-2020,chennai,6465,637387,387
26-10-2020,coimbatore,1292,127950,347
26-10-2020,madurai,938,81328,150
26-10-2020,trichy,667,39534,98
26-10-2020,total,9362,886199,982
25-10-2020,chennai,6379,629423,387
25-10-2020,coimbatore,1279,127200,347
25-10-2020,madurai,928,79061,150
25-10-2020,trichy,662,39231,98
25-10-2020,total,9248,874915,982
24-10-2020,chennai,6301,622823,387
24-10-2020,coimbatore,1269,126820,347
24-10-2020,madurai,917,78593,150
24-10-2020,trichy,657,38835,98
24-10-2020,total,9144,867071,982
23-10-2020,chennai,6215,615066,387
23-10-2020,coimbatore,1253,126208,347
23-10-2020,madurai,907,77536,150
23-10-2020,trichy,651,38414,98
23-10-2020,total,9026,857224,982
22-10-2020,chennai,6133,607748,387
22-10-2020,coimbatore,1240,126008,347
22-10-2020,madurai,896,76430,150
22-10-2020,trichy,643,38090,98
22-10-2020,total,8912,848276,982
20-10-2020,chennai,5975,593184,387
20-10-2020,coimbatore,1218,122140,347
20-10-2020,madurai,878,74769,150
20-10-2020,trichy,632,37582,98
20-10-2020,total,8703,827675,982
19-10-2020,chennai,5891,584152,387
19-10-2020,coimbatore,1214,121143,347
19-10-2020,madurai,870,74030,150
19-10-2020,trichy,626,37233,98
19-10-2020,total,8601,816558,982
18-10-2020,chennai,5813,574949,387
18-10-2020,coimbatore,1210,120132,347
18-10-2020,madurai,861,72901,150
18-10-2020,trichy,618,36769,98
18-10-2020,total,8502,804751,982
17-10-2020,chennai,5726,566764,387
17-10-2020,coimbatore,1205,119121,347
17-10-2020,madurai,851,71576,150
17-10-2020,trichy,613,36394,98
17-10-2020,total,8395,793855,982
16-10-2020,chennai,5645,557466,387
16-10-2020,coimbatore,1201,117125,347
16-10-2020,madurai,841,70675,150
16-10-2020,trichy,607,36005,98
16-10-2020,total,8294,781271,982
15-10-2020,chennai,5575,549716,387
15-10-2020,coimbatore,1141,109225,347
15-10-2020,madurai,830,69635,150
15-10-2020,trichy,603,35721,98
15-10-2020,total,8149,764297,982
14-10-2020,chennai,5506,541225,387
14-10-2020,coimbatore,1129,107893,347
14-10-2020,madurai,822,68940,150
14-10-2020,trichy,598,35400,98
14-10-2020,total,8055,753458,982
13-10-2020,chennai,5447,535114,387
13-10-2020,coimbatore,1117,106746,347
13-10-2020,madurai,812,68150,150
13-10-2020,trichy,595,35249,98
13-10-2020,total,7971,745259,982
12-10-2020,chennai,5379,526925,387
12-10-2020,coimbatore,1102,105251,347
12-10-2020,madurai,803,67339,150
12-10-2020,trichy,590,34925,98
12-10-2020,total,7874,734440,982
11-10-2020,chennai,5316,519372,387
11-10-2020,coimbatore,1090,103820,346
11-10-2020,madurai,795,66382,150
11-10-2020,trichy,584,34535,98
11-10-2020,total,7785,724109,981
09-10-2020,chennai,5189,504526,387
09-10-2020,coimbatore,1063,101158,346
09-10-2020,madurai,776,64489,149
09-10-2020,trichy,576,33883,98
09-10-2020,total,7604,704056,980
08-10-2020,chennai,5127,497438,386
08-10-2020,coimbatore,1051,99825,346
08-10-2020,madurai,767,63577,149
08-10-2020,trichy,522,33618,98
08-10-2020,total,7467,694458,979
07-10-2020,chennai,5062,489420,384
07-10-2020,coimbatore,1038,98465,344
07-10-2020,madurai,759,62874,149
07-10-2020,trichy,567,33220,98
07-10-2020,total,7426,683979,975
06-10-2020,chennai,5003,483036,377
06-10-2020,coimbatore,1029,97462,344
06-10-2020,madurai,751,62014,149
06-10-2020,trichy,564,33010,98
06-10-2020,total,7347,675522,968
05-10-2020,chennai,4938,474817,377
05-10-2020,coimbatore,1015,96090,344
05-10-2020,madurai,741,61218,149
05-10-2020,trichy,558,32606,98
05-10-2020,total,7252,664731,968
04-10-2020,chennai,4877,467486,376
04-10-2020,coimbatore,1002,94548,344
04-10-2020,madurai,733,60273,148
04-10-2020,trichy,552,32199,97
04-10-2020,total,7164,654506,965
03-10-2020,chennai,4819,461573,371
03-10-2020,coimbatore,991,93248,344
03-10-2020,madurai,723,59304,148
03-10-2020,trichy,548,31922,97
03-10-2020,total,7081,646047,960
02-10-2020,chennai,4750,453248,370
02-10-2020,coimbatore,978,91579,339
02-10-2020,madurai,714,57526,148
02-10-2020,trichy,542,31390,97
02-10-2020,total,6984,633743,954
01-10-2020,chennai,4690,446005,368
01-10-2020,coimbatore,966,90312,339
01-10-2020,madurai,705,57085,148
01-10-2020,trichy,537,31017,97
01-10-2020,total,6898,624419,952
30-09-2020,chennai,4627,438311,366
30-09-2020,coimbatore,950,88881,339
30-09-2020,madurai,696,56237,148
30-09-2020,trichy,531,30545,97
30-09-2020,total,6804,613974,950
29-09-2020,chennai,4571,432779,365
29-09-2020,coimbatore,941,87901,334
29-09-2020,madurai,689,55586,148
29-09-2020,trichy,528,30345,97
29-09-2020,total,6729,606611,944
28-09-2020,chennai,4507,425225,364
28-09-2020,coimbatore,925,86183,334
28-09-2020,madurai,679,54746,148
28-09-2020,trichy,522,29956,97
28-09-2020,total,6633,596110,943
27-09-2020,chennai,4445,418013,364
27-09-2020,coimbatore,911,84598,334
27-09-2020,madurai,671,53807,148
27-09-2020,trichy,516,29484,97
27-09-2020,total,6543,585902,943
25-09-2020,chennai,4318,404187,363
25-09-2020,coimbatore,869,80130,333
25-09-2020,madurai,653,52021,148
25-09-2020,trichy,505,28666,97
25-09-2020,total,6345,565004,941
24-09-2020,chennai,4259,398518,359
24-09-2020,coimbatore,857,78765,330
24-09-2020,madurai,645,51335,148
24-09-2020,trichy,501,28409,97
24-09-2020,total,6262,557027,934
23-09-2020,chennai,4197,391683,353
23-09-2020,coimbatore,854,78391,330
23-09-2020,madurai,637,50665,148
23-09-2020,trichy,496,28123,97
23-09-2020,total,6184,548862,928
22-09-2020,chennai,4138,386017,352
22-09-2020,coimbatore,849,77877,330
22-09-2020,madurai,630,49964,148
22-09-2020,trichy,492,27970,97
22-09-2020,total,6109,541828,927
21-09-2020,chennai,4073,379312,351
21-09-2020,coimbatore,835,76366,330
21-09-2020,madurai,620,49147,148
21-09-2020,trichy,485,27541,97
21-09-2020,total,6013,532366,926
20-09-2020,chennai,4014,372671,350
20-09-2020,coimbatore,822,74821,329
20-09-2020,madurai,612,48170,148
20-09-2020,trichy,477,27055,97
20-09-2020,total,5925,522717,924
18-09-2020,chennai,3889,360441,344
18-09-2020,coimbatore,795,72193,320
18-09-2020,madurai,594,46533,148
18-09-2020,trichy,462,26362,97
18-09-2020,total,5740,505529,909
17-09-2020,chennai,3830,354832,340
17-09-2020,coimbatore,784,71282,320
17-09-2020,madurai,587,45833,148
17-09-2020,trichy,455,26083,97
17-09-2020,total,5656,498030,905
16-09-2020,chennai,3766,347930,340
16-09-2020,coimbatore,770,69963,320
16-09-2020,madurai,580,45100,148
16-09-2020,trichy,447,25734,96
16-09-2020,total,5563,488727,904
15-09-2020,chennai,3713,342011,336
15-09-2020,coimbatore,764,69262,319
15-09-2020,madurai,573,44361,148
15-09-2020,trichy,441,25427,96
15-09-2020,total,5491,481061,899
14-09-2020,chennai,3648,334816,335
14-09-2020,coimbatore,750,67806,315
14-09-2020,madurai,563,43502,148
14-09-2020,trichy,433,25044,96
14-09-2020,total,5394,471168,894
12-09-2020,chennai,3532,321809,327
12-09-2020,coimbatore,728,65698,315
12-09-2020,madurai,547,41822,147
12-09-2020,trichy,418,24306,95
12-09-2020,total,5225,453635,884
11-09-2020,chennai,3475,316386,327
11-09-2020,coimbatore,714,64488,313
11-09-2020,madurai,539,41044,147
11-09-2020,trichy,410,23808,95
11-09-2020,total,5138,445726,882
10-09-2020,chennai,3415,309375,327
10-09-2020,coimbatore,704,63521,312
10-09-2020,madurai,533,40410,147
10-09-2020,trichy,403,23512,94
10-09-2020,total,5055,436818,880
09-09-2020,chennai,3362,303590,326
09-09-2020,coimbatore,691,61989,312
09-09-2020,madurai,525,39563,147
09-09-2020,trichy,395,23053,94
09-09-2020,total,4973,428195,879
07-09-2020,chennai,3256,290759,325
07-09-2020,coimbatore,674,60311,312
07-09-2020,madurai,510,38143,147
07-09-2020,trichy,381,22336,94
07-09-2020,total,4821,411549,878
04-09-2020,chennai,3115,271862,319
04-09-2020,coimbatore,642,56863,310
04-09-2020,madurai,488,35645,146
04-09-2020,trichy,359,20990,93
04-09-2020,total,4604,385360,868
03-09-2020,chennai,3069,265447,317
03-09-2020,coimbatore,632,55786,307
03-09-2020,madurai,482,35028,146
03-09-2020,trichy,352,20527,92
03-09-2020,total,4535,376788,862
02-09-2020,chennai,3026,259569,312
02-09-2020,coimbatore,619,54443,305
02-09-2020,madurai,475,34251,145
02-09-2020,trichy,347,20244,92
02-09-2020,total,4467,368507,854
01-09-2020,chennai,2982,253838,311
01-09-2020,coimbatore,612,53548,305
01-09-2020,madurai,469,33786,137
01-09-2020,trichy,342,19952,90
01-09-2020,total,4405,361124,843
31-08-2020,chennai,2942,248953,308
31-08-2020,coimbatore,603,52660,300
31-08-2020,madurai,461,33125,137
31-08-2020,trichy,336,19548,88
31-08-2020,total,4342,354286,833
30-08-2020,chennai,2904,244599,306
30-08-2020,coimbatore,592,51737,300
30-08-2020,madurai,454,32422,134
30-08-2020,trichy,331,19271,87
30-08-2020,total,4281,348029,827
29-08-2020,chennai,2861,239271,301
29-08-2020,coimbatore,586,50836,300
29-08-2020,madurai,448,31819,133
29-08-2020,trichy,326,18908,86
29-08-2020,total,4221,340834,820
28-08-2020,chennai,2820,234307,297
28-08-2020,coimbatore,583,49359,300
28-08-2020,madurai,441,31109,132
28-08-2020,trichy,320,18579,85
28-08-2020,total,4164,333354,814
27-08-2020,chennai,2784,230268,292
27-08-2020,coimbatore,581,48862,300
27-08-2020,madurai,435,30582,131
27-08-2020,trichy,315,18311,85
27-08-2020,total,4115,328023,808
26-08-2020,chennai,2742,225243,284
26-08-2020,coimbatore,579,47797,300
26-08-2020,madurai,428,29884,129
26-08-2020,trichy,310,17986,85
26-08-2020,total,4059,320910,798
23-08-2020,chennai,2621,211782,276
23-08-2020,coimbatore,525,45311,298
23-08-2020,madurai,408,28122,124
23-08-2020,trichy,294,17005,81
23-08-2020,total,3848,302220,779
22-08-2020,chennai,2580,207053,270
22-08-2020,coimbatore,517,44583,297
22-08-2020,madurai,402,27566,117
22-08-2020,trichy,289,16625,81
22-08-2020,total,3788,295827,765
21-08-2020,chennai,2542,202812,270
21-08-2020,coimbatore,509,43728,297
21-08-2020,madurai,394,26854,117
21-08-2020,trichy,283,16300,81
21-08-2020,total,3728,289694,765
19-08-2020,chennai,2465,194275,267
19-08-2020,coimbatore,495,42154,293
19-08-2020,madurai,381,25685,116
19-08-2020,trichy,273,15593,79
19-08-2020,total,3614,277707,755
18-08-2020,chennai,2428,190146,267
18-08-2020,coimbatore,489,41577,293
18-08-2020,madurai,375,25114,113
18-08-2020,trichy,268,15351,79
18-08-2020,total,3560,272188,752
16-08-2020,chennai,2350,181542,265
16-08-2020,coimbatore,472,39786,293
16-08-2020,madurai,362,24082,112
16-08-2020,trichy,257,14767,78
16-08-2020,total,3441,260177,748
15-08-2020,chennai,2314,178025,265
15-08-2020,coimbatore,466,39111,293
15-08-2020,madurai,356,23590,112
15-08-2020,trichy,252,14429,77
15-08-2020,total,3388,255155,747
14-08-2020,chennai,2275,173503,263
14-08-2020,coimbatore,458,38163,283
14-08-2020,madurai,350,23113,112
14-08-2020,trichy,246,14062,77
14-08-2020,total,3329,248841,735
13-08-2020,chennai,2239,169627,262
13-08-2020,coimbatore,452,37581,276
13-08-2020,madurai,344,22657,112
13-08-2020,trichy,241,13658,76
13-08-2020,total,3276,243523,726
11-08-2020,chennai,2170,161735,256
11-08-2020,coimbatore,438,36292,266
11-08-2020,madurai,334,21808,112
11-08-2020,trichy,231,13202,75
11-08-2020,total,3173,233037,709
10-08-2020,chennai,2134,157632,251
10-08-2020,coimbatore,429,35376,264
10-08-2020,madurai,328,21286,111
10-08-2020,trichy,226,12881,75
10-08-2020,total,3117,227175,701
09-08-2020,chennai,2100,154094,247
09-08-2020,coimbatore,424,34895,258
09-08-2020,madurai,323,20874,110
09-08-2020,trichy,222,12557,75
09-08-2020,total,3069,222420,690
08-08-2020,chennai,2065,150513,241
08-08-2020,coimbatore,417,34102,257
08-08-2020,madurai,318,20457,110
08-08-2020,trichy,217,12218,75
08-08-2020,total,3017,217290,683
07-08-2020,chennai,2035,147060,238
07-08-2020,coimbatore,408,33166,255
07-08-2020,madurai,312,19868,110
07-08-2020,trichy,213,12013,74
07-08-2020,total,2968,212107,677
06-08-2020,chennai,2003,143319,237
06-08-2020,coimbatore,402,32556,254
06-08-2020,madurai,307,19120,110
06-08-2020,trichy,208,11692,74
06-08-2020,total,2920,206687,675
05-08-2020,chennai,1974,139817,232
05-08-2020,coimbatore,396,32007,238
05-08-2020,madurai,302,19051,109
05-08-2020,trichy,205,11528,74
05-08-2020,total,2877,202403,653
04-08-2020,chennai,1948,136887,228
04-08-2020,coimbatore,389,31383,231
04-08-2020,madurai,297,18612,101
04-08-2020,trichy,200,11438,73
04-08-2020,total,2834,198320,633
03-08-2020,chennai,1919,133953,226
03-08-2020,coimbatore,380,30695,230
03-08-2020,madurai,291,18156,101
03-08-2020,trichy,195,11300,66
03-08-2020,total,2785,194104,623
02-08-2020,chennai,1891,131387,223
02-08-2020,coimbatore,370,30298,225
02-08-2020,madurai,286,17741,100
02-08-2020,trichy,191,11125,66
02-08-2020,total,2738,190551,614
01-08-2020,chennai,1861,128179,212
01-08-2020,coimbatore,364,29748,225
01-08-2020,madurai,282,17435,100
01-08-2020,trichy,187,10909,66
01-08-2020,total,2694,186271,603
31-07-2020,chennai,1831,125288,211
31-07-2020,coimbatore,357,29140,201
31-07-2020,madurai,276,17000,100
31-07-2020,trichy,183,10717,64
31-07-2020,total,2647,182145,576
30-07-2020,chennai,1802,122750,210
30-07-2020,coimbatore,352,28786,201
30-07-2020,madurai,271,16628,100
30-07-2020,trichy,178,10376,64
30-07-2020,total,2603,178540,575
29-07-2020,chennai,1774,120299,207
29-07-2020,coimbatore,344,28320,194
29-07-2020,madurai,265,16308,84
29-07-2020,trichy,174,10245,64
29-07-2020,total,2557,175172,549
28-07-2020,chennai,1747,118132,206
28-07-2020,coimbatore,339,28021,193
28-07-2020,madurai,260,15983,83
28-07-2020,trichy,172,9927,64
28-07-2020,total,2518,172063,546
26-07-2020,chennai,1688,112859,201
26-07-2020,coimbatore,323,27152,166
26-07-2020,madurai,249,15345,77
26-07-2020,trichy,165,9712,62
26-07-2020,total,2425,165068,506
25-07-2020,chennai,1656,109661,196
25-07-2020,coimbatore,318,26755,152
25-07-2020,madurai,245,15081,74
25-07-2020,trichy,160,9395,60
25-07-2020,total,2379,160892,482
24-07-2020,chennai,1630,107729,193
24-07-2020,coimbatore,309,26167,150
24-07-2020,madurai,239,14741,74
24-07-2020,trichy,151,9245,60
24-07-2020,total,2329,157882,477
23-07-2020,chennai,1601,105364,189
23-07-2020,coimbatore,302,25636,148
23-07-2020,madurai,234,14436,74
23-07-2020,trichy,147,8527,57
23-07-2020,total,2284,153963,468
14-12-2021,chennai,46318,4667701,448
14-12-2021,coimbatore,7242,792499,370
14-12-2021,madurai,4751,461573,159
14-12-2021,trichy,2332,137209,108
14-12-2021,total,60643,6058982,1085
15-12-2021,chennai,46447,4684206,448
15-12-2021,coimbatore,7262,795226,370
15-12-2021,madurai,4765,462857,159
15-12-2021,trichy,2337,137545,108
15-12-2021,total,60811,6079834,1085
16-12-2021,chennai,46574,4701590,448
16-12-2021,coimbatore,7281,798029,370
16-12-2021,madurai,4777,464080,159
16-12-2021,trichy,2342,137857,108
16-12-2021,total,60974,6101556,1085
17-12-2021,chennai,46703,4718551,448
17-12-2021,coimbatore,7301,800642,370
17-12-2021,madurai,4790,465365,159
17-12-2021,trichy,2347,138147,108
17-12-2021,total,61141,6122705,1085
20-12-2021,chennai,47093,4770712,448
20-12-2021,coimbatore,7367,810095,370
20-12-2021,madurai,4830,469332,159
20-12-2021,trichy,2362,139217,108
20-12-2021,total,61652,6189356,1085
19-12-2021,chennai,47093,4770712,448
19-12-2021,coimbatore,7367,810095,370
19-12-2021,madurai,4830,469332,159
19-12-2021,trichy,2362,139217,108
19-12-2021,total,61652,6189356,1085
18-12-2021,chennai,46829,4735007,448
18-12-2021,coimbatore,7323,803725,370
18-12-2021,madurai,4803,466638,159
18-12-2021,trichy,2352,138474,108
18-12-2021,total,61307,6143844,1085
21-12-2021,chennai,47221,4787507,448
21-12-2021,coimbatore,7389,813160,370
21-12-2021,madurai,4843,470625,159
21-12-2021,trichy,2367,139543,109
21-12-2021,total,61820,6210835,1086
22-12-2021,chennai,47348,4803335,448
22-12-2021,coimbatore,7410,816147,370
22-12-2021,madurai,4857,472131,159
22-12-2021,trichy,2372,139869,109
22-12-2021,total,61987,6231482,1086
23-12-2021,chennai,47479,4819929,448
23-12-2021,coimbatore,7432,819323,370
23-12-2021,madurai,4870,473483,159
23-12-2021,trichy,2377,140211,109
23-12-2021,total,62158,6252946,1086
24-12-2021,chennai,47613,4837545,448
24-12-2021,coimbatore,7454,822763,370
24-12-2021,madurai,4883,474887,159
24-12-2021,trichy,2382,140611,109
24-12-2021,total,62332,6275806,1086
25-12-2021,chennai,47745,4854799,448
25-12-2021,coimbatore,7477,826349,370
25-12-2021,madurai,4896,476066,159
25-12-2021,trichy,2387,141048,109
25-12-2021,total,62505,6298262,1086
26-12-2021,chennai,47880,4872055,448
26-12-2021,coimbatore,7498,829911,370
26-12-2021,madurai,4910,477570,159
26-12-2021,trichy,2392,141468,109
26-12-2021,total,62680,6321004,1086
27-12-2021,chennai,48014,4890181,448
27-12-2021,coimbatore,7517,832737,370
27-12-2021,madurai,4923,478747,159
27-12-2021,trichy,2397,141826,108
27-12-2021,total,62851,6343491,1085
28-12-2021,chennai,48143,4907424,449
28-12-2021,coimbatore,7539,835985,370
28-12-2021,madurai,4936,479968,159
28-12-2021,trichy,2402,142150,108
28-12-2021,total,63020,6365527,1086
29-12-2021,chennai,48277,4923638,449
29-12-2021,coimbatore,7562,838911,370
29-12-2021,madurai,4949,481224,159
29-12-2021,trichy,2407,142468,108
29-12-2021,total,63195,6386241,1086
30-12-2021,chennai,48409,4939931,450
30-12-2021,coimbatore,7584,841962,370
30-12-2021,madurai,4962,482389,159
30-12-2021,trichy,2412,142746,108
30-12-2021,total,63367,6407028,1087
31-12-2021,chennai,48541,4955956,450
31-12-2021,coimbatore,7606,845012,370
31-12-2021,madurai,4975,483516,159
31-12-2021,trichy,2417,143064,108
31-12-2021,total,63539,6427548,1087
01-01-2022,chennai,48673,4970470,453
01-01-2022,coimbatore,7628,847639,370
01-01-2022,madurai,4988,484676,159
01-01-2022,trichy,2422,143452,108
01-01-2022,total,63711,6446237,1090
02-01-2022,chennai,48800,4983854,454
02-01-2022,coimbatore,7650,849738,370
02-01-2022,madurai,5001,485779,159
02-01-2022,trichy,2427,143785,108
02-01-2022,total,63878,6463156,1091
03-01-2022,chennai,48935,5001459,454
03-01-2022,coimbatore,7673,852424,370
03-01-2022,madurai,5014,486817,159
03-01-2022,trichy,2432,144055,108
03-01-2022,total,64054,6484755,1091
04-01-2022,chennai,49071,5018073,455
04-01-2022,coimbatore,7695,854725,370
04-01-2022,madurai,5027,488013,159
04-01-2022,trichy,2437,144299,111
04-01-2022,total,64230,6505110,1095
05-01-2022,chennai,49203,5032261,455
05-01-2022,coimbatore,7718,857041,370
05-01-2022,madurai,5041,489135,159
05-01-2022,trichy,2442,144564,111
05-01-2022,total,64404,6523001,1095
